dataset,seed,method,metric,value
Simulated,0,BTYD,brier,0.058846499999999996
Simulated,0,BTYD,ece,0.023588888888888895
Simulated,0,ML,brier,0.08319736030359154
Simulated,0,ML,ece,0.05608715142916764
Simulated,1,BTYD,brier,0.06888966666666668
Simulated,1,BTYD,ece,0.023177777777777787
Simulated,1,ML,brier,0.08113536618050841
Simulated,1,ML,ece,0.04509105833795228
Simulated,2,BTYD,brier,0.07325961111111111
Simulated,2,BTYD,ece,0.034011111111111124
Simulated,2,ML,brier,0.0783589180000044
Simulated,2,ML,ece,0.0583654319679874
Simulated,3,BTYD,brier,0.0831035
Simulated,3,BTYD,ece,0.027744444444444454
Simulated,3,ML,brier,0.09869128097426419
Simulated,3,ML,ece,0.06139171805623547
Simulated,4,BTYD,brier,0.049575888888888885
Simulated,4,BTYD,ece,0.03988888888888889
Simulated,4,ML,brier,0.06106370971182211
Simulated,4,ML,ece,0.03735737191056171
Simulated,5,BTYD,brier,0.06204261111111112
Simulated,5,BTYD,ece,0.024988888888888876
Simulated,5,ML,brier,0.07765835675500672
Simulated,5,ML,ece,0.037294352316719064
Simulated,6,BTYD,brier,0.0698655
Simulated,6,BTYD,ece,0.029833333333333333
Simulated,6,ML,brier,0.0791998079177342
Simulated,6,ML,ece,0.04608672243398545
Simulated,7,BTYD,brier,0.051094888888888884
Simulated,7,BTYD,ece,0.032044444444444445
Simulated,7,ML,brier,0.0586081999553936
Simulated,7,ML,ece,0.021023343398277695
Simulated,8,BTYD,brier,0.06455972222222223
Simulated,8,BTYD,ece,0.02447777777777779
Simulated,8,ML,brier,0.08415340555416297
Simulated,8,ML,ece,0.0561362706087332
Simulated,9,BTYD,brier,0.06485127777777779
Simulated,9,BTYD,ece,0.02843333333333332
Simulated,9,ML,brier,0.07641329259737947
Simulated,9,ML,ece,0.03562357947221835
Simulated,10,BTYD,brier,0.05291283333333333
Simulated,10,BTYD,ece,0.01952222222222222
Simulated,10,ML,brier,0.06058130346070497
Simulated,10,ML,ece,0.036155436270776345
Simulated,11,BTYD,brier,0.07077944444444445
Simulated,11,BTYD,ece,0.025888888888888892
Simulated,11,ML,brier,0.08243189270889445
Simulated,11,ML,ece,0.06236245753746937
Simulated,12,BTYD,brier,0.071127
Simulated,12,BTYD,ece,0.021822222222222215
Simulated,12,ML,brier,0.09355348210708327
Simulated,12,ML,ece,0.05389882726370635
Simulated,13,BTYD,brier,0.06722211111111111
Simulated,13,BTYD,ece,0.031911111111111105
Simulated,13,ML,brier,0.07993187067363017
Simulated,13,ML,ece,0.05544165025968752
Simulated,14,BTYD,brier,0.05672744444444444
Simulated,14,BTYD,ece,0.01491111111111112
Simulated,14,ML,brier,0.07066229837561155
Simulated,14,ML,ece,0.043431363793034854
CDNow,0,BTYD,brier,0.13855074257425742
CDNow,0,BTYD,ece,0.061181046676096175
CDNow,0,ML,brier,0.14017700213769874
CDNow,0,ML,ece,0.033593786846503326
CDNow,1,BTYD,brier,0.1362817538896747
CDNow,1,BTYD,ece,0.056562942008486584
CDNow,1,ML,brier,0.15043052790439934
CDNow,1,ML,ece,0.06430220667801465
CDNow,2,BTYD,brier,0.1414099717114569
CDNow,2,BTYD,ece,0.05681753889674682
CDNow,2,ML,brier,0.1475945135993653
CDNow,2,ML,ece,0.04638396636565341
CDNow,3,BTYD,brier,0.15504756011315418
CDNow,3,BTYD,ece,0.08801272984441302
CDNow,3,ML,brier,0.15537988911046285
CDNow,3,ML,ece,0.051594530221073645
CDNow,4,BTYD,brier,0.13515583451202265
CDNow,4,BTYD,ece,0.05156294200848656
CDNow,4,ML,brier,0.14804553531709044
CDNow,4,ML,ece,0.050709310488071244
CDNow,5,BTYD,brier,0.14514908062234796
CDNow,5,BTYD,ece,0.06014144271570012
CDNow,5,ML,brier,0.15347644499510954
CDNow,5,ML,ece,0.055813090056386704
CDNow,6,BTYD,brier,0.14451937765205092
CDNow,6,BTYD,ece,0.07479490806223481
CDNow,6,ML,brier,0.14572431423964166
CDNow,6,ML,ece,0.048871868333583944
CDNow,7,BTYD,brier,0.1558234441301273
CDNow,7,BTYD,ece,0.08260961810466758
CDNow,7,ML,brier,0.16150684841533225
CDNow,7,ML,ece,0.06190437024387996
CDNow,8,BTYD,brier,0.15245314710042435
CDNow,8,BTYD,ece,0.08574964639321075
CDNow,8,ML,brier,0.1528275530975474
CDNow,8,ML,ece,0.049181295465560604
CDNow,9,BTYD,brier,0.14559579207920792
CDNow,9,BTYD,ece,0.06954031117397452
CDNow,9,ML,brier,0.14892879316266192
CDNow,9,ML,ece,0.04266278109759094
CDNow,10,BTYD,brier,0.15544964639321077
CDNow,10,BTYD,ece,0.07974540311173975
CDNow,10,ML,brier,0.16706879308971048
CDNow,10,ML,ece,0.07438914570441076
CDNow,11,BTYD,brier,0.17211227015558697
CDNow,11,BTYD,ece,0.11331683168316829
CDNow,11,ML,brier,0.17081280029673745
CDNow,11,ML,ece,0.07350782883083153
CDNow,12,BTYD,brier,0.1435060820367751
CDNow,12,BTYD,ece,0.06777934936350778
CDNow,12,ML,brier,0.14327755010222445
CDNow,12,ML,ece,0.03845737036105108
CDNow,13,BTYD,brier,0.1585652404526167
CDNow,13,BTYD,ece,0.07610325318246111
CDNow,13,ML,brier,0.15905033140881727
CDNow,13,ML,ece,0.06106390720765001
CDNow,14,BTYD,brier,0.1501156647807638
CDNow,14,BTYD,ece,0.06938472418670437
CDNow,14,ML,brier,0.1628393941202223
CDNow,14,ML,ece,0.06464571256904583
Grocery,0,BTYD,brier,0.1031257096069869
Grocery,0,BTYD,ece,0.03151746724890828
Grocery,0,ML,brier,0.1164515212906935
Grocery,0,ML,ece,0.08535297628161749
Grocery,1,BTYD,brier,0.10005944323144104
Grocery,1,BTYD,ece,0.033417030567685586
Grocery,1,ML,brier,0.11874398937756381
Grocery,1,ML,ece,0.060122412632366236
Grocery,2,BTYD,brier,0.09859077510917029
Grocery,2,BTYD,ece,0.03149563318777293
Grocery,2,ML,brier,0.10545577575979917
Grocery,2,ML,ece,0.04304854318046035
Grocery,3,BTYD,brier,0.09787276200873363
Grocery,3,BTYD,ece,0.039923580786026217
Grocery,3,ML,brier,0.12262273408639249
Grocery,3,ML,ece,0.05193209035469625
Grocery,4,BTYD,brier,0.10176435589519651
Grocery,4,BTYD,ece,0.040906113537117914
Grocery,4,ML,brier,0.11302592717140304
Grocery,4,ML,ece,0.06774811334775965
Grocery,5,BTYD,brier,0.09561959606986899
Grocery,5,BTYD,ece,0.04682314410480348
Grocery,5,ML,brier,0.11724327058768816
Grocery,5,ML,ece,0.05675957350013388
Grocery,6,BTYD,brier,0.10280534934497818
Grocery,6,BTYD,ece,0.056353711790393037
Grocery,6,ML,brier,0.11359799814294129
Grocery,6,ML,ece,0.06648078633430504
Grocery,7,BTYD,brier,0.09281528384279476
Grocery,7,BTYD,ece,0.04578602620087335
Grocery,7,ML,brier,0.1112314340335028
Grocery,7,ML,ece,0.06199557278261468
Grocery,8,BTYD,brier,0.10618646288209607
Grocery,8,BTYD,ece,0.0589301310043668
Grocery,8,ML,brier,0.11616165663794531
Grocery,8,ML,ece,0.06789369700511054
Grocery,9,BTYD,brier,0.11225409388646287
Grocery,9,BTYD,ece,0.05308951965065502
Grocery,9,ML,brier,0.1338461121946156
Grocery,9,ML,ece,0.07078293051870782
Grocery,10,BTYD,brier,0.07465594978165939
Grocery,10,BTYD,ece,0.038220524017467256
Grocery,10,ML,brier,0.08697186896750911
Grocery,10,ML,ece,0.03358399924122994
Grocery,11,BTYD,brier,0.10498460698689956
Grocery,11,BTYD,ece,0.062467248908296934
Grocery,11,ML,brier,0.11992347560326189
Grocery,11,ML,ece,0.07500797231746735
Grocery,12,BTYD,brier,0.10790207423580786
Grocery,12,BTYD,ece,0.04425764192139736
Grocery,12,ML,brier,0.1275666308843903
Grocery,12,ML,ece,0.07638068186242346
Grocery,13,BTYD,brier,0.10033990174672489
Grocery,13,BTYD,ece,0.02304585152838428
Grocery,13,ML,brier,0.11619602610504502
Grocery,13,ML,ece,0.06336630143098251
Grocery,14,BTYD,brier,0.10741244541484715
Grocery,14,BTYD,ece,0.038930131004366805
Grocery,14,ML,brier,0.12315953144435089
Grocery,14,ML,ece,0.07146999281655048
OnlineRetailII,0,BTYD,brier,0.22498460937499995
OnlineRetailII,0,BTYD,ece,0.16590624999999998
OnlineRetailII,0,ML,brier,0.20371235369378488
OnlineRetailII,0,ML,ece,0.05749791322721427
OnlineRetailII,1,BTYD,brier,0.22620464843750004
OnlineRetailII,1,BTYD,ece,0.17631249999999998
OnlineRetailII,1,ML,brier,0.20133204655031048
OnlineRetailII,1,ML,ece,0.04973810748644505
OnlineRetailII,2,BTYD,brier,0.23611501953124997
OnlineRetailII,2,BTYD,ece,0.19058203125
OnlineRetailII,2,ML,brier,0.19797191383064047
OnlineRetailII,2,ML,ece,0.06335061264194519
OnlineRetailII,3,BTYD,brier,0.23418888671875
OnlineRetailII,3,BTYD,ece,0.19253515625
OnlineRetailII,3,ML,brier,0.19455639383453543
OnlineRetailII,3,ML,ece,0.054998725522586396
OnlineRetailII,4,BTYD,brier,0.23866599609375
OnlineRetailII,4,BTYD,ece,0.19236328125000002
OnlineRetailII,4,ML,brier,0.20224654806172807
OnlineRetailII,4,ML,ece,0.057485545235345645
OnlineRetailII,5,BTYD,brier,0.22786798828125
OnlineRetailII,5,BTYD,ece,0.18855859375
OnlineRetailII,5,ML,brier,0.19033929168761704
OnlineRetailII,5,ML,ece,0.03959513958606252
OnlineRetailII,6,BTYD,brier,0.23000560546874999
OnlineRetailII,6,BTYD,ece,0.18949609375
OnlineRetailII,6,ML,brier,0.19677259135092834
OnlineRetailII,6,ML,ece,0.03752414065399209
OnlineRetailII,7,BTYD,brier,0.2319729296875
OnlineRetailII,7,BTYD,ece,0.1882343749999999
OnlineRetailII,7,ML,brier,0.20213120337221113
OnlineRetailII,7,ML,ece,0.059674561928176266
OnlineRetailII,8,BTYD,brier,0.23236248046875
OnlineRetailII,8,BTYD,ece,0.16889453125
OnlineRetailII,8,ML,brier,0.2057006628452272
OnlineRetailII,8,ML,ece,0.05982007539602528
OnlineRetailII,9,BTYD,brier,0.22706369140625
OnlineRetailII,9,BTYD,ece,0.20369140625
OnlineRetailII,9,ML,brier,0.18706602013770568
OnlineRetailII,9,ML,ece,0.035348193977875
OnlineRetailII,10,BTYD,brier,0.22578921875
OnlineRetailII,10,BTYD,ece,0.1727578125
OnlineRetailII,10,ML,brier,0.201069650962267
OnlineRetailII,10,ML,ece,0.05146914863027198
OnlineRetailII,11,BTYD,brier,0.2307967578125
OnlineRetailII,11,BTYD,ece,0.18646875
OnlineRetailII,11,ML,brier,0.19633448145294027
OnlineRetailII,11,ML,ece,0.06008823794856931
OnlineRetailII,12,BTYD,brier,0.23245113281250002
OnlineRetailII,12,BTYD,ece,0.18879687499999998
OnlineRetailII,12,ML,brier,0.19840284273835485
OnlineRetailII,12,ML,ece,0.05333143272765285
OnlineRetailII,13,BTYD,brier,0.2272089453125
OnlineRetailII,13,BTYD,ece,0.19424999999999998
OnlineRetailII,13,ML,brier,0.19583226074920482
OnlineRetailII,13,ML,ece,0.03987108062567386
OnlineRetailII,14,BTYD,brier,0.22875650390624996
OnlineRetailII,14,BTYD,ece,0.17923046874999998
OnlineRetailII,14,ML,brier,0.1969680511261558
OnlineRetailII,14,ML,ece,0.05225465923013907
Olist,0,BTYD,brier,0.015496120371736246
Olist,0,BTYD,ece,0.006750258150169642
Olist,0,ML,brier,0.015467552213437914
Olist,0,ML,ece,0.00032714304251789405
Olist,1,BTYD,brier,0.015248167133795546
Olist,1,BTYD,ece,0.006243546245758961
Olist,1,ML,brier,0.015199641897129993
Olist,1,ML,ece,0.0006054261072921605
Olist,2,BTYD,brier,0.01740667133795545
Olist,2,BTYD,ece,0.008313173034370852
Olist,2,ML,brier,0.01735877860847046
Olist,2,ML,ece,0.002446806694943496
Olist,3,BTYD,brier,0.014907895707331465
Olist,3,BTYD,ece,0.005054580321581352
Olist,3,ML,brier,0.014845899878898578
Olist,3,ML,ece,0.0014797936632236863
Olist,4,BTYD,brier,0.015229340610709545
Olist,4,BTYD,ece,0.00617052662634607
Olist,4,ML,brier,0.015222451779095968
Olist,4,ML,ece,0.0005871587709420263
Olist,5,BTYD,brier,0.01276427201652161
Olist,5,BTYD,ece,0.0027054137778433403
Olist,5,ML,brier,0.012821480721886989
Olist,5,ML,ece,0.004103320939530024
Olist,6,BTYD,brier,0.015912450213895854
Olist,6,BTYD,ece,0.005943354477061513
Olist,6,ML,brier,0.01583293183958082
Olist,6,ML,ece,0.0005387059337115029
Olist,7,BTYD,brier,0.013827828588287358
Olist,7,BTYD,ece,0.003494615725033192
Olist,7,ML,brier,0.01380640903083736
Olist,7,ML,ece,0.002784603480104437
Olist,8,BTYD,brier,0.017131007523233512
Olist,8,BTYD,ece,0.00701430889511727
Olist,8,ML,brier,0.017113828774618575
Olist,8,ML,ece,0.002137595566707185
Olist,9,BTYD,brier,0.0162790935241186
Olist,9,BTYD,ece,0.005904263165658654
Olist,9,ML,brier,0.016249783168884972
Olist,9,ML,ece,0.0011380225948926857
Olist,10,BTYD,brier,0.015816824015341496
Olist,10,BTYD,ece,0.006459654816344594
Olist,10,ML,brier,0.015767717517624798
Olist,10,ML,ece,0.00033484169882971616
Olist,11,BTYD,brier,0.01559283817672223
Olist,11,BTYD,ece,0.0063608201799675475
Olist,11,ML,brier,0.015499762035118523
Olist,11,ML,ece,0.0002201853245574481
Olist,12,BTYD,brier,0.015305531789349463
Olist,12,BTYD,ece,0.005089246201504647
Olist,12,ML,brier,0.01523737815476972
Olist,12,ML,ece,0.0006605930542361886
Olist,13,BTYD,brier,0.013809145891724443
Olist,13,BTYD,ece,0.0033485764862074044
Olist,13,ML,brier,0.013804933574019379
Olist,13,ML,ece,0.0028140696758873363
Olist,14,BTYD,brier,0.016036030387962828
Olist,14,BTYD,ece,0.007009883463637704
Olist,14,ML,brier,0.015966562226760368
Olist,14,ML,ece,0.0008237503098872216
Dunnhumby,0,BTYD,brier,0.05202643524699599
Dunnhumby,0,BTYD,ece,0.05651535380507342
Dunnhumby,0,ML,brier,0.02256260681094996
Dunnhumby,0,ML,ece,0.013523849020240024
Dunnhumby,1,BTYD,brier,0.05353494659546062
Dunnhumby,1,BTYD,ece,0.04326435246995982
Dunnhumby,1,ML,brier,0.04257259159921442
Dunnhumby,1,ML,ece,0.03557293357930032
Dunnhumby,2,BTYD,brier,0.056083611481975965
Dunnhumby,2,BTYD,ece,0.048671562082777044
Dunnhumby,2,ML,brier,0.033455187305123285
Dunnhumby,2,ML,ece,0.02502655788507759
Dunnhumby,3,BTYD,brier,0.06720804405874499
Dunnhumby,3,BTYD,ece,0.055694259012016065
Dunnhumby,3,ML,brier,0.040862838574131116
Dunnhumby,3,ML,ece,0.03251154138658523
Dunnhumby,4,BTYD,brier,0.05882556742323097
Dunnhumby,4,BTYD,ece,0.06743658210947921
Dunnhumby,4,ML,brier,0.030277965999403477
Dunnhumby,4,ML,ece,0.027365764125647174
Dunnhumby,5,BTYD,brier,0.06209402536715621
Dunnhumby,5,BTYD,ece,0.056081441922563355
Dunnhumby,5,ML,brier,0.04231913290410727
Dunnhumby,5,ML,ece,0.03946969611886798
Dunnhumby,6,BTYD,brier,0.051457176234979966
Dunnhumby,6,BTYD,ece,0.05031375166889179
Dunnhumby,6,ML,brier,0.02681868978159253
Dunnhumby,6,ML,ece,0.021171306758795763
Dunnhumby,7,BTYD,brier,0.06169472630173565
Dunnhumby,7,BTYD,ece,0.05166889185580766
Dunnhumby,7,ML,brier,0.03390552591203262
Dunnhumby,7,ML,ece,0.02401578624285401
Dunnhumby,8,BTYD,brier,0.05260734312416555
Dunnhumby,8,BTYD,ece,0.04076101468624835
Dunnhumby,8,ML,brier,0.0326899622840949
Dunnhumby,8,ML,ece,0.02623087269873315
Dunnhumby,9,BTYD,brier,0.04899495994659545
Dunnhumby,9,BTYD,ece,0.053157543391188264
Dunnhumby,9,ML,brier,0.027371410572054007
Dunnhumby,9,ML,ece,0.02334627412454967
Dunnhumby,10,BTYD,brier,0.04672510013351135
Dunnhumby,10,BTYD,ece,0.04987983978638182
Dunnhumby,10,ML,brier,0.032205175168353375
Dunnhumby,10,ML,ece,0.025436006757035744
Dunnhumby,11,BTYD,brier,0.05579372496662217
Dunnhumby,11,BTYD,ece,0.05120160213618158
Dunnhumby,11,ML,brier,0.03588115159862301
Dunnhumby,11,ML,ece,0.02809335941848915
Dunnhumby,12,BTYD,brier,0.05100811081441923
Dunnhumby,12,BTYD,ece,0.048004005340453876
Dunnhumby,12,ML,brier,0.02923936202993214
Dunnhumby,12,ML,ece,0.018901470149573652
Dunnhumby,13,BTYD,brier,0.06077843791722296
Dunnhumby,13,BTYD,ece,0.05379172229639514
Dunnhumby,13,ML,brier,0.0344226671122744
Dunnhumby,13,ML,ece,0.026698138361426985
Dunnhumby,14,BTYD,brier,0.062132676902536724
Dunnhumby,14,BTYD,ece,0.050874499332443285
Dunnhumby,14,ML,brier,0.039752310770513034
Dunnhumby,14,ML,ece,0.030154150283894773
Ta-Feng,0,BTYD,brier,0.2135275755796889
Ta-Feng,0,BTYD,ece,0.09059142941003814
Ta-Feng,0,ML,brier,0.19824481181567702
Ta-Feng,0,ML,ece,0.007462419867365988
Ta-Feng,1,BTYD,brier,0.2107039771059583
Ta-Feng,1,BTYD,ece,0.07421631934253003
Ta-Feng,1,ML,brier,0.1981386780586792
Ta-Feng,1,ML,ece,0.01399479604804078
Ta-Feng,2,BTYD,brier,0.2129656222483123
Ta-Feng,2,BTYD,ece,0.08038743762841209
Ta-Feng,2,ML,brier,0.20015796440070605
Ta-Feng,2,ML,ece,0.013600635249753535
Ta-Feng,3,BTYD,brier,0.21262594291165252
Ta-Feng,3,BTYD,ece,0.0765079248605812
Ta-Feng,3,ML,brier,0.20128681222897774
Ta-Feng,3,ML,ece,0.010726194858049895
Ta-Feng,4,BTYD,brier,0.20967394702083947
Ta-Feng,4,BTYD,ece,0.0837078074552392
Ta-Feng,4,ML,brier,0.19714513957309368
Ta-Feng,4,ML,ece,0.014475554970784447
Ta-Feng,5,BTYD,brier,0.21188357425887877
Ta-Feng,5,BTYD,ece,0.08918623422365718
Ta-Feng,5,ML,brier,0.19772230913674574
Ta-Feng,5,ML,ece,0.008499792985010256
Ta-Feng,6,BTYD,brier,0.21479288597006166
Ta-Feng,6,BTYD,ece,0.0906449955972997
Ta-Feng,6,ML,brier,0.1997430742452133
Ta-Feng,6,ML,ece,0.016427524747463014
Ta-Feng,7,BTYD,brier,0.21407090181978278
Ta-Feng,7,BTYD,ece,0.09538963897857351
Ta-Feng,7,ML,brier,0.1997983819269682
Ta-Feng,7,ML,ece,0.014686170324864441
Ta-Feng,8,BTYD,brier,0.21167809656589376
Ta-Feng,8,BTYD,ece,0.08003815673613145
Ta-Feng,8,ML,brier,0.19845990737962105
Ta-Feng,8,ML,ece,0.009852695778121343
Ta-Feng,9,BTYD,brier,0.2136389308776049
Ta-Feng,9,BTYD,ece,0.08632447901379514
Ta-Feng,9,ML,brier,0.19987399039651324
Ta-Feng,9,ML,ece,0.00775916159201921
Ta-Feng,10,BTYD,brier,0.21067116231288524
Ta-Feng,10,BTYD,ece,0.0851379512767831
Ta-Feng,10,ML,brier,0.19744282331019503
Ta-Feng,10,ML,ece,0.016549832164395303
Ta-Feng,11,BTYD,brier,0.20962381493982976
Ta-Feng,11,BTYD,ece,0.08896022894041677
Ta-Feng,11,ML,brier,0.19636583319045134
Ta-Feng,11,ML,ece,0.011398549637909365
Ta-Feng,12,BTYD,brier,0.21200662606398593
Ta-Feng,12,BTYD,ece,0.08245523921338418
Ta-Feng,12,ML,brier,0.19950376972536468
Ta-Feng,12,ML,ece,0.016148214526639098
Ta-Feng,13,BTYD,brier,0.21146327781039037
Ta-Feng,13,BTYD,ece,0.08455312591722922
Ta-Feng,13,ML,brier,0.19882549618970402
Ta-Feng,13,ML,ece,0.003536313332044681
Ta-Feng,14,BTYD,brier,0.21282167596125623
Ta-Feng,14,BTYD,ece,0.0914484884062225
Ta-Feng,14,ML,brier,0.19785539920587852
Ta-Feng,14,ML,ece,0.02535343498880053
