dataset,seed,method,cond,metric,value
OnlineRetailII,0,BTYD+GG,all,CRPS,365.3181567131651
OnlineRetailII,0,BTYD+GG,all,pit_ks,0.23093750000000002
OnlineRetailII,0,BTYD+GG,all,cov95,0.98125
OnlineRetailII,0,BTYD+GG,all,nMAE,0.8573022722047889
OnlineRetailII,0,BTYD+GG,x>0,CRPS,489.2180710394865
OnlineRetailII,0,BTYD+GG,x>0,pit_ks,0.24451338199513378
OnlineRetailII,0,BTYD+GG,x>0,cov95,0.9720194647201946
OnlineRetailII,0,BTYD+GG,x>0,nMAE,0.8081846205026574
OnlineRetailII,0,ZILN,all,CRPS,423.8284994313817
OnlineRetailII,0,ZILN,all,pit_ks,0.028281250000000036
OnlineRetailII,0,ZILN,all,cov95,0.9765625
OnlineRetailII,0,ZILN,all,nMAE,0.9824564212934406
OnlineRetailII,0,ZILN,x>0,CRPS,609.0176371293229
OnlineRetailII,0,ZILN,x>0,pit_ks,0.03360705596107061
OnlineRetailII,0,ZILN,x>0,cov95,0.9720194647201946
OnlineRetailII,0,ZILN,x>0,nMAE,0.9812340105147841
OnlineRetailII,1,BTYD+GG,all,CRPS,409.01633607756634
OnlineRetailII,1,BTYD+GG,all,pit_ks,0.21312499999999995
OnlineRetailII,1,BTYD+GG,all,cov95,0.98203125
OnlineRetailII,1,BTYD+GG,all,nMAE,0.6773910948200703
OnlineRetailII,1,BTYD+GG,x>0,CRPS,559.9338256694821
OnlineRetailII,1,BTYD+GG,x>0,pit_ks,0.2195588235294118
OnlineRetailII,1,BTYD+GG,x>0,cov95,0.9742647058823529
OnlineRetailII,1,BTYD+GG,x>0,nMAE,0.6328906403673608
OnlineRetailII,1,ZILN,all,CRPS,844.4840737821875
OnlineRetailII,1,ZILN,all,pit_ks,0.021338582670958367
OnlineRetailII,1,ZILN,all,cov95,0.97421875
OnlineRetailII,1,ZILN,all,nMAE,1.6551064684387293
OnlineRetailII,1,ZILN,x>0,CRPS,1272.5263669737408
OnlineRetailII,1,ZILN,x>0,pit_ks,0.029705882352941138
OnlineRetailII,1,ZILN,x>0,cov95,0.9681372549019608
OnlineRetailII,1,ZILN,x>0,nMAE,1.6875868375306946
OnlineRetailII,2,BTYD+GG,all,CRPS,379.4500616157603
OnlineRetailII,2,BTYD+GG,all,pit_ks,0.2143364742092161
OnlineRetailII,2,BTYD+GG,all,cov95,0.98125
OnlineRetailII,2,BTYD+GG,all,nMAE,0.8316540983344118
OnlineRetailII,2,BTYD+GG,x>0,CRPS,497.76940312881146
OnlineRetailII,2,BTYD+GG,x>0,pit_ks,0.22798442388669043
OnlineRetailII,2,BTYD+GG,x>0,cov95,0.9731051344743277
OnlineRetailII,2,BTYD+GG,x>0,nMAE,0.777411751578934
OnlineRetailII,2,ZILN,all,CRPS,364.3895384781922
OnlineRetailII,2,ZILN,all,pit_ks,0.03109374999999992
OnlineRetailII,2,ZILN,all,cov95,0.9640625
OnlineRetailII,2,ZILN,all,nMAE,0.7998911496609515
OnlineRetailII,2,ZILN,x>0,CRPS,503.1601493122713
OnlineRetailII,2,ZILN,x>0,pit_ks,0.04174205378973106
OnlineRetailII,2,ZILN,x>0,cov95,0.960880195599022
OnlineRetailII,2,ZILN,x>0,nMAE,0.7827802876039528
OnlineRetailII,3,BTYD+GG,all,CRPS,359.6195812034408
OnlineRetailII,3,BTYD+GG,all,pit_ks,0.22468750000000004
OnlineRetailII,3,BTYD+GG,all,cov95,0.97890625
OnlineRetailII,3,BTYD+GG,all,nMAE,0.8386007406253775
OnlineRetailII,3,BTYD+GG,x>0,CRPS,470.1648977886349
OnlineRetailII,3,BTYD+GG,x>0,pit_ks,0.23423444976076557
OnlineRetailII,3,BTYD+GG,x>0,cov95,0.9736842105263158
OnlineRetailII,3,BTYD+GG,x>0,nMAE,0.7895670865502259
OnlineRetailII,3,ZILN,all,CRPS,300.56375635769365
OnlineRetailII,3,ZILN,all,pit_ks,0.02609374999999997
OnlineRetailII,3,ZILN,all,cov95,0.97578125
OnlineRetailII,3,ZILN,all,nMAE,0.6867149261229573
OnlineRetailII,3,ZILN,x>0,CRPS,404.03313033525654
OnlineRetailII,3,ZILN,x>0,pit_ks,0.042562027125373436
OnlineRetailII,3,ZILN,x>0,cov95,0.9808612440191388
OnlineRetailII,3,ZILN,x>0,nMAE,0.6621848388484187
OnlineRetailII,4,BTYD+GG,all,CRPS,406.0559868727576
OnlineRetailII,4,BTYD+GG,all,pit_ks,0.20455430221118326
OnlineRetailII,4,BTYD+GG,all,cov95,0.978125
OnlineRetailII,4,BTYD+GG,all,nMAE,0.8176444014800874
OnlineRetailII,4,BTYD+GG,x>0,CRPS,532.5484657893636
OnlineRetailII,4,BTYD+GG,x>0,pit_ks,0.2056845965770171
OnlineRetailII,4,BTYD+GG,x>0,cov95,0.969437652811736
OnlineRetailII,4,BTYD+GG,x>0,nMAE,0.7637293646460479
OnlineRetailII,4,ZILN,all,CRPS,475.1746322318713
OnlineRetailII,4,ZILN,all,pit_ks,0.032187500000000036
OnlineRetailII,4,ZILN,all,cov95,0.9671875
OnlineRetailII,4,ZILN,all,nMAE,0.9605862871483335
OnlineRetailII,4,ZILN,x>0,CRPS,667.9079401220131
OnlineRetailII,4,ZILN,x>0,pit_ks,0.0423533007334963
OnlineRetailII,4,ZILN,x>0,cov95,0.9645476772616137
OnlineRetailII,4,ZILN,x>0,nMAE,0.9570772222299716
OnlineRetailII,5,BTYD+GG,all,CRPS,478.0411141739909
OnlineRetailII,5,BTYD+GG,all,pit_ks,0.21375641742797902
OnlineRetailII,5,BTYD+GG,all,cov95,0.97890625
OnlineRetailII,5,BTYD+GG,all,nMAE,0.8217730352719148
OnlineRetailII,5,BTYD+GG,x>0,CRPS,646.8889107047198
OnlineRetailII,5,BTYD+GG,x>0,pit_ks,0.22077639751552797
OnlineRetailII,5,BTYD+GG,x>0,cov95,0.9739130434782609
OnlineRetailII,5,BTYD+GG,x>0,nMAE,0.7719059487900777
OnlineRetailII,5,ZILN,all,CRPS,514.0706882347847
OnlineRetailII,5,ZILN,all,pit_ks,0.0201399583951965
OnlineRetailII,5,ZILN,all,cov95,0.96171875
OnlineRetailII,5,ZILN,all,nMAE,0.8254618772919727
OnlineRetailII,5,ZILN,x>0,CRPS,731.876055431858
OnlineRetailII,5,ZILN,x>0,pit_ks,0.018291925465838466
OnlineRetailII,5,ZILN,x>0,cov95,0.9652173913043478
OnlineRetailII,5,ZILN,x>0,nMAE,0.8104060474912229
OnlineRetailII,6,BTYD+GG,all,CRPS,384.80023975187544
OnlineRetailII,6,BTYD+GG,all,pit_ks,0.2109375
OnlineRetailII,6,BTYD+GG,all,cov95,0.98046875
OnlineRetailII,6,BTYD+GG,all,nMAE,0.811138256599562
OnlineRetailII,6,BTYD+GG,x>0,CRPS,509.47350729983424
OnlineRetailII,6,BTYD+GG,x>0,pit_ks,0.21815950920245397
OnlineRetailII,6,BTYD+GG,x>0,cov95,0.9693251533742331
OnlineRetailII,6,BTYD+GG,x>0,nMAE,0.7565627666358793
OnlineRetailII,6,ZILN,all,CRPS,572.8697217486982
OnlineRetailII,6,ZILN,all,pit_ks,0.03185159371839186
OnlineRetailII,6,ZILN,all,cov95,0.9609375
OnlineRetailII,6,ZILN,all,nMAE,1.3809283849706988
OnlineRetailII,6,ZILN,x>0,CRPS,828.8873184204533
OnlineRetailII,6,ZILN,x>0,pit_ks,0.028435582822085914
OnlineRetailII,6,ZILN,x>0,cov95,0.9631901840490797
OnlineRetailII,6,ZILN,x>0,nMAE,1.4142023341683903
OnlineRetailII,7,BTYD+GG,all,CRPS,365.50425805720295
OnlineRetailII,7,BTYD+GG,all,pit_ks,0.21984374999999995
OnlineRetailII,7,BTYD+GG,all,cov95,0.98125
OnlineRetailII,7,BTYD+GG,all,nMAE,0.8590830781853878
OnlineRetailII,7,BTYD+GG,x>0,CRPS,476.8001599162933
OnlineRetailII,7,BTYD+GG,x>0,pit_ks,0.23634730538922155
OnlineRetailII,7,BTYD+GG,x>0,cov95,0.9736526946107784
OnlineRetailII,7,BTYD+GG,x>0,nMAE,0.8032831858166402
OnlineRetailII,7,ZILN,all,CRPS,331.6690678001392
OnlineRetailII,7,ZILN,all,pit_ks,0.03046874999999999
OnlineRetailII,7,ZILN,all,cov95,0.97734375
OnlineRetailII,7,ZILN,all,nMAE,0.7634944437736728
OnlineRetailII,7,ZILN,x>0,CRPS,454.28574425250173
OnlineRetailII,7,ZILN,x>0,pit_ks,0.039482513640518524
OnlineRetailII,7,ZILN,x>0,cov95,0.9760479041916168
OnlineRetailII,7,ZILN,x>0,nMAE,0.7462488750056189
OnlineRetailII,8,BTYD+GG,all,CRPS,404.8552785429648
OnlineRetailII,8,BTYD+GG,all,pit_ks,0.19640625
OnlineRetailII,8,BTYD+GG,all,cov95,0.98203125
OnlineRetailII,8,BTYD+GG,all,nMAE,0.7034846175914112
OnlineRetailII,8,BTYD+GG,x>0,CRPS,531.4106108724532
OnlineRetailII,8,BTYD+GG,x>0,pit_ks,0.22310012062726176
OnlineRetailII,8,BTYD+GG,x>0,cov95,0.9746682750301568
OnlineRetailII,8,BTYD+GG,x>0,nMAE,0.6570579424239649
OnlineRetailII,8,ZILN,all,CRPS,534.0170711136063
OnlineRetailII,8,ZILN,all,pit_ks,0.02546875000000004
OnlineRetailII,8,ZILN,all,cov95,0.965625
OnlineRetailII,8,ZILN,all,nMAE,0.9033058853289867
OnlineRetailII,8,ZILN,x>0,CRPS,752.9352455623967
OnlineRetailII,8,ZILN,x>0,pit_ks,0.01635705669481302
OnlineRetailII,8,ZILN,x>0,cov95,0.9674306393244874
OnlineRetailII,8,ZILN,x>0,nMAE,0.896245826285459
OnlineRetailII,9,BTYD+GG,all,CRPS,383.4528446834887
OnlineRetailII,9,BTYD+GG,all,pit_ks,0.19812499999999994
OnlineRetailII,9,BTYD+GG,all,cov95,0.9828125
OnlineRetailII,9,BTYD+GG,all,nMAE,0.8051938336397686
OnlineRetailII,9,BTYD+GG,x>0,CRPS,514.1419178949589
OnlineRetailII,9,BTYD+GG,x>0,pit_ks,0.20553921568627448
OnlineRetailII,9,BTYD+GG,x>0,cov95,0.9754901960784313
OnlineRetailII,9,BTYD+GG,x>0,nMAE,0.7585562160015272
OnlineRetailII,9,ZILN,all,CRPS,404.1765473122283
OnlineRetailII,9,ZILN,all,pit_ks,0.03718750000000004
OnlineRetailII,9,ZILN,all,cov95,0.96953125
OnlineRetailII,9,ZILN,all,nMAE,0.8141054314845251
OnlineRetailII,9,ZILN,x>0,CRPS,570.1584599629404
OnlineRetailII,9,ZILN,x>0,pit_ks,0.031149573978591805
OnlineRetailII,9,ZILN,x>0,cov95,0.9742647058823529
OnlineRetailII,9,ZILN,x>0,nMAE,0.7994977018939444
OnlineRetailII,10,BTYD+GG,all,CRPS,411.4649635615571
OnlineRetailII,10,BTYD+GG,all,pit_ks,0.20749999999999996
OnlineRetailII,10,BTYD+GG,all,cov95,0.9796875
OnlineRetailII,10,BTYD+GG,all,nMAE,0.7126800941276283
OnlineRetailII,10,BTYD+GG,x>0,CRPS,531.9128250754586
OnlineRetailII,10,BTYD+GG,x>0,pit_ks,0.2045492289442467
OnlineRetailII,10,BTYD+GG,x>0,cov95,0.9739027283511269
OnlineRetailII,10,BTYD+GG,x>0,nMAE,0.6609068875861132
OnlineRetailII,10,ZILN,all,CRPS,591.9441435490951
OnlineRetailII,10,ZILN,all,pit_ks,0.045781249999999996
OnlineRetailII,10,ZILN,all,cov95,0.9671875
OnlineRetailII,10,ZILN,all,nMAE,1.0808750938292393
OnlineRetailII,10,ZILN,x>0,CRPS,833.4559304801877
OnlineRetailII,10,ZILN,x>0,pit_ks,0.05380782918149468
OnlineRetailII,10,ZILN,x>0,cov95,0.966785290628707
OnlineRetailII,10,ZILN,x>0,nMAE,1.08624417353548
OnlineRetailII,11,BTYD+GG,all,CRPS,345.285897802058
OnlineRetailII,11,BTYD+GG,all,pit_ks,0.19796875000000003
OnlineRetailII,11,BTYD+GG,all,cov95,0.98671875
OnlineRetailII,11,BTYD+GG,all,nMAE,0.6779245501781275
OnlineRetailII,11,BTYD+GG,x>0,CRPS,441.5726179452442
OnlineRetailII,11,BTYD+GG,x>0,pit_ks,0.21617647058823536
OnlineRetailII,11,BTYD+GG,x>0,cov95,0.9823529411764705
OnlineRetailII,11,BTYD+GG,x>0,nMAE,0.6270323621642098
OnlineRetailII,11,ZILN,all,CRPS,362.9654216936472
OnlineRetailII,11,ZILN,all,pit_ks,0.03874999999999995
OnlineRetailII,11,ZILN,all,cov95,0.98046875
OnlineRetailII,11,ZILN,all,nMAE,0.7023635339837037
OnlineRetailII,11,ZILN,x>0,CRPS,490.6025174041569
OnlineRetailII,11,ZILN,x>0,pit_ks,0.04812960223605456
OnlineRetailII,11,ZILN,x>0,cov95,0.9847058823529412
OnlineRetailII,11,ZILN,x>0,nMAE,0.682623301669586
OnlineRetailII,12,BTYD+GG,all,CRPS,373.19729276615
OnlineRetailII,12,BTYD+GG,all,pit_ks,0.22265625
OnlineRetailII,12,BTYD+GG,all,cov95,0.98359375
OnlineRetailII,12,BTYD+GG,all,nMAE,0.7491194585228151
OnlineRetailII,12,BTYD+GG,x>0,CRPS,485.84081227413606
OnlineRetailII,12,BTYD+GG,x>0,pit_ks,0.2193651753325272
OnlineRetailII,12,BTYD+GG,x>0,cov95,0.9770253929866989
OnlineRetailII,12,BTYD+GG,x>0,nMAE,0.694526916036574
OnlineRetailII,12,ZILN,all,CRPS,436.546878022092
OnlineRetailII,12,ZILN,all,pit_ks,0.028125000000000067
OnlineRetailII,12,ZILN,all,cov95,0.97578125
OnlineRetailII,12,ZILN,all,nMAE,0.8518093834632325
OnlineRetailII,12,ZILN,x>0,CRPS,613.2453276120417
OnlineRetailII,12,ZILN,x>0,pit_ks,0.024074801002204882
OnlineRetailII,12,ZILN,x>0,cov95,0.9770253929866989
OnlineRetailII,12,ZILN,x>0,nMAE,0.8416855193739295
OnlineRetailII,13,BTYD+GG,all,CRPS,405.649425880605
OnlineRetailII,13,BTYD+GG,all,pit_ks,0.21843750000000006
OnlineRetailII,13,BTYD+GG,all,cov95,0.97421875
OnlineRetailII,13,BTYD+GG,all,nMAE,0.8248437669013755
OnlineRetailII,13,BTYD+GG,x>0,CRPS,537.5770617832032
OnlineRetailII,13,BTYD+GG,x>0,pit_ks,0.21874848116646417
OnlineRetailII,13,BTYD+GG,x>0,cov95,0.9647630619684082
OnlineRetailII,13,BTYD+GG,x>0,nMAE,0.7707549091990511
OnlineRetailII,13,ZILN,all,CRPS,374.0798184689274
OnlineRetailII,13,ZILN,all,pit_ks,0.03593750000000001
OnlineRetailII,13,ZILN,all,cov95,0.9625
OnlineRetailII,13,ZILN,all,nMAE,0.7365386509817011
OnlineRetailII,13,ZILN,x>0,CRPS,520.3586833126974
OnlineRetailII,13,ZILN,x>0,pit_ks,0.045133657351154266
OnlineRetailII,13,ZILN,x>0,cov95,0.959902794653706
OnlineRetailII,13,ZILN,x>0,nMAE,0.7176488199853774
OnlineRetailII,14,BTYD+GG,all,CRPS,422.60086827162866
OnlineRetailII,14,BTYD+GG,all,pit_ks,0.20390624999999996
OnlineRetailII,14,BTYD+GG,all,cov95,0.97890625
OnlineRetailII,14,BTYD+GG,all,nMAE,0.6592813450762065
OnlineRetailII,14,BTYD+GG,x>0,CRPS,567.8790026523671
OnlineRetailII,14,BTYD+GG,x>0,pit_ks,0.19637742253357693
OnlineRetailII,14,BTYD+GG,x>0,cov95,0.9707317073170731
OnlineRetailII,14,BTYD+GG,x>0,nMAE,0.6120649030512001
OnlineRetailII,14,ZILN,all,CRPS,493.8282521125508
OnlineRetailII,14,ZILN,all,pit_ks,0.03557757251278465
OnlineRetailII,14,ZILN,all,cov95,0.96796875
OnlineRetailII,14,ZILN,all,nMAE,0.7556109870999659
OnlineRetailII,14,ZILN,x>0,CRPS,704.3241235521745
OnlineRetailII,14,ZILN,x>0,pit_ks,0.04432926829268291
OnlineRetailII,14,ZILN,x>0,cov95,0.9682926829268292
OnlineRetailII,14,ZILN,x>0,nMAE,0.7412780201350787
Ta-Feng,0,BTYD+GG,all,CRPS,59320.460508025004
Ta-Feng,0,BTYD+GG,all,pit_ks,0.08316554153213973
Ta-Feng,0,BTYD+GG,all,cov95,0.9424713824479014
Ta-Feng,0,BTYD+GG,all,nMAE,1.066657989739123
Ta-Feng,0,BTYD+GG,x>0,CRPS,115834.11574866166
Ta-Feng,0,BTYD+GG,x>0,pit_ks,0.08752689735388197
Ta-Feng,0,BTYD+GG,x>0,cov95,0.932247746437918
Ta-Feng,0,BTYD+GG,x>0,nMAE,1.0677900026524103
Ta-Feng,0,ZILN,all,CRPS,59130.372179567676
Ta-Feng,0,ZILN,all,pit_ks,0.025043293219841556
Ta-Feng,0,ZILN,all,cov95,0.9806281185793954
Ta-Feng,0,ZILN,all,nMAE,1.070544703880184
Ta-Feng,0,ZILN,x>0,CRPS,115501.27123009841
Ta-Feng,0,ZILN,x>0,pit_ks,0.026542599592904947
Ta-Feng,0,ZILN,x>0,cov95,0.9796452457109625
Ta-Feng,0,ZILN,x>0,nMAE,1.0717808178928645
Ta-Feng,1,BTYD+GG,all,CRPS,6990.4597289127105
Ta-Feng,1,BTYD+GG,all,pit_ks,0.07387877898444373
Ta-Feng,1,BTYD+GG,all,cov95,0.9421778690930437
Ta-Feng,1,BTYD+GG,all,nMAE,1.9628836533189815
Ta-Feng,1,BTYD+GG,x>0,CRPS,11709.273952106474
Ta-Feng,1,BTYD+GG,x>0,pit_ks,0.08406096503900606
Ta-Feng,1,BTYD+GG,x>0,cov95,0.9263218722912453
Ta-Feng,1,BTYD+GG,x>0,nMAE,2.279876269257664
Ta-Feng,1,ZILN,all,CRPS,6075.161734710784
Ta-Feng,1,ZILN,all,pit_ks,0.015594364543586647
Ta-Feng,1,ZILN,all,cov95,0.9812151452891107
Ta-Feng,1,ZILN,all,nMAE,1.736671331558628
Ta-Feng,1,ZILN,x>0,CRPS,9941.258501052189
Ta-Feng,1,ZILN,x>0,pit_ks,0.018922276798613136
Ta-Feng,1,ZILN,x>0,cov95,0.9809303669459694
Ta-Feng,1,ZILN,x>0,nMAE,1.980329412382746
Ta-Feng,2,BTYD+GG,all,CRPS,58146.76887616387
Ta-Feng,2,BTYD+GG,all,pit_ks,0.08545201056648077
Ta-Feng,2,BTYD+GG,all,cov95,0.9432051658350455
Ta-Feng,2,BTYD+GG,all,nMAE,1.0525983581884
Ta-Feng,2,BTYD+GG,x>0,CRPS,115194.97458803587
Ta-Feng,2,BTYD+GG,x>0,pit_ks,0.09280785246876855
Ta-Feng,2,BTYD+GG,x>0,cov95,0.929506246281975
Ta-Feng,2,BTYD+GG,x>0,nMAE,1.053848173525711
Ta-Feng,2,ZILN,all,CRPS,56237.47411079848
Ta-Feng,2,ZILN,all,pit_ks,0.020226005283240367
Ta-Feng,2,ZILN,all,cov95,0.9820956853536836
Ta-Feng,2,ZILN,all,nMAE,1.0051560523426395
Ta-Feng,2,ZILN,x>0,CRPS,111369.30368577811
Ta-Feng,2,ZILN,x>0,pit_ks,0.028252528256989873
Ta-Feng,2,ZILN,x>0,cov95,0.9857227840571089
Ta-Feng,2,ZILN,x>0,nMAE,1.00529319444862
Ta-Feng,3,BTYD+GG,all,CRPS,6905.340995214707
Ta-Feng,3,BTYD+GG,all,pit_ks,0.08551364837100084
Ta-Feng,3,BTYD+GG,all,cov95,0.9418843557381861
Ta-Feng,3,BTYD+GG,all,nMAE,1.68610280458438
Ta-Feng,3,BTYD+GG,x>0,CRPS,10417.64789616507
Ta-Feng,3,BTYD+GG,x>0,pit_ks,0.0907244655581948
Ta-Feng,3,BTYD+GG,x>0,cov95,0.9260688836104513
Ta-Feng,3,BTYD+GG,x>0,nMAE,2.0531673312443286
Ta-Feng,3,ZILN,all,CRPS,7235.37327888106
Ta-Feng,3,ZILN,all,pit_ks,0.02144922218960965
Ta-Feng,3,ZILN,all,cov95,0.9772527149985324
Ta-Feng,3,ZILN,all,nMAE,1.7675352567076752
Ta-Feng,3,ZILN,x>0,CRPS,11119.01564072838
Ta-Feng,3,ZILN,x>0,pit_ks,0.030694774346793352
Ta-Feng,3,ZILN,x>0,cov95,0.9792161520190024
Ta-Feng,3,ZILN,x>0,nMAE,2.1788681095906277
Ta-Feng,4,BTYD+GG,all,CRPS,7304.0748068489875
Ta-Feng,4,BTYD+GG,all,pit_ks,0.0784179630173173
Ta-Feng,4,BTYD+GG,all,cov95,0.9411505723510419
Ta-Feng,4,BTYD+GG,all,nMAE,1.308051655095766
Ta-Feng,4,BTYD+GG,x>0,CRPS,12044.918293485176
Ta-Feng,4,BTYD+GG,x>0,pit_ks,0.08831414230882784
Ta-Feng,4,BTYD+GG,x>0,cov95,0.9294360791260703
Ta-Feng,4,BTYD+GG,x>0,nMAE,1.3858731163050726
Ta-Feng,4,ZILN,all,CRPS,6420.316478884919
Ta-Feng,4,ZILN,all,pit_ks,0.018266803639565565
Ta-Feng,4,ZILN,all,cov95,0.976812444966246
Ta-Feng,4,ZILN,all,nMAE,1.01207610104672
Ta-Feng,4,ZILN,x>0,CRPS,10310.208760973597
Ta-Feng,4,ZILN,x>0,pit_ks,0.038065397106583965
Ta-Feng,4,ZILN,x>0,cov95,0.9749040448774727
Ta-Feng,4,ZILN,x>0,nMAE,1.0148212091753386
Ta-Feng,5,BTYD+GG,all,CRPS,6999.040895140234
Ta-Feng,5,BTYD+GG,all,pit_ks,0.0761417669503962
Ta-Feng,5,BTYD+GG,all,cov95,0.9445259759319049
Ta-Feng,5,BTYD+GG,all,nMAE,1.45876106899376
Ta-Feng,5,BTYD+GG,x>0,CRPS,11711.907583781618
Ta-Feng,5,BTYD+GG,x>0,pit_ks,0.0824831427733802
Ta-Feng,5,BTYD+GG,x>0,cov95,0.9296394019349165
Ta-Feng,5,BTYD+GG,x>0,nMAE,1.5796831350303062
Ta-Feng,5,ZILN,all,CRPS,6645.137689071378
Ta-Feng,5,ZILN,all,pit_ks,0.021337687114763693
Ta-Feng,5,ZILN,all,cov95,0.9816554153213971
Ta-Feng,5,ZILN,all,nMAE,1.4983954072150527
Ta-Feng,5,ZILN,x>0,CRPS,11039.67487731132
Ta-Feng,5,ZILN,x>0,pit_ks,0.02593769003142743
Ta-Feng,5,ZILN,x>0,cov95,0.980064497214893
Ta-Feng,5,ZILN,x>0,nMAE,1.630524094700259
Ta-Feng,6,BTYD+GG,all,CRPS,4058.8969913711876
Ta-Feng,6,BTYD+GG,all,pit_ks,0.0878206633401819
Ta-Feng,6,BTYD+GG,all,cov95,0.9404167889638979
Ta-Feng,6,BTYD+GG,all,nMAE,1.022888325903643
Ta-Feng,6,BTYD+GG,x>0,CRPS,6349.720581978284
Ta-Feng,6,BTYD+GG,x>0,pit_ks,0.09539881831610053
Ta-Feng,6,BTYD+GG,x>0,cov95,0.9299852289512556
Ta-Feng,6,BTYD+GG,x>0,nMAE,1.0268596884363548
Ta-Feng,6,ZILN,all,CRPS,4801.415091326913
Ta-Feng,6,ZILN,all,pit_ks,0.019345465218667424
Ta-Feng,6,ZILN,all,cov95,0.9798943351922512
Ta-Feng,6,ZILN,all,nMAE,1.2230363245435605
Ta-Feng,6,ZILN,x>0,CRPS,7896.408341123204
Ta-Feng,6,ZILN,x>0,pit_ks,0.03957902511078287
Ta-Feng,6,ZILN,x>0,cov95,0.9813884785819793
Ta-Feng,6,ZILN,x>0,nMAE,1.276345880120642
Ta-Feng,7,BTYD+GG,all,CRPS,61245.84772197745
Ta-Feng,7,BTYD+GG,all,pit_ks,0.08688875843850896
Ta-Feng,7,BTYD+GG,all,cov95,0.9418843557381861
Ta-Feng,7,BTYD+GG,all,nMAE,1.0750857751133314
Ta-Feng,7,BTYD+GG,x>0,CRPS,120033.77031455441
Ta-Feng,7,BTYD+GG,x>0,pit_ks,0.09855127828386723
Ta-Feng,7,BTYD+GG,x>0,cov95,0.9262415515721423
Ta-Feng,7,BTYD+GG,x>0,nMAE,1.0768263519661794
Ta-Feng,7,ZILN,all,CRPS,59840.96923524176
Ta-Feng,7,ZILN,all,pit_ks,0.01814059289697678
Ta-Feng,7,ZILN,all,cov95,0.980921631934253
Ta-Feng,7,ZILN,all,nMAE,1.0633702213023024
Ta-Feng,7,ZILN,x>0,CRPS,117255.76637900794
Ta-Feng,7,ZILN,x>0,pit_ks,0.035146929180135233
Ta-Feng,7,ZILN,x>0,cov95,0.9779606229797237
Ta-Feng,7,ZILN,x>0,nMAE,1.064910284283937
Ta-Feng,8,BTYD+GG,all,CRPS,4765.4723160037365
Ta-Feng,8,BTYD+GG,all,pit_ks,0.08342823598473725
Ta-Feng,8,BTYD+GG,all,cov95,0.9389492221896096
Ta-Feng,8,BTYD+GG,all,nMAE,0.9116895007918443
Ta-Feng,8,BTYD+GG,x>0,CRPS,6942.648216839336
Ta-Feng,8,BTYD+GG,x>0,pit_ks,0.09428193054738077
Ta-Feng,8,BTYD+GG,x>0,cov95,0.9243672748675692
Ta-Feng,8,BTYD+GG,x>0,nMAE,0.8854243307155941
Ta-Feng,8,ZILN,all,CRPS,5624.776133677336
Ta-Feng,8,ZILN,all,pit_ks,0.02985764602289409
Ta-Feng,8,ZILN,all,cov95,0.98004109186968
Ta-Feng,8,ZILN,all,nMAE,1.1198506819233225
Ta-Feng,8,ZILN,x>0,CRPS,8700.567315636292
Ta-Feng,8,ZILN,x>0,pit_ks,0.044390818128310694
Ta-Feng,8,ZILN,x>0,cov95,0.9749852854620364
Ta-Feng,8,ZILN,x>0,nMAE,1.1549152379652996
Ta-Feng,9,BTYD+GG,all,CRPS,61432.41357355726
Ta-Feng,9,BTYD+GG,all,pit_ks,0.07831229820956853
Ta-Feng,9,BTYD+GG,all,cov95,0.9399765189316114
Ta-Feng,9,BTYD+GG,all,nMAE,1.059437543268326
Ta-Feng,9,BTYD+GG,x>0,CRPS,119552.39344737379
Ta-Feng,9,BTYD+GG,x>0,pit_ks,0.08117552098620495
Ta-Feng,9,BTYD+GG,x>0,cov95,0.9257411212210156
Ta-Feng,9,BTYD+GG,x>0,nMAE,1.0611634464766666
Ta-Feng,9,ZILN,all,CRPS,60566.69184465505
Ta-Feng,9,ZILN,all,pit_ks,0.01472409744643377
Ta-Feng,9,ZILN,all,cov95,0.9785735250953919
Ta-Feng,9,ZILN,all,nMAE,1.0261914603201538
Ta-Feng,9,ZILN,x>0,CRPS,117858.17829792664
Ta-Feng,9,ZILN,x>0,pit_ks,0.029964044614029905
Ta-Feng,9,ZILN,x>0,cov95,0.9773994716759613
Ta-Feng,9,ZILN,x>0,nMAE,1.0269607424856688
Ta-Feng,10,BTYD+GG,all,CRPS,6060.2909807123315
Ta-Feng,10,BTYD+GG,all,pit_ks,0.08958174346932779
Ta-Feng,10,BTYD+GG,all,cov95,0.9439389492221896
Ta-Feng,10,BTYD+GG,all,nMAE,1.3059790399558637
Ta-Feng,10,BTYD+GG,x>0,CRPS,8959.613642375922
Ta-Feng,10,BTYD+GG,x>0,pit_ks,0.09516602431070253
Ta-Feng,10,BTYD+GG,x>0,cov95,0.931218499851764
Ta-Feng,10,BTYD+GG,x>0,nMAE,1.4329540065334065
Ta-Feng,10,ZILN,all,CRPS,5523.484371035535
Ta-Feng,10,ZILN,all,pit_ks,0.021528470795421195
Ta-Feng,10,ZILN,all,cov95,0.9787202817728207
Ta-Feng,10,ZILN,all,nMAE,1.21389563061455
Ta-Feng,10,ZILN,x>0,CRPS,7916.789289196504
Ta-Feng,10,ZILN,x>0,pit_ks,0.042191669137266574
Ta-Feng,10,ZILN,x>0,cov95,0.9804328490957605
Ta-Feng,10,ZILN,x>0,nMAE,1.3033933446773127
Ta-Feng,11,BTYD+GG,all,CRPS,6009.796166395909
Ta-Feng,11,BTYD+GG,all,pit_ks,0.08501174053419436
Ta-Feng,11,BTYD+GG,all,cov95,0.9380686821250367
Ta-Feng,11,BTYD+GG,all,nMAE,1.3051506011451277
Ta-Feng,11,BTYD+GG,x>0,CRPS,8439.014580426907
Ta-Feng,11,BTYD+GG,x>0,pit_ks,0.09380189798339267
Ta-Feng,11,BTYD+GG,x>0,cov95,0.9243772241992882
Ta-Feng,11,BTYD+GG,x>0,nMAE,1.4761444565596198
Ta-Feng,11,ZILN,all,CRPS,5205.901582558193
Ta-Feng,11,ZILN,all,pit_ks,0.022352509539184107
Ta-Feng,11,ZILN,all,cov95,0.979307308482536
Ta-Feng,11,ZILN,all,nMAE,1.3085020999382233
Ta-Feng,11,ZILN,x>0,CRPS,6863.120628322114
Ta-Feng,11,ZILN,x>0,pit_ks,0.030886714116251435
Ta-Feng,11,ZILN,x>0,cov95,0.9798339264531435
Ta-Feng,11,ZILN,x>0,nMAE,1.4819607988188626
Ta-Feng,12,BTYD+GG,all,CRPS,5142.3148272783
Ta-Feng,12,BTYD+GG,all,pit_ks,0.0792265923099501
Ta-Feng,12,BTYD+GG,all,cov95,0.9389492221896096
Ta-Feng,12,BTYD+GG,all,nMAE,1.3813144739855754
Ta-Feng,12,BTYD+GG,x>0,CRPS,7249.910105192188
Ta-Feng,12,BTYD+GG,x>0,pit_ks,0.08496037569709425
Ta-Feng,12,BTYD+GG,x>0,cov95,0.9257411212210156
Ta-Feng,12,BTYD+GG,x>0,nMAE,1.5888506532435474
Ta-Feng,12,ZILN,all,CRPS,4750.289633977506
Ta-Feng,12,ZILN,all,pit_ks,0.018585999412973342
Ta-Feng,12,ZILN,all,cov95,0.9823891987085412
Ta-Feng,12,ZILN,all,nMAE,1.3495744735534316
Ta-Feng,12,ZILN,x>0,CRPS,6509.193286812806
Ta-Feng,12,ZILN,x>0,pit_ks,0.03516730261226886
Ta-Feng,12,ZILN,x>0,cov95,0.9829762254182566
Ta-Feng,12,ZILN,x>0,nMAE,1.5412191468859024
Ta-Feng,13,BTYD+GG,all,CRPS,6839.691583948644
Ta-Feng,13,BTYD+GG,all,pit_ks,0.07803933078955094
Ta-Feng,13,BTYD+GG,all,cov95,0.9424713824479014
Ta-Feng,13,BTYD+GG,all,nMAE,1.3320010654264072
Ta-Feng,13,BTYD+GG,x>0,CRPS,11873.016555945289
Ta-Feng,13,BTYD+GG,x>0,pit_ks,0.08611322968612489
Ta-Feng,13,BTYD+GG,x>0,cov95,0.9295981226166031
Ta-Feng,13,BTYD+GG,x>0,nMAE,1.3918109675055201
Ta-Feng,13,ZILN,all,CRPS,5900.132047187227
Ta-Feng,13,ZILN,all,pit_ks,0.017378191957734046
Ta-Feng,13,ZILN,all,cov95,0.9765189316113884
Ta-Feng,13,ZILN,all,nMAE,1.264188872110438
Ta-Feng,13,ZILN,x>0,CRPS,10032.682574195098
Ta-Feng,13,ZILN,x>0,pit_ks,0.04574655324141985
Ta-Feng,13,ZILN,x>0,cov95,0.9738926371369904
Ta-Feng,13,ZILN,x>0,nMAE,1.3123856345681457
Ta-Feng,14,BTYD+GG,all,CRPS,58421.64247266129
Ta-Feng,14,BTYD+GG,all,pit_ks,0.08312444966245958
Ta-Feng,14,BTYD+GG,all,cov95,0.9392427355444672
Ta-Feng,14,BTYD+GG,all,nMAE,1.0555149706709783
Ta-Feng,14,BTYD+GG,x>0,CRPS,112671.82978669957
Ta-Feng,14,BTYD+GG,x>0,pit_ks,0.09806916426512968
Ta-Feng,14,BTYD+GG,x>0,cov95,0.9236311239193083
Ta-Feng,14,BTYD+GG,x>0,nMAE,1.0566106362302814
Ta-Feng,14,ZILN,all,CRPS,56888.54066614216
Ta-Feng,14,ZILN,all,pit_ks,0.022869826827120687
Ta-Feng,14,ZILN,all,cov95,0.9820956853536836
Ta-Feng,14,ZILN,all,nMAE,1.006330400313654
Ta-Feng,14,ZILN,x>0,CRPS,109699.4672451842
Ta-Feng,14,ZILN,x>0,pit_ks,0.04231988472622483
Ta-Feng,14,ZILN,x>0,cov95,0.9812680115273775
Ta-Feng,14,ZILN,x>0,nMAE,1.006442089033944
Dunnhumby,0,BTYD+GG,all,CRPS,279.13485280152867
Dunnhumby,0,BTYD+GG,all,pit_ks,0.13479973297730308
Dunnhumby,0,BTYD+GG,all,cov95,0.7983978638184246
Dunnhumby,0,BTYD+GG,all,nMAE,0.37356264048508825
Dunnhumby,0,BTYD+GG,x>0,CRPS,280.63970774989684
Dunnhumby,0,BTYD+GG,x>0,pit_ks,0.1314140730717186
Dunnhumby,0,BTYD+GG,x>0,cov95,0.7997293640054127
Dunnhumby,0,BTYD+GG,x>0,nMAE,0.37196255886565394
Dunnhumby,0,ZILN,all,CRPS,272.2308500957321
Dunnhumby,0,ZILN,all,pit_ks,0.08937583444592789
Dunnhumby,0,ZILN,all,cov95,0.945260347129506
Dunnhumby,0,ZILN,all,nMAE,0.3749565893391314
Dunnhumby,0,ZILN,x>0,CRPS,273.9792343567612
Dunnhumby,0,ZILN,x>0,pit_ks,0.09014546684709068
Dunnhumby,0,ZILN,x>0,cov95,0.9445196211096076
Dunnhumby,0,ZILN,x>0,nMAE,0.37335757147969
Dunnhumby,1,BTYD+GG,all,CRPS,279.2512971025932
Dunnhumby,1,BTYD+GG,all,pit_ks,0.15094793057409872
Dunnhumby,1,BTYD+GG,all,cov95,0.7757009345794392
Dunnhumby,1,BTYD+GG,all,nMAE,0.4029755192120179
Dunnhumby,1,BTYD+GG,x>0,CRPS,281.5045338580487
Dunnhumby,1,BTYD+GG,x>0,pit_ks,0.14816326530612245
Dunnhumby,1,BTYD+GG,x>0,cov95,0.7795918367346939
Dunnhumby,1,BTYD+GG,x>0,nMAE,0.40074622941796095
Dunnhumby,1,ZILN,all,CRPS,293.96008637583134
Dunnhumby,1,ZILN,all,pit_ks,0.047029372496662225
Dunnhumby,1,ZILN,all,cov95,0.9385847797062751
Dunnhumby,1,ZILN,all,nMAE,0.42424419033582533
Dunnhumby,1,ZILN,x>0,CRPS,297.1142263323582
Dunnhumby,1,ZILN,x>0,pit_ks,0.045272108843537495
Dunnhumby,1,ZILN,x>0,cov95,0.9374149659863945
Dunnhumby,1,ZILN,x>0,nMAE,0.4223072324037845
Dunnhumby,2,BTYD+GG,all,CRPS,276.1542195760344
Dunnhumby,2,BTYD+GG,all,pit_ks,0.14568758344459276
Dunnhumby,2,BTYD+GG,all,cov95,0.8090787716955942
Dunnhumby,2,BTYD+GG,all,nMAE,0.38118287808636914
Dunnhumby,2,BTYD+GG,x>0,CRPS,278.7019555392955
Dunnhumby,2,BTYD+GG,x>0,pit_ks,0.1445074224021593
Dunnhumby,2,BTYD+GG,x>0,cov95,0.8097165991902834
Dunnhumby,2,BTYD+GG,x>0,nMAE,0.3808264936305308
Dunnhumby,2,ZILN,all,CRPS,276.05965908196004
Dunnhumby,2,ZILN,all,pit_ks,0.08381174899866484
Dunnhumby,2,ZILN,all,cov95,0.945260347129506
Dunnhumby,2,ZILN,all,nMAE,0.38640007580438185
Dunnhumby,2,ZILN,x>0,CRPS,278.58171684556936
Dunnhumby,2,ZILN,x>0,pit_ks,0.08498650472334679
Dunnhumby,2,ZILN,x>0,cov95,0.9446693657219973
Dunnhumby,2,ZILN,x>0,nMAE,0.38598920249220825
Dunnhumby,3,BTYD+GG,all,CRPS,250.26824386346823
Dunnhumby,3,BTYD+GG,all,pit_ks,0.13597463284379174
Dunnhumby,3,BTYD+GG,all,cov95,0.8104138851802403
Dunnhumby,3,BTYD+GG,all,nMAE,0.37550331105479323
Dunnhumby,3,BTYD+GG,x>0,CRPS,253.35359493933822
Dunnhumby,3,BTYD+GG,x>0,pit_ks,0.131158038147139
Dunnhumby,3,BTYD+GG,x>0,cov95,0.8119891008174387
Dunnhumby,3,BTYD+GG,x>0,nMAE,0.3738369426020512
Dunnhumby,3,ZILN,all,CRPS,246.73515955141463
Dunnhumby,3,ZILN,all,pit_ks,0.07588117489986645
Dunnhumby,3,ZILN,all,cov95,0.9506008010680908
Dunnhumby,3,ZILN,all,nMAE,0.37072781140562466
Dunnhumby,3,ZILN,x>0,CRPS,250.12814201975505
Dunnhumby,3,ZILN,x>0,pit_ks,0.07303814713896456
Dunnhumby,3,ZILN,x>0,cov95,0.9495912806539509
Dunnhumby,3,ZILN,x>0,nMAE,0.3692629982450499
Dunnhumby,4,BTYD+GG,all,CRPS,254.81103063198736
Dunnhumby,4,BTYD+GG,all,pit_ks,0.1263417890520694
Dunnhumby,4,BTYD+GG,all,cov95,0.8104138851802403
Dunnhumby,4,BTYD+GG,all,nMAE,0.35788235344825636
Dunnhumby,4,BTYD+GG,x>0,CRPS,256.3119877027784
Dunnhumby,4,BTYD+GG,x>0,pit_ks,0.1270659488559892
Dunnhumby,4,BTYD+GG,x>0,cov95,0.8102288021534321
Dunnhumby,4,BTYD+GG,x>0,nMAE,0.3574750434293667
Dunnhumby,4,ZILN,all,CRPS,261.3492649484525
Dunnhumby,4,ZILN,all,pit_ks,0.06580106809078773
Dunnhumby,4,ZILN,all,cov95,0.9532710280373832
Dunnhumby,4,ZILN,all,nMAE,0.3723410487077077
Dunnhumby,4,ZILN,x>0,CRPS,262.87235646970794
Dunnhumby,4,ZILN,x>0,pit_ks,0.06815612382234182
Dunnhumby,4,ZILN,x>0,cov95,0.9528936742934051
Dunnhumby,4,ZILN,x>0,nMAE,0.37175916143125937
Dunnhumby,5,BTYD+GG,all,CRPS,273.5648006842293
Dunnhumby,5,BTYD+GG,all,pit_ks,0.16903871829105477
Dunnhumby,5,BTYD+GG,all,cov95,0.7757009345794392
Dunnhumby,5,BTYD+GG,all,nMAE,0.3882862413683742
Dunnhumby,5,BTYD+GG,x>0,CRPS,275.2645447184679
Dunnhumby,5,BTYD+GG,x>0,pit_ks,0.16717185385656286
Dunnhumby,5,BTYD+GG,x>0,cov95,0.7767253044654939
Dunnhumby,5,BTYD+GG,x>0,nMAE,0.38682026649008555
Dunnhumby,5,ZILN,all,CRPS,272.34806783683075
Dunnhumby,5,ZILN,all,pit_ks,0.1172162883845127
Dunnhumby,5,ZILN,all,cov95,0.9412550066755674
Dunnhumby,5,ZILN,all,nMAE,0.40150655117783324
Dunnhumby,5,ZILN,x>0,CRPS,274.4481429577255
Dunnhumby,5,ZILN,x>0,pit_ks,0.1167050067658999
Dunnhumby,5,ZILN,x>0,cov95,0.9404600811907984
Dunnhumby,5,ZILN,x>0,nMAE,0.40037516304352766
Dunnhumby,6,BTYD+GG,all,CRPS,268.44076398696177
Dunnhumby,6,BTYD+GG,all,pit_ks,0.14540405574666837
Dunnhumby,6,BTYD+GG,all,cov95,0.787716955941255
Dunnhumby,6,BTYD+GG,all,nMAE,0.3819298813161632
Dunnhumby,6,BTYD+GG,x>0,CRPS,270.9981827800387
Dunnhumby,6,BTYD+GG,x>0,pit_ks,0.14310810810810815
Dunnhumby,6,BTYD+GG,x>0,cov95,0.7891891891891892
Dunnhumby,6,BTYD+GG,x>0,nMAE,0.3813697863889619
Dunnhumby,6,ZILN,all,CRPS,287.7650784309471
Dunnhumby,6,ZILN,all,pit_ks,0.054776368491321836
Dunnhumby,6,ZILN,all,cov95,0.9359145527369827
Dunnhumby,6,ZILN,all,nMAE,0.4072828271795628
Dunnhumby,6,ZILN,x>0,CRPS,290.62923880428565
Dunnhumby,6,ZILN,x>0,pit_ks,0.054256756756756785
Dunnhumby,6,ZILN,x>0,cov95,0.9351351351351351
Dunnhumby,6,ZILN,x>0,nMAE,0.4067784297179318
Dunnhumby,7,BTYD+GG,all,CRPS,279.8343908515588
Dunnhumby,7,BTYD+GG,all,pit_ks,0.1507409879839786
Dunnhumby,7,BTYD+GG,all,cov95,0.7810413885180241
Dunnhumby,7,BTYD+GG,all,nMAE,0.3964536988096396
Dunnhumby,7,BTYD+GG,x>0,CRPS,281.42015174321847
Dunnhumby,7,BTYD+GG,x>0,pit_ks,0.14581300813008125
Dunnhumby,7,BTYD+GG,x>0,cov95,0.7845528455284553
Dunnhumby,7,BTYD+GG,x>0,nMAE,0.3945475696600881
Dunnhumby,7,ZILN,all,CRPS,280.93127349480983
Dunnhumby,7,ZILN,all,pit_ks,0.046508226795420715
Dunnhumby,7,ZILN,all,cov95,0.9158878504672897
Dunnhumby,7,ZILN,all,nMAE,0.39951718168200673
Dunnhumby,7,ZILN,x>0,CRPS,283.04084668447217
Dunnhumby,7,ZILN,x>0,pit_ks,0.04065040650406504
Dunnhumby,7,ZILN,x>0,cov95,0.9159891598915989
Dunnhumby,7,ZILN,x>0,nMAE,0.39797171816641863
Dunnhumby,8,BTYD+GG,all,CRPS,276.9535098209582
Dunnhumby,8,BTYD+GG,all,pit_ks,0.1282042723631508
Dunnhumby,8,BTYD+GG,all,cov95,0.822429906542056
Dunnhumby,8,BTYD+GG,all,nMAE,0.37739594762463746
Dunnhumby,8,BTYD+GG,x>0,CRPS,277.90537895522834
Dunnhumby,8,BTYD+GG,x>0,pit_ks,0.12742261103633912
Dunnhumby,8,BTYD+GG,x>0,cov95,0.8223418573351279
Dunnhumby,8,BTYD+GG,x>0,nMAE,0.3764830766656251
Dunnhumby,8,ZILN,all,CRPS,275.64235472576974
Dunnhumby,8,ZILN,all,pit_ks,0.07185914552736983
Dunnhumby,8,ZILN,all,cov95,0.9332443257676902
Dunnhumby,8,ZILN,all,nMAE,0.3887318300421079
Dunnhumby,8,ZILN,x>0,CRPS,276.82278915541826
Dunnhumby,8,ZILN,x>0,pit_ks,0.07201547779273215
Dunnhumby,8,ZILN,x>0,cov95,0.9327052489905787
Dunnhumby,8,ZILN,x>0,nMAE,0.38794127922768007
Dunnhumby,9,BTYD+GG,all,CRPS,262.2846878079118
Dunnhumby,9,BTYD+GG,all,pit_ks,0.11639519359145523
Dunnhumby,9,BTYD+GG,all,cov95,0.8210947930574098
Dunnhumby,9,BTYD+GG,all,nMAE,0.36953015883717066
Dunnhumby,9,BTYD+GG,x>0,CRPS,265.7006483499885
Dunnhumby,9,BTYD+GG,x>0,pit_ks,0.1147354138398915
Dunnhumby,9,BTYD+GG,x>0,cov95,0.819538670284939
Dunnhumby,9,BTYD+GG,x>0,nMAE,0.3688434921140126
Dunnhumby,9,ZILN,all,CRPS,287.87503752636115
Dunnhumby,9,ZILN,all,pit_ks,0.058701602136181585
Dunnhumby,9,ZILN,all,cov95,0.9345794392523364
Dunnhumby,9,ZILN,all,nMAE,0.4075381118105215
Dunnhumby,9,ZILN,x>0,CRPS,291.6015404089153
Dunnhumby,9,ZILN,x>0,pit_ks,0.05844979647218451
Dunnhumby,9,ZILN,x>0,cov95,0.9335142469470827
Dunnhumby,9,ZILN,x>0,nMAE,0.4069035416751198
Dunnhumby,10,BTYD+GG,all,CRPS,277.04344772238204
Dunnhumby,10,BTYD+GG,all,pit_ks,0.1514485981308411
Dunnhumby,10,BTYD+GG,all,cov95,0.7850467289719626
Dunnhumby,10,BTYD+GG,all,nMAE,0.3886565870995038
Dunnhumby,10,BTYD+GG,x>0,CRPS,278.88168382699195
Dunnhumby,10,BTYD+GG,x>0,pit_ks,0.14698380566801617
Dunnhumby,10,BTYD+GG,x>0,cov95,0.7854251012145749
Dunnhumby,10,BTYD+GG,x>0,nMAE,0.3878007698972822
Dunnhumby,10,ZILN,all,CRPS,273.602830456196
Dunnhumby,10,ZILN,all,pit_ks,0.08864152202937248
Dunnhumby,10,ZILN,all,cov95,0.9546061415220294
Dunnhumby,10,ZILN,all,nMAE,0.3951069489576773
Dunnhumby,10,ZILN,x>0,CRPS,274.95985826421986
Dunnhumby,10,ZILN,x>0,pit_ks,0.0911369770580297
Dunnhumby,10,ZILN,x>0,cov95,0.9541160593792173
Dunnhumby,10,ZILN,x>0,nMAE,0.39433660355934963
Dunnhumby,11,BTYD+GG,all,CRPS,261.70167802142004
Dunnhumby,11,BTYD+GG,all,pit_ks,0.12610814419225636
Dunnhumby,11,BTYD+GG,all,cov95,0.8157543391188251
Dunnhumby,11,BTYD+GG,all,nMAE,0.3806915975915184
Dunnhumby,11,BTYD+GG,x>0,CRPS,263.1048646538793
Dunnhumby,11,BTYD+GG,x>0,pit_ks,0.12348852901484486
Dunnhumby,11,BTYD+GG,x>0,cov95,0.8164642375168691
Dunnhumby,11,BTYD+GG,x>0,nMAE,0.37963881371725217
Dunnhumby,11,ZILN,all,CRPS,264.0077748200286
Dunnhumby,11,ZILN,all,pit_ks,0.06667890520694258
Dunnhumby,11,ZILN,all,cov95,0.951935914552737
Dunnhumby,11,ZILN,all,nMAE,0.38452743896865066
Dunnhumby,11,ZILN,x>0,CRPS,265.4600762723558
Dunnhumby,11,ZILN,x>0,pit_ks,0.0659311740890689
Dunnhumby,11,ZILN,x>0,cov95,0.951417004048583
Dunnhumby,11,ZILN,x>0,nMAE,0.38362326549432474
Dunnhumby,12,BTYD+GG,all,CRPS,283.91058913723754
Dunnhumby,12,BTYD+GG,all,pit_ks,0.16207610146862483
Dunnhumby,12,BTYD+GG,all,cov95,0.7823765020026703
Dunnhumby,12,BTYD+GG,all,nMAE,0.39902351839436095
Dunnhumby,12,BTYD+GG,x>0,CRPS,284.70919596240407
Dunnhumby,12,BTYD+GG,x>0,pit_ks,0.15864372469635624
Dunnhumby,12,BTYD+GG,x>0,cov95,0.7840755735492577
Dunnhumby,12,BTYD+GG,x>0,nMAE,0.3974824045769663
Dunnhumby,12,ZILN,all,CRPS,285.76526810623255
Dunnhumby,12,ZILN,all,pit_ks,0.0713217623497997
Dunnhumby,12,ZILN,all,cov95,0.931909212283044
Dunnhumby,12,ZILN,all,nMAE,0.413850409932947
Dunnhumby,12,ZILN,x>0,CRPS,286.74666968248516
Dunnhumby,12,ZILN,x>0,pit_ks,0.06987854251012138
Dunnhumby,12,ZILN,x>0,cov95,0.9325236167341431
Dunnhumby,12,ZILN,x>0,nMAE,0.4123465314139314
Dunnhumby,13,BTYD+GG,all,CRPS,264.2771577886073
Dunnhumby,13,BTYD+GG,all,pit_ks,0.15744325767690248
Dunnhumby,13,BTYD+GG,all,cov95,0.8130841121495327
Dunnhumby,13,BTYD+GG,all,nMAE,0.3734789547190865
Dunnhumby,13,BTYD+GG,x>0,CRPS,265.5088115390759
Dunnhumby,13,BTYD+GG,x>0,pit_ks,0.1529132791327913
Dunnhumby,13,BTYD+GG,x>0,cov95,0.8157181571815718
Dunnhumby,13,BTYD+GG,x>0,nMAE,0.3714918406051976
Dunnhumby,13,ZILN,all,CRPS,279.58195853409615
Dunnhumby,13,ZILN,all,pit_ks,0.09539719626168225
Dunnhumby,13,ZILN,all,cov95,0.9599465954606141
Dunnhumby,13,ZILN,all,nMAE,0.39502391284316685
Dunnhumby,13,ZILN,x>0,CRPS,281.4998461673031
Dunnhumby,13,ZILN,x>0,pit_ks,0.09187669376693763
Dunnhumby,13,ZILN,x>0,cov95,0.9607046070460704
Dunnhumby,13,ZILN,x>0,nMAE,0.39322467475619055
Dunnhumby,14,BTYD+GG,all,CRPS,270.2132716990929
Dunnhumby,14,BTYD+GG,all,pit_ks,0.14914552736982645
Dunnhumby,14,BTYD+GG,all,cov95,0.7983978638184246
Dunnhumby,14,BTYD+GG,all,nMAE,0.37870414867554597
Dunnhumby,14,BTYD+GG,x>0,CRPS,272.2967507554281
Dunnhumby,14,BTYD+GG,x>0,pit_ks,0.1490785907859079
Dunnhumby,14,BTYD+GG,x>0,cov95,0.8021680216802168
Dunnhumby,14,BTYD+GG,x>0,nMAE,0.3772558926176713
Dunnhumby,14,ZILN,all,CRPS,275.2634899255928
Dunnhumby,14,ZILN,all,pit_ks,0.06610480640854471
Dunnhumby,14,ZILN,all,cov95,0.9439252336448598
Dunnhumby,14,ZILN,all,nMAE,0.38469893682060385
Dunnhumby,14,ZILN,x>0,CRPS,277.8783182589864
Dunnhumby,14,ZILN,x>0,pit_ks,0.06439701897018968
Dunnhumby,14,ZILN,x>0,cov95,0.943089430894309
Dunnhumby,14,ZILN,x>0,nMAE,0.3835357999015078
