dataset,cond,metric,method,raw_mean,recal_mean,recal_minus_raw,wilcoxon_p,n_seeds
CDNow,all,CRPS,BTYD,0.3817302377103599,0.37996388613861387,-0.0017663515717460734,0.078125,8
CDNow,all,CRPS,PoissonGBM,0.4468256961633663,0.4386835325318246,-0.008142163631541688,0.0078125,8
CDNow,all,CRPS,QuantileGBM,0.41827553814533236,0.4173247779349364,-0.000950760210396008,0.25,8
CDNow,all,cov50,BTYD,0.8355728429985856,0.84494342291372,0.009370579915134375,0.0078125,8
CDNow,all,cov50,PoissonGBM,0.8216053748231966,0.8228429985855729,0.0012376237623762526,0.7578125,8
CDNow,all,cov50,QuantileGBM,0.8532531824611033,0.8527227722772277,-0.0005304101838755348,0.9453125,8
CDNow,all,cov95,BTYD,0.9653465346534653,0.9786067892503536,0.01326025459688826,0.0078125,8
CDNow,all,cov95,PoissonGBM,0.9363507779349364,0.9662305516265912,0.02987977369165487,0.0078125,8
CDNow,all,cov95,QuantileGBM,0.9515558698727016,0.9579207920792079,0.00636492220650639,0.0078125,8
CDNow,all,nMAE,BTYD,0.8149636864784312,0.8264964859731756,0.011532799494744408,0.25,8
CDNow,all,nMAE,PoissonGBM,0.9455588207832994,0.9357329377069619,-0.00982588307633761,0.15625,8
CDNow,all,nMAE,QuantileGBM,0.9118064022604675,0.9070632823168379,-0.004743119943629623,0.9453125,8
CDNow,all,pit_ks,BTYD,0.05642177233598045,0.02996099635198363,-0.026460775983996817,0.0078125,8
CDNow,all,pit_ks,PoissonGBM,0.06807239389747075,0.05730449476051908,-0.010767899136951664,0.0546875,8
CDNow,all,pit_ks,QuantileGBM,0.04750456373661585,0.04318590029034941,-0.004318663446266441,0.078125,8
CDNow,all,sharpness_std,BTYD,0.7564799769681289,0.8950066349344401,0.1385266579663112,0.0078125,8
CDNow,all,sharpness_std,PoissonGBM,0.589812682157909,0.7684107399132274,0.17859805775531828,0.0078125,8
CDNow,all,sharpness_std,QuantileGBM,0.7307265147543343,0.810879986029013,0.08015347127467874,0.0078125,8
CDNow,x>0,CRPS,BTYD,0.7135797822569929,0.7117195926368542,-0.0018601896201386192,0.7421875,8
CDNow,x>0,CRPS,PoissonGBM,0.8473748207450809,0.8298357198292055,-0.01753910091587535,0.0078125,8
CDNow,x>0,CRPS,QuantileGBM,0.7954374793659749,0.7924985438226709,-0.0029389355433039333,0.1953125,8
CDNow,x>0,cov50,BTYD,0.7561442199316326,0.7796148180476188,0.023470598115986174,0.0078125,8
CDNow,x>0,cov50,PoissonGBM,0.7028755740231767,0.7104367659975677,0.007561191974390952,0.0546875,8
CDNow,x>0,cov50,QuantileGBM,0.794828332841987,0.7952960487617802,0.0004677159197931241,1.0,8
CDNow,x>0,cov95,BTYD,0.9636618275072707,0.9775525953048236,0.013890767797552911,0.0078125,8
CDNow,x>0,cov95,PoissonGBM,0.8918120369257934,0.941274923652264,0.04946288672647049,0.0078125,8
CDNow,x>0,cov95,QuantileGBM,0.9278574501356254,0.9367006118138548,0.008843161678229433,0.0078125,8
CDNow,x>0,nMAE,BTYD,0.7774778125635399,0.7918095575716396,0.014331745008099708,0.25,8
CDNow,x>0,nMAE,PoissonGBM,0.9155635353769076,0.9116601173574846,-0.0039034180194230245,0.46875,8
CDNow,x>0,nMAE,QuantileGBM,0.8938432907420453,0.8882865659686745,-0.005556724773370755,0.9453125,8
CDNow,x>0,pit_ks,BTYD,0.08670834930539531,0.0558056453603603,-0.030902703945035012,0.015625,8
CDNow,x>0,pit_ks,PoissonGBM,0.11325420233883313,0.09281557323237481,-0.020438629106458318,0.015625,8
CDNow,x>0,pit_ks,QuantileGBM,0.0794045075435979,0.07599690687089072,-0.0034076006727071784,0.640625,8
CDNow,x>0,sharpness_std,BTYD,1.3062222195319795,1.498079157653419,0.19185693812143947,0.0078125,8
CDNow,x>0,sharpness_std,PoissonGBM,0.8873584777127781,1.1158112762169143,0.22845279850413636,0.0078125,8
CDNow,x>0,sharpness_std,QuantileGBM,1.2326560280960113,1.3281055387312377,0.09544951063522625,0.0078125,8
Dunnhumby,all,CRPS,BTYD,7.140536778630009,6.900785251668893,-0.23975152696111757,0.0078125,8
Dunnhumby,all,CRPS,PoissonGBM,7.7273532418224296,7.056504614152203,-0.6708486276702268,0.0078125,8
Dunnhumby,all,CRPS,QuantileGBM,6.795806210363818,6.776776091455274,-0.01903011890854367,0.015625,8
Dunnhumby,all,cov50,BTYD,0.3704939919893191,0.5373831775700935,0.16688918558077437,0.0078125,8
Dunnhumby,all,cov50,PoissonGBM,0.26401869158878505,0.5136849132176236,0.24966622162883845,0.0078125,8
Dunnhumby,all,cov50,QuantileGBM,0.4636181575433912,0.524365821094793,0.06074766355140187,0.0078125,8
Dunnhumby,all,cov95,BTYD,0.779539385847797,0.8731642189586115,0.09362483311081442,0.0078125,8
Dunnhumby,all,cov95,PoissonGBM,0.6064753004005341,0.7885514018691588,0.1820761014686248,0.0078125,8
Dunnhumby,all,cov95,QuantileGBM,0.8583110814419226,0.8836782376502003,0.025367156208277702,0.0078125,8
Dunnhumby,all,nMAE,BTYD,0.35907359241520986,0.36164921336089906,0.0025756209456891527,0.0234375,8
Dunnhumby,all,nMAE,PoissonGBM,0.37423329604064537,0.37189898912549063,-0.002334306915154745,0.109375,8
Dunnhumby,all,nMAE,QuantileGBM,0.3593226807068154,0.3595122628920532,0.0001895821852377702,0.546875,8
Dunnhumby,all,pit_ks,BTYD,0.16760524816448674,0.10030040053404538,-0.06730484763044135,0.0078125,8
Dunnhumby,all,pit_ks,PoissonGBM,0.24094868607717865,0.11481852339405274,-0.12613016268312588,0.0078125,8
Dunnhumby,all,pit_ks,QuantileGBM,0.07642917390113058,0.06665235695557528,-0.009776816945555277,0.0078125,8
Dunnhumby,all,sharpness_std,BTYD,6.522744367091001,9.30420013331657,2.7814557662255686,0.0078125,8
Dunnhumby,all,sharpness_std,PoissonGBM,4.679669750042848,8.834771714740455,4.155101964697606,0.0078125,8
Dunnhumby,all,sharpness_std,QuantileGBM,9.34134772964514,10.934322414426902,1.592974684781762,0.0078125,8
Dunnhumby,x>0,CRPS,BTYD,7.18611740928821,6.948122295643353,-0.23799511364485615,0.0078125,8
Dunnhumby,x>0,CRPS,PoissonGBM,7.7794286611469134,7.106791771898694,-0.6726368892482196,0.0078125,8
Dunnhumby,x>0,CRPS,QuantileGBM,6.8448057272198,6.825943741203005,-0.018861986016794452,0.0078125,8
Dunnhumby,x>0,cov50,BTYD,0.3686252332191694,0.5362091956122244,0.167583962393055,0.0078125,8
Dunnhumby,x>0,cov50,PoissonGBM,0.2646196697260279,0.5146234662632097,0.25000379653718174,0.0078125,8
Dunnhumby,x>0,cov50,QuantileGBM,0.4617310556567077,0.5221026473401944,0.060371591683486776,0.0078125,8
Dunnhumby,x>0,cov95,BTYD,0.7812055603642319,0.8751790618663563,0.09397350150212438,0.0078125,8
Dunnhumby,x>0,cov95,PoissonGBM,0.6079670517464367,0.7889769423860635,0.1810098906396268,0.0078125,8
Dunnhumby,x>0,cov95,QuantileGBM,0.857543915443966,0.8831505586021324,0.02560664315816638,0.0078125,8
Dunnhumby,x>0,nMAE,BTYD,0.35711530609623615,0.35972249096473585,0.0026071848684996665,0.0234375,8
Dunnhumby,x>0,nMAE,PoissonGBM,0.371912050200698,0.36971749227935147,-0.0021945579213465127,0.109375,8
Dunnhumby,x>0,nMAE,QuantileGBM,0.35738658922869737,0.3576036886259484,0.00021709939725105681,0.546875,8
Dunnhumby,x>0,pit_ks,BTYD,0.16394592622046855,0.09790412217050073,-0.06604180404996782,0.0078125,8
Dunnhumby,x>0,pit_ks,PoissonGBM,0.23907111966992195,0.11518576970853553,-0.1238853499613864,0.0078125,8
Dunnhumby,x>0,pit_ks,QuantileGBM,0.07671043563944493,0.06629087535391542,-0.010419560285529527,0.015625,8
Dunnhumby,x>0,sharpness_std,BTYD,6.613305421989551,9.427548231321103,2.8142428093315512,0.0078125,8
Dunnhumby,x>0,sharpness_std,PoissonGBM,4.723623308251954,8.919821588796697,4.1961982805447455,0.0078125,8
Dunnhumby,x>0,sharpness_std,QuantileGBM,9.403354915738921,11.007228238808258,1.603873323069337,0.0078125,8
OnlineRetailII,all,CRPS,BTYD,0.790108707124536,0.6632238918813427,-0.1268848152431932,0.0078125,8
OnlineRetailII,all,CRPS,PoissonGBM,0.721907831406128,0.7110656229508197,-0.010842208455308297,0.0078125,8
OnlineRetailII,all,CRPS,QuantileGBM,0.6831232222140906,0.6825506807181889,-0.0005725414959015934,0.546875,8
OnlineRetailII,all,cov50,BTYD,0.8011319281811085,0.7827868852459017,-0.018345042935206876,0.0078125,8
OnlineRetailII,all,cov50,PoissonGBM,0.7556596409055425,0.7782006245120998,0.022540983606557388,0.0078125,8
OnlineRetailII,all,cov50,QuantileGBM,0.816744730679157,0.8209406713505074,0.004195940671350512,0.40625,8
OnlineRetailII,all,cov95,BTYD,0.9865339578454333,0.9715066354410616,-0.015027322404371601,0.0078125,8
OnlineRetailII,all,cov95,PoissonGBM,0.9435987509758003,0.964968774395004,0.02137002341920366,0.0078125,8
OnlineRetailII,all,cov95,QuantileGBM,0.9581381733021077,0.9620413739266198,0.0039032006245121043,0.015625,8
OnlineRetailII,all,nMAE,BTYD,0.8494063173290615,0.6837361358096676,-0.16567018151939386,0.0078125,8
OnlineRetailII,all,nMAE,PoissonGBM,0.7453893365069754,0.7317506763923494,-0.013638660114625889,0.0078125,8
OnlineRetailII,all,nMAE,QuantileGBM,0.6989707666450286,0.6996716577126647,0.000700891067636128,0.84375,8
OnlineRetailII,all,pit_ks,BTYD,0.21382318362765096,0.05121729386982501,-0.16260588975782597,0.0078125,8
OnlineRetailII,all,pit_ks,PoissonGBM,0.06381846217814355,0.04826806854039237,-0.015550393637751177,0.0546875,8
OnlineRetailII,all,pit_ks,QuantileGBM,0.037050942505747364,0.03884615068317238,0.0017952081774250186,0.9375,8
OnlineRetailII,all,sharpness_std,BTYD,1.8026517437789729,1.2714783738036002,-0.5311733699753727,0.0078125,8
OnlineRetailII,all,sharpness_std,PoissonGBM,0.9807874586221464,1.1754075065828098,0.19462004796066346,0.0078125,8
OnlineRetailII,all,sharpness_std,QuantileGBM,1.193986266466727,1.270379455330809,0.07639318886408217,0.015625,8
OnlineRetailII,x>0,CRPS,BTYD,1.005676169384133,0.8688149567441686,-0.1368612126399643,0.0078125,8
OnlineRetailII,x>0,CRPS,PoissonGBM,0.9482063953170363,0.9337188338655241,-0.014487561451512199,0.0078125,8
OnlineRetailII,x>0,CRPS,QuantileGBM,0.9010877384706681,0.8987846346949155,-0.0023031037757525463,0.3828125,8
OnlineRetailII,x>0,cov50,BTYD,0.7124042580940442,0.740739599754139,0.028335341660094895,0.015625,8
OnlineRetailII,x>0,cov50,PoissonGBM,0.7002116838878292,0.729236822704255,0.029025138816425947,0.0078125,8
OnlineRetailII,x>0,cov50,QuantileGBM,0.795238296109644,0.7949616880121905,-0.00027660809745354287,0.9375,8
OnlineRetailII,x>0,cov95,BTYD,0.9802966686688863,0.9629557714974649,-0.017340897171421427,0.0078125,8
OnlineRetailII,x>0,cov95,PoissonGBM,0.9287651714295329,0.9547497131056202,0.02598454167608734,0.0078125,8
OnlineRetailII,x>0,cov95,QuantileGBM,0.9469696223577558,0.9518243652998908,0.004854742942134907,0.015625,8
OnlineRetailII,x>0,nMAE,BTYD,0.7788221255677765,0.6487279911054802,-0.13009413446229628,0.0078125,8
OnlineRetailII,x>0,nMAE,PoissonGBM,0.7003222388211737,0.6915604308494882,-0.008761807971685562,0.0234375,8
OnlineRetailII,x>0,nMAE,QuantileGBM,0.6678394892521671,0.6685670116450676,0.0007275223929004843,0.84375,8
OnlineRetailII,x>0,pit_ks,BTYD,0.22267735150712198,0.06119094818664883,-0.16148640332047318,0.0078125,8
OnlineRetailII,x>0,pit_ks,PoissonGBM,0.06989223708665243,0.047263430707909185,-0.022628806378743246,0.0078125,8
OnlineRetailII,x>0,pit_ks,QuantileGBM,0.05042486699997397,0.05037139020139868,-5.3476798575296386e-05,0.640625,8
OnlineRetailII,x>0,sharpness_std,BTYD,2.0075190215312704,1.4858355525563414,-0.521683468974929,0.0078125,8
OnlineRetailII,x>0,sharpness_std,PoissonGBM,1.1941822756986453,1.4230771953745065,0.2288949196758613,0.0078125,8
OnlineRetailII,x>0,sharpness_std,QuantileGBM,1.486797118155841,1.5666276804087778,0.0798305622529367,0.015625,8
Simulated,all,CRPS,BTYD,0.40463878968253963,0.4064183633333333,0.0017795736507936755,0.0234375,8
Simulated,all,CRPS,PoissonGBM,0.534963345486111,0.52441765,-0.010545695486111083,0.0078125,8
Simulated,all,CRPS,QuantileGBM,0.5707063107638889,0.5486952988888889,-0.022011011874999944,0.0078125,8
Simulated,all,cov50,BTYD,0.8927777777777778,0.8933333333333333,0.0005555555555555453,1.0,8
Simulated,all,cov50,PoissonGBM,0.845,0.8502777777777778,0.005277777777777756,0.015625,8
Simulated,all,cov50,QuantileGBM,0.8899999999999999,0.9030555555555556,0.013055555555555556,0.03125,8
Simulated,all,cov95,BTYD,0.9797222222222223,0.9766666666666667,-0.0030555555555555475,0.3125,8
Simulated,all,cov95,PoissonGBM,0.9252777777777779,0.9536111111111112,0.028333333333333335,0.0078125,8
Simulated,all,cov95,QuantileGBM,0.9658333333333333,0.9688888888888889,0.0030555555555555614,0.03125,8
Simulated,all,nMAE,BTYD,0.6295875709372216,0.6309488826365236,0.0013613116993020508,0.578125,8
Simulated,all,nMAE,PoissonGBM,0.7495030122288747,0.7511641933590121,0.0016611811301372459,0.546875,8
Simulated,all,nMAE,QuantileGBM,0.9639944452974424,0.9428325813757228,-0.021161863921719495,0.015625,8
Simulated,all,pit_ks,BTYD,0.029031602782982575,0.03449410085365304,0.005462498070670459,0.0390625,8
Simulated,all,pit_ks,PoissonGBM,0.06217847267922348,0.04858714858801842,-0.013591324091205056,0.0078125,8
Simulated,all,pit_ks,QuantileGBM,0.0767320562674676,0.06095552920518927,-0.01577652706227832,0.0078125,8
Simulated,all,sharpness_std,BTYD,0.8880192876612714,0.8289699280175241,-0.059049359643747204,0.0390625,8
Simulated,all,sharpness_std,PoissonGBM,0.4759940295491296,0.6413674579507378,0.16537342840160812,0.0078125,8
Simulated,all,sharpness_std,QuantileGBM,0.899395740389149,0.9375674380045678,0.03817169761541875,0.109375,8
Simulated,x>0,CRPS,BTYD,0.7349316943685804,0.7382279020001548,0.0032962076315742744,0.0390625,8
Simulated,x>0,CRPS,PoissonGBM,0.9775782500950072,0.9563826232657419,-0.021195626829265304,0.0078125,8
Simulated,x>0,CRPS,QuantileGBM,1.0480917763059097,1.0067525277625706,-0.041339248543338925,0.0078125,8
Simulated,x>0,cov50,BTYD,0.8238133782028092,0.8252877560447074,0.0014743778418981751,0.9375,8
Simulated,x>0,cov50,PoissonGBM,0.7332098298539986,0.7432359895020548,0.010026159648056157,0.015625,8
Simulated,x>0,cov50,QuantileGBM,0.8179617057280457,0.8427723694922054,0.02481066376415965,0.0234375,8
Simulated,x>0,cov95,BTYD,0.9799111200586788,0.9750479002842618,-0.0048632197744169076,0.125,8
Simulated,x>0,cov95,PoissonGBM,0.8807529971967496,0.920564048172013,0.03981105097526334,0.0078125,8
Simulated,x>0,cov95,QuantileGBM,0.9577484420182446,0.9634885196169661,0.005740077598721555,0.03125,8
Simulated,x>0,nMAE,BTYD,0.6218022252934283,0.6231834169496637,0.0013811916562355003,0.578125,8
Simulated,x>0,nMAE,PoissonGBM,0.7410763639893909,0.7431242489378945,0.00204788494850347,0.546875,8
Simulated,x>0,nMAE,QuantileGBM,0.9632732902289437,0.9417015289081294,-0.02157176132081419,0.015625,8
Simulated,x>0,pit_ks,BTYD,0.05002770677260202,0.05682186110134543,0.006794154328743408,0.078125,8
Simulated,x>0,pit_ks,PoissonGBM,0.09171355129595679,0.07975115141637079,-0.011962399879585993,0.1484375,8
Simulated,x>0,pit_ks,QuantileGBM,0.11415141452556027,0.08813440447401512,-0.026017010051545157,0.0078125,8
Simulated,x>0,sharpness_std,BTYD,1.4854439160340787,1.4034882041118144,-0.08195571192226442,0.0390625,8
Simulated,x>0,sharpness_std,PoissonGBM,0.7816055476281738,1.006230583650455,0.22462503602228118,0.0078125,8
Simulated,x>0,sharpness_std,QuantileGBM,1.6283701833780069,1.6926005080640798,0.06423032468607276,0.1953125,8
