N,method,secs,CRPS
500,Amortized,0.24832093715667725,0.3957326875
500,Laplace,1.1071804761886597,0.39647554166666665
500,MCMC,0.4939424991607666,0.39908941666666664
500,MLE_1start,0.5558962821960449,0.3912968125
500,MLE_multistart,1.0200395584106445,0.39022135416666665
500,PoissonGBM,1.2679921388626099,0.6344069583333333
500,heuristic,9.942054748535156e-05,1.2233333333333332
1000,Amortized,0.3696073293685913,0.4014057916666667
1000,Laplace,2.3238072395324707,0.40223964583333327
1000,MCMC,0.6442238092422485,0.40712174999999995
1000,MLE_1start,0.9967855215072632,0.40450927083333327
1000,MLE_multistart,1.5203629732131958,0.40450927083333327
1000,PoissonGBM,0.3827112913131714,0.6129674583333333
1000,heuristic,0.0001016855239868164,1.23
2000,Amortized,0.6231110095977783,0.42928821875
2000,Laplace,3.222098708152771,0.4328022083333333
2000,MCMC,0.9414010047912598,0.43053766666666665
2000,MLE_1start,2.0493156909942627,0.42826804166666665
2000,MLE_multistart,3.3659229278564453,0.42826804166666665
2000,PoissonGBM,0.4442765712738037,0.5346730104166666
2000,heuristic,0.00014197826385498047,1.2483333333333333
4000,Amortized,1.0968126058578491,0.4120057239583333
4000,Laplace,7.119322419166565,0.40867550781249995
4000,MCMC,1.5498100519180298,0.40923164583333327
4000,MLE_1start,4.190629959106445,0.4107096953125
4000,MLE_multistart,5.942880272865295,0.40931659895833333
4000,PoissonGBM,0.49350881576538086,0.4918982734374999
4000,heuristic,0.000559687614440918,1.33625
8000,Amortized,1.9948521852493286,0.3997760494791667
8000,Laplace,18.550163507461548,0.3977975130208333
8000,MCMC,2.6231470108032227,0.39733755729166664
8000,MLE_1start,9.159461736679077,0.39830297656249997
8000,MLE_multistart,18.80613374710083,0.3991423997395833
8000,PoissonGBM,0.721880316734314,0.44086204166666665
8000,heuristic,0.0008984804153442383,1.2852083333333333
