seed,features,count_pit_ks,count_CRPS,churn_ece,churn_brier
0,RFM,0.19391437586159516,8.454220052083334,0.0,0.0
0,RFM+demo,0.2107118321970302,8.688083020833334,0.0,0.0
1,RFM,0.2440223734362641,8.717212083333333,0.0,0.0
1,RFM+demo,0.2442397575794681,9.348789270833331,0.0,0.0
2,RFM,0.2014057142063596,8.801967552083333,0.0,0.0
2,RFM+demo,0.1980495423215729,8.913333984374999,0.0,0.0
3,RFM,0.19575841977780317,9.152955234374998,0.0,0.0
3,RFM+demo,0.19470934977454962,8.782725989583332,0.0,0.0
4,RFM,0.20368686379208323,9.371491744791665,0.0,0.0
4,RFM+demo,0.20399962479543798,9.1892803125,0.0,0.0
5,RFM,0.21224783932511448,9.333378020833333,0.0,0.0
5,RFM+demo,0.20681580490951734,9.528227057291668,0.0,0.0
6,RFM,0.2213371250429411,8.983960807291668,0.0,0.0
6,RFM+demo,0.21205090268568966,9.141828984375,0.0,0.0
7,RFM,0.16416809218182787,7.95254953125,0.0,0.0
7,RFM+demo,0.1827629523766673,8.630577552083333,0.0,0.0
8,RFM,0.2224486082038321,8.944857317708333,0.0,0.0
8,RFM+demo,0.20000448961207434,9.147879140625,0.0,0.0
9,RFM,0.2156832599722856,9.716573359374998,0.0,0.0
9,RFM+demo,0.19640455883816132,9.852616067708334,0.0,0.0
