policy,dr_value,seed
treat_all,1595.8646396255483,0
treat_none,1268.730649293321,0
uplift_CausalForest,1497.4400888818102,0
uplift_Xlearner,1476.4196907017197,0
target_value,1208.7570182317424,0
random,1330.4313519266932,0
treat_all,1654.3214666351942,1
treat_none,1099.7046886982102,1
uplift_CausalForest,1225.738682991929,1
uplift_Xlearner,1293.6305725899413,1
target_value,1304.8876003269413,1
random,1401.1383676130254,1
treat_all,1530.7574613272907,2
treat_none,995.0899638710544,2
uplift_CausalForest,1303.4810254796594,2
uplift_Xlearner,1091.5252475484083,2
target_value,1249.4990734269898,2
random,1012.3044923900694,2
treat_all,1672.5114446450184,3
treat_none,1497.447405915881,3
uplift_CausalForest,1675.8529522519796,3
uplift_Xlearner,1660.5511719317687,3
target_value,1144.7678497813229,3
random,1727.9864052875223,3
treat_all,1779.0238210612097,4
treat_none,1060.331234621864,4
uplift_CausalForest,1403.9622484906806,4
uplift_Xlearner,1432.2963402987682,4
target_value,1323.3655483317891,4
random,1355.1553637469701,4
