method,qini_auc,uplift_at_30,seed
uplift_CausalForest,0.012432915484047088,0.055235585337852444,0
uplift_Tlearner,0.009289057319058646,0.04941894864407359,0
uplift_Xlearner,0.007715559310128694,0.04423445619164196,0
target_value,-0.005770544318865233,0.01826814401814758,0
random,0.0032557353809237453,0.036896003823362555,0
uplift_CausalForest,0.009656879474837739,0.05897341771417547,1
uplift_Tlearner,0.010614331726872235,0.06110552777959194,1
uplift_Xlearner,0.012236153275738425,0.06156103111830785,1
target_value,-0.008433501915339479,0.01123108311176535,1
random,-0.0005052915971338124,0.028542431137627555,1
uplift_CausalForest,0.00993236744458808,0.05740521942061,2
uplift_Tlearner,0.00892383702759632,0.054172667672147456,2
uplift_Xlearner,0.012635409937588061,0.05973799119307838,2
target_value,-0.00758938531265204,0.014209678678222537,2
random,-0.0029098266697878705,0.03887021485097908,2
