estimator,coverage90,policy_pct,regret,target,structure,assignment,delta,seed
CausalForest_1200t,0.8894444444444445,0.9173573243447749,1.7778371646947078,mu,homogeneous,randomized,0.5,0
conformal_ITE,0.955,0.7155361448777342,6.119482575304543,mu,homogeneous,randomized,0.5,0
CausalForest_1200t,0.9022222222222223,0.7362114358803805,5.461148580242497,mu,homogeneous,randomized,0.5,1
conformal_ITE,0.9616666666666667,0.49591350540470275,10.435976455105834,mu,homogeneous,randomized,0.5,1
CausalForest_1200t,0.9255555555555556,0.7578258896731839,5.021601833046224,mu,homogeneous,randomized,0.5,2
conformal_ITE,0.9505555555555556,0.5777744113174923,8.755059685058024,mu,homogeneous,randomized,0.5,2
CausalForest_1200t,0.9083333333333333,0.8956166427023166,2.402512370370682,mu,homogeneous,randomized,0.5,3
conformal_ITE,0.9622222222222222,0.46212024816972064,12.37996928819646,mu,homogeneous,randomized,0.5,3
CausalForest_1200t,0.8644444444444445,0.8408388928126761,3.2293802787117096,mu,homogeneous,randomized,0.5,4
conformal_ITE,0.9644444444444444,0.5594561144297027,8.938639351718791,mu,homogeneous,randomized,0.5,4
CausalForest_1200t,0.9211111111111111,0.9765647590597841,0.5324521354163516,mu,homogeneous,randomized,0.5,5
conformal_ITE,0.9611111111111111,0.5644238541821984,9.896354365152787,mu,homogeneous,randomized,0.5,5
CausalForest_1200t,0.925,0.7827655750208321,4.911793836831746,mu,homogeneous,randomized,0.5,6
conformal_ITE,0.9594444444444444,0.2863765723170182,16.13543136290738,mu,homogeneous,randomized,0.5,6
CausalForest_1200t,0.8577777777777778,0.22196680182786438,17.240276149118806,mu,homogeneous,randomized,0.5,7
conformal_ITE,0.9788888888888889,0.6376079241504861,8.030170790367418,mu,homogeneous,randomized,0.5,7
CausalForest_1200t,0.8733333333333333,0.8007659713974993,4.756642928615503,mu,homogeneous,randomized,0.5,8
conformal_ITE,0.9688888888888889,0.3600676953711737,15.27816052788043,mu,homogeneous,randomized,0.5,8
CausalForest_1200t,0.8816666666666667,0.709488391561412,5.892394986879566,mu,homogeneous,randomized,0.5,9
conformal_ITE,0.9633333333333334,0.5662202507747329,8.798277058471342,mu,homogeneous,randomized,0.5,9
CausalForest_1200t,0.77,0.8470256456065041,3.290836003671199,mu,homogeneous,confounded,0.5,0
conformal_ITE,0.9594444444444444,0.8090268579132196,4.108278764797409,mu,homogeneous,confounded,0.5,0
CausalForest_1200t,0.7577777777777778,0.7718229531202778,4.723892257308208,mu,homogeneous,confounded,0.5,1
conformal_ITE,0.9555555555555556,0.6842609354522143,6.536666780218423,mu,homogeneous,confounded,0.5,1
CausalForest_1200t,0.7972222222222223,0.37186245245252414,13.024747591362543,mu,homogeneous,confounded,0.5,2
conformal_ITE,0.9455555555555556,0.42026944637886177,12.021004255195376,mu,homogeneous,confounded,0.5,2
CausalForest_1200t,0.855,0.599343779691215,9.22159959669337,mu,homogeneous,confounded,0.5,3
conformal_ITE,0.9383333333333334,0.6166710612158705,8.82279073208518,mu,homogeneous,confounded,0.5,3
CausalForest_1200t,0.82,0.33210988685049264,13.551496328892911,mu,homogeneous,confounded,0.5,4
conformal_ITE,0.9255555555555556,0.5678906863936304,8.767501811643598,mu,homogeneous,confounded,0.5,4
CausalForest_1200t,0.8233333333333334,0.9293529841369699,1.6051106345790687,mu,homogeneous,confounded,0.5,5
conformal_ITE,0.945,0.4692279441416031,12.059219501181168,mu,homogeneous,confounded,0.5,5
CausalForest_1200t,0.8522222222222222,0.5734512243131986,9.644510292176177,mu,homogeneous,confounded,0.5,6
conformal_ITE,0.9672222222222222,0.6893381765483826,7.024240425590449,mu,homogeneous,confounded,0.5,6
CausalForest_1200t,0.9144444444444444,0.7156519437623644,6.300809558665399,mu,homogeneous,confounded,0.5,7
conformal_ITE,0.9511111111111111,0.37302215981973735,13.893071824544835,mu,homogeneous,confounded,0.5,7
CausalForest_1200t,0.7555555555555555,0.004069035676126316,23.77750433532573,mu,homogeneous,confounded,0.5,8
conformal_ITE,0.9561111111111111,0.5572295972698985,10.570988901440806,mu,homogeneous,confounded,0.5,8
CausalForest_1200t,0.8305555555555556,0.772187569817547,4.6206787700179,mu,homogeneous,confounded,0.5,9
conformal_ITE,0.9711111111111111,0.5987479531743544,8.13852348929596,mu,homogeneous,confounded,0.5,9
CausalForest_1200t,0.8616666666666667,0.9806027953071678,0.7448749002642823,mu,heterogeneous,randomized,0.5,0
conformal_ITE,0.9572222222222222,0.625563254834516,14.378800328558993,mu,heterogeneous,randomized,0.5,0
CausalForest_1200t,0.9033333333333333,0.840663248519223,5.946332485311173,mu,heterogeneous,randomized,0.5,1
conformal_ITE,0.9594444444444444,0.6531305879743584,12.944915932578798,mu,heterogeneous,randomized,0.5,1
CausalForest_1200t,0.8972222222222223,0.9550698554906791,1.6612020424348883,mu,heterogeneous,randomized,0.5,2
conformal_ITE,0.9522222222222222,0.5156827801649316,17.906658515409337,mu,heterogeneous,randomized,0.5,2
CausalForest_1200t,0.8438888888888889,0.938608638868338,2.5891437671161435,mu,heterogeneous,randomized,0.5,3
conformal_ITE,0.955,0.7065047672291713,12.377985087790806,mu,heterogeneous,randomized,0.5,3
CausalForest_1200t,0.8655555555555555,0.776151436140423,8.226404023311527,mu,heterogeneous,randomized,0.5,4
conformal_ITE,0.9672222222222222,0.6437076705878457,13.093694244068676,mu,heterogeneous,randomized,0.5,4
CausalForest_1200t,0.9316666666666666,0.8830246998417609,4.857573046138883,mu,heterogeneous,randomized,0.5,5
conformal_ITE,0.9511111111111111,0.6057836946196452,16.370417487910927,mu,heterogeneous,randomized,0.5,5
CausalForest_1200t,0.8833333333333333,0.4626581249996251,21.736722509726448,mu,heterogeneous,randomized,0.5,6
conformal_ITE,0.9555555555555556,0.5427665118893222,18.49615285093717,mu,heterogeneous,randomized,0.5,6
CausalForest_1200t,0.8716666666666667,0.5259427136403247,19.235975594550343,mu,heterogeneous,randomized,0.5,7
conformal_ITE,0.9627777777777777,0.6024204409840754,16.132714155394027,mu,heterogeneous,randomized,0.5,7
CausalForest_1200t,0.8405555555555555,0.9785697639896956,0.9452417955396797,mu,heterogeneous,randomized,0.5,8
conformal_ITE,0.97,0.4969628006610321,22.18789309169465,mu,heterogeneous,randomized,0.5,8
CausalForest_1200t,0.8794444444444445,0.671845161592456,11.913163680144672,mu,heterogeneous,randomized,0.5,9
conformal_ITE,0.9583333333333334,0.6395394321797975,13.085974186816202,mu,heterogeneous,randomized,0.5,9
CausalForest_1200t,0.7644444444444445,0.9523751656336702,1.828848244398412,mu,heterogeneous,confounded,0.5,0
conformal_ITE,0.9638888888888889,0.7690915982798976,8.867147376395097,mu,heterogeneous,confounded,0.5,0
CausalForest_1200t,0.7183333333333334,0.9233658039351906,2.859932848579871,mu,heterogeneous,confounded,0.5,1
conformal_ITE,0.965,0.7514493778662511,9.275729703931619,mu,heterogeneous,confounded,0.5,1
CausalForest_1200t,0.7272222222222222,0.35209149938475953,23.955118246051523,mu,heterogeneous,confounded,0.5,2
conformal_ITE,0.9433333333333334,0.42649421862443937,21.20422682307769,mu,heterogeneous,confounded,0.5,2
CausalForest_1200t,0.8238888888888889,0.8728595573057844,5.362071774954368,mu,heterogeneous,confounded,0.5,3
conformal_ITE,0.9477777777777778,0.7428817908958363,10.843805972739279,mu,heterogeneous,confounded,0.5,3
CausalForest_1200t,0.8061111111111111,0.870510997772837,4.758703073763568,mu,heterogeneous,confounded,0.5,4
conformal_ITE,0.9433333333333334,0.6858775775461583,11.543955946519649,mu,heterogeneous,confounded,0.5,4
CausalForest_1200t,0.7566666666666667,0.9288279917922214,2.955523330497987,mu,heterogeneous,confounded,0.5,5
conformal_ITE,0.9316666666666666,0.6296779952152626,15.378171172897423,mu,heterogeneous,confounded,0.5,5
CausalForest_1200t,0.8616666666666667,0.7448654147776627,10.32078447563431,mu,heterogeneous,confounded,0.5,6
conformal_ITE,0.9477777777777778,0.7771427468307748,9.0150916889102,mu,heterogeneous,confounded,0.5,6
CausalForest_1200t,0.8683333333333333,0.9562309660559241,1.776030224554965,mu,heterogeneous,confounded,0.5,7
conformal_ITE,0.9572222222222222,0.6678652893680698,13.477137408603097,mu,heterogeneous,confounded,0.5,7
CausalForest_1200t,0.8377777777777777,0.09229742671165547,40.03681572981787,mu,heterogeneous,confounded,0.5,8
conformal_ITE,0.955,0.6107463879000105,17.169142843073836,mu,heterogeneous,confounded,0.5,8
CausalForest_1200t,0.8177777777777778,0.9484076349312343,1.872982561197718,mu,heterogeneous,confounded,0.5,9
conformal_ITE,0.9716666666666667,0.6509337455983374,12.672320920459809,mu,heterogeneous,confounded,0.5,9
CausalForest_1200t,0.8105555555555556,-17.26259533544346,9.59394067682031,mu,sleeping_dogs,randomized,0.5,0
conformal_ITE,0.9672222222222222,-13.201372035299562,7.460446794859155,mu,sleeping_dogs,randomized,0.5,0
CausalForest_1200t,0.9338888888888889,-6.957461932994517,3.812511899591142,mu,sleeping_dogs,randomized,0.5,1
conformal_ITE,0.9805555555555555,-14.829681675140385,7.584183281226403,mu,sleeping_dogs,randomized,0.5,1
CausalForest_1200t,0.8677777777777778,-2.379538527869649,1.4754364110328013,mu,sleeping_dogs,randomized,0.5,2
conformal_ITE,0.9772222222222222,-10.622109124240325,5.07397173711467,mu,sleeping_dogs,randomized,0.5,2
CausalForest_1200t,0.7927777777777778,-0.3235572957426562,0.44063477398054307,mu,sleeping_dogs,randomized,0.5,3
conformal_ITE,0.9605555555555556,-18.617222270079218,6.530907523918118,mu,sleeping_dogs,randomized,0.5,3
CausalForest_1200t,0.8844444444444445,-15.456459173011387,3.146285694119518,mu,sleeping_dogs,randomized,0.5,4
conformal_ITE,0.9694444444444444,-47.91033337026158,9.351093121529056,mu,sleeping_dogs,randomized,0.5,4
CausalForest_1200t,0.9011111111111111,0.18676034614840492,0.396062449828767,mu,sleeping_dogs,randomized,0.5,5
conformal_ITE,0.9633333333333334,-14.58964529342041,7.592439790202791,mu,sleeping_dogs,randomized,0.5,5
CausalForest_1200t,0.8655555555555555,-0.2184824927582683,0.39604827048767444,mu,sleeping_dogs,randomized,0.5,6
conformal_ITE,0.9727777777777777,-12.056607023891315,4.243841549617774,mu,sleeping_dogs,randomized,0.5,6
CausalForest_1200t,0.8738888888888889,-9.68072981103041,5.182558478292673,mu,sleeping_dogs,randomized,0.5,7
conformal_ITE,0.9677777777777777,-19.19258665141193,9.797950421033862,mu,sleeping_dogs,randomized,0.5,7
CausalForest_1200t,0.9311111111111111,-3.140629358831986,1.760167166003704,mu,sleeping_dogs,randomized,0.5,8
conformal_ITE,0.9738888888888889,-17.87644226389252,8.024310075712922,mu,sleeping_dogs,randomized,0.5,8
CausalForest_1200t,0.8627777777777778,-17.72491637667057,6.211959613332538,mu,sleeping_dogs,randomized,0.5,9
conformal_ITE,0.9733333333333334,-16.26751267752718,5.72846837965847,mu,sleeping_dogs,randomized,0.5,9
CausalForest_1200t,0.8333333333333334,-10.27473731189347,5.922989527512948,mu,sleeping_dogs,confounded,0.5,0
conformal_ITE,0.9638888888888889,-15.686343968201403,8.765884103736855,mu,sleeping_dogs,confounded,0.5,0
CausalForest_1200t,0.8894444444444445,-11.123585909525113,5.808550004383896,mu,sleeping_dogs,confounded,0.5,1
conformal_ITE,0.9422222222222222,-14.815915689568943,7.577587838578653,mu,sleeping_dogs,confounded,0.5,1
CausalForest_1200t,0.7144444444444444,-11.666604139103447,5.529976592026842,mu,sleeping_dogs,confounded,0.5,2
conformal_ITE,0.9488888888888889,-15.45054756061804,7.181967790041083,mu,sleeping_dogs,confounded,0.5,2
CausalForest_1200t,0.8355555555555556,-14.184792273534969,5.055276060139312,mu,sleeping_dogs,confounded,0.5,3
conformal_ITE,0.9411111111111111,-30.80204422784546,10.5874423536709,mu,sleeping_dogs,confounded,0.5,3
CausalForest_1200t,0.8655555555555555,-49.84393764814936,9.72077601708072,mu,sleeping_dogs,confounded,0.5,4
conformal_ITE,0.9705555555555555,-47.94799268273471,9.358293148876303,mu,sleeping_dogs,confounded,0.5,4
CausalForest_1200t,0.86,-22.98047196607869,11.678924447366414,mu,sleeping_dogs,confounded,0.5,5
conformal_ITE,0.9572222222222222,-18.127120393598027,9.315254273914974,mu,sleeping_dogs,confounded,0.5,5
CausalForest_1200t,0.84,-10.018088315249257,3.5812536062433398,mu,sleeping_dogs,confounded,0.5,6
conformal_ITE,0.9627777777777777,-37.45470269130679,12.499086842465777,mu,sleeping_dogs,confounded,0.5,6
CausalForest_1200t,0.8788888888888889,-7.224277766833319,3.9906262233426877,mu,sleeping_dogs,confounded,0.5,7
conformal_ITE,0.9777777777777777,-15.67736938039157,8.092278674506474,mu,sleeping_dogs,confounded,0.5,7
CausalForest_1200t,0.8738888888888889,-0.8909886569584604,0.8038527133958774,mu,sleeping_dogs,confounded,0.5,8
conformal_ITE,0.9705555555555555,-19.016484287984117,8.50893798243203,mu,sleeping_dogs,confounded,0.5,8
CausalForest_1200t,0.8766666666666667,-13.055729826007122,4.662964803616112,mu,sleeping_dogs,confounded,0.5,9
conformal_ITE,0.9594444444444444,-28.413481140418096,9.757873053010858,mu,sleeping_dogs,confounded,0.5,9
CausalForest_1200t,0.7788888888888889,0.994264913780504,0.8379469704328222,both,homogeneous,randomized,0.5,0
conformal_ITE,0.9588888888888889,0.8662294663736408,19.545061590240575,both,homogeneous,randomized,0.5,0
CausalForest_1200t,0.7466666666666667,0.9959594885973206,0.6407966991244919,both,homogeneous,randomized,0.5,1
conformal_ITE,0.9655555555555555,0.7561269690070298,38.676548013737,both,homogeneous,randomized,0.5,1
CausalForest_1200t,0.8438888888888889,0.993100675659883,0.9584515096300715,both,homogeneous,randomized,0.5,2
conformal_ITE,0.9422222222222222,0.7772033195455009,30.950829993674724,both,homogeneous,randomized,0.5,2
CausalForest_1200t,0.7844444444444445,0.9775755016846968,3.357909005571823,both,homogeneous,randomized,0.5,3
conformal_ITE,0.9594444444444444,0.8775508348210731,18.335890894757323,both,homogeneous,randomized,0.5,3
CausalForest_1200t,0.735,0.995541791245362,0.6325574173546435,both,homogeneous,randomized,0.5,4
conformal_ITE,0.9566666666666667,0.7341683652136691,37.7177879292146,both,homogeneous,randomized,0.5,4
CausalForest_1200t,0.8216666666666667,0.9912314396371207,1.3750948667216452,both,homogeneous,randomized,0.5,5
conformal_ITE,0.9594444444444444,0.716830511839603,44.40693722426448,both,homogeneous,randomized,0.5,5
CausalForest_1200t,0.8116666666666666,0.995750253843521,0.651330679215963,both,homogeneous,randomized,0.5,6
conformal_ITE,0.96,0.7509463320734184,38.17081978991571,both,homogeneous,randomized,0.5,6
CausalForest_1200t,0.7733333333333333,0.9839064665369115,2.388204593208276,both,homogeneous,randomized,0.5,7
conformal_ITE,0.9633333333333334,0.793098007117182,30.70328159319368,both,homogeneous,randomized,0.5,7
CausalForest_1200t,0.7783333333333333,0.9977886514447275,0.326830583474366,both,homogeneous,randomized,0.5,8
conformal_ITE,0.9572222222222222,0.7699306106789879,34.00355523876801,both,homogeneous,randomized,0.5,8
CausalForest_1200t,0.7672222222222222,0.9957411146520482,0.6472012027935772,both,homogeneous,randomized,0.5,9
conformal_ITE,0.9638888888888889,0.8242660590735567,26.70539557819942,both,homogeneous,randomized,0.5,9
CausalForest_1200t,0.7566666666666667,0.9943536392535494,0.8249833917710283,both,homogeneous,confounded,0.5,0
conformal_ITE,0.9527777777777777,0.8805526155523482,17.452322440033004,both,homogeneous,confounded,0.5,0
CausalForest_1200t,0.7655555555555555,0.9955190553885735,0.7106463092908638,both,homogeneous,confounded,0.5,1
conformal_ITE,0.9655555555555555,0.8435609908902374,24.810126902591307,both,homogeneous,confounded,0.5,1
CausalForest_1200t,0.7816666666666666,0.9704015876810744,4.11180016639809,both,homogeneous,confounded,0.5,2
conformal_ITE,0.9411111111111111,0.7222863955387585,38.57986816085409,both,homogeneous,confounded,0.5,2
CausalForest_1200t,0.805,0.9919393248211348,1.2070287323052051,both,homogeneous,confounded,0.5,3
conformal_ITE,0.9244444444444444,0.8293927187719788,25.547225984571543,both,homogeneous,confounded,0.5,3
CausalForest_1200t,0.7922222222222223,0.9315604488707261,9.710614304950772,both,homogeneous,confounded,0.5,4
conformal_ITE,0.9288888888888889,0.6562026088045733,48.78003741785333,both,homogeneous,confounded,0.5,4
CausalForest_1200t,0.7861111111111111,0.977651836055468,3.5046625955698416,both,homogeneous,confounded,0.5,5
conformal_ITE,0.9294444444444444,0.7585871395718538,37.85861890632229,both,homogeneous,confounded,0.5,5
CausalForest_1200t,0.85,0.991867715908458,1.246381766319359,both,homogeneous,confounded,0.5,6
conformal_ITE,0.9594444444444444,0.8273686952143628,26.458066166739137,both,homogeneous,confounded,0.5,6
CausalForest_1200t,0.7716666666666666,0.9955171447278887,0.6652346158846437,both,homogeneous,confounded,0.5,7
conformal_ITE,0.9555555555555556,0.739255831794678,38.69320690751011,both,homogeneous,confounded,0.5,7
CausalForest_1200t,0.7861111111111111,0.9817014585232096,2.7044687158566862,both,homogeneous,confounded,0.5,8
conformal_ITE,0.9327777777777778,0.7900264044524354,31.03345810564233,both,homogeneous,confounded,0.5,8
CausalForest_1200t,0.6655555555555556,0.9954411816956337,0.692780492746129,both,homogeneous,confounded,0.5,9
conformal_ITE,0.9672222222222222,0.8074091074455723,29.267061008876382,both,homogeneous,confounded,0.5,9
CausalForest_1200t,0.7333333333333333,0.9973977070719355,0.664117326422808,both,heterogeneous,randomized,0.5,0
conformal_ITE,0.9644444444444444,0.9095855664479598,23.074186319706268,both,heterogeneous,randomized,0.5,0
CausalForest_1200t,0.7322222222222222,0.9982602740303377,0.4816314587237947,both,heterogeneous,randomized,0.5,1
conformal_ITE,0.9527777777777777,0.8150405000564168,51.204796224282404,both,heterogeneous,randomized,0.5,1
CausalForest_1200t,0.7966666666666666,0.9981150326737546,0.45614162068587677,both,heterogeneous,randomized,0.5,2
conformal_ITE,0.9427777777777778,0.8615073488869084,33.51371742747261,both,heterogeneous,randomized,0.5,2
CausalForest_1200t,0.7877777777777778,0.9959952047744384,1.065887738604118,both,heterogeneous,randomized,0.5,3
conformal_ITE,0.9494444444444444,0.9285879259360059,19.006528385587153,both,heterogeneous,randomized,0.5,3
CausalForest_1200t,0.7561111111111111,0.9980958304363243,0.4763614795360546,both,heterogeneous,randomized,0.5,4
conformal_ITE,0.95,0.8840119277209056,29.016454612766005,both,heterogeneous,randomized,0.5,4
CausalForest_1200t,0.72,0.995481047889404,1.2460511275424182,both,heterogeneous,randomized,0.5,5
conformal_ITE,0.9433333333333334,0.7955370850599491,56.378390269786955,both,heterogeneous,randomized,0.5,5
CausalForest_1200t,0.7205555555555555,0.9982020876603636,0.4823901958686636,both,heterogeneous,randomized,0.5,6
conformal_ITE,0.96,0.893337044728671,28.61828285558741,both,heterogeneous,randomized,0.5,6
CausalForest_1200t,0.6877777777777778,0.9967389633246794,0.8536572296595033,both,heterogeneous,randomized,0.5,7
conformal_ITE,0.9605555555555556,0.8755422993443354,32.579889933639365,both,heterogeneous,randomized,0.5,7
CausalForest_1200t,0.7261111111111112,0.9980336483000921,0.5186746666610189,both,heterogeneous,randomized,0.5,8
conformal_ITE,0.9555555555555556,0.8354438314728548,43.4058240251874,both,heterogeneous,randomized,0.5,8
CausalForest_1200t,0.7561111111111111,0.997897821811637,0.55491074096405,both,heterogeneous,randomized,0.5,9
conformal_ITE,0.9672222222222222,0.934157565933343,17.3803886259787,both,heterogeneous,randomized,0.5,9
CausalForest_1200t,0.6255555555555555,0.9968069258430043,0.8148874591881435,both,heterogeneous,confounded,0.5,0
conformal_ITE,0.945,0.9043017693761658,24.422636045268284,both,heterogeneous,confounded,0.5,0
CausalForest_1200t,0.7577777777777778,0.9982602740303377,0.4816314587237947,both,heterogeneous,confounded,0.5,1
conformal_ITE,0.9461111111111111,0.9072701483429624,25.67163708517195,both,heterogeneous,confounded,0.5,1
CausalForest_1200t,0.7805555555555556,0.9957130610244411,1.0373926724702405,both,heterogeneous,confounded,0.5,2
conformal_ITE,0.9255555555555556,0.7677196043719468,56.209332989541196,both,heterogeneous,confounded,0.5,2
CausalForest_1200t,0.7511111111111111,0.9956466831889913,1.158647758441285,both,heterogeneous,confounded,0.5,3
conformal_ITE,0.9227777777777778,0.9256569031510699,19.78662850858272,both,heterogeneous,confounded,0.5,3
CausalForest_1200t,0.7627777777777778,0.9960577907075108,0.9862129334669185,both,heterogeneous,confounded,0.5,4
conformal_ITE,0.9244444444444444,0.8189252630077929,45.299027600098505,both,heterogeneous,confounded,0.5,4
CausalForest_1200t,0.7372222222222222,0.9921850197314108,2.1548944837374924,both,heterogeneous,confounded,0.5,5
conformal_ITE,0.9155555555555556,0.8789571783227108,33.37622102218056,both,heterogeneous,confounded,0.5,5
CausalForest_1200t,0.725,0.9966152733835651,0.9081415703471025,both,heterogeneous,confounded,0.5,6
conformal_ITE,0.95,0.8901584608705367,29.471115141181734,both,heterogeneous,confounded,0.5,6
CausalForest_1200t,0.7683333333333333,0.9985404676902946,0.38206878123478316,both,heterogeneous,confounded,0.5,7
conformal_ITE,0.9372222222222222,0.8258932737759924,45.57675376615012,both,heterogeneous,confounded,0.5,7
CausalForest_1200t,0.7238888888888889,0.9935417756602545,1.703518936513962,both,heterogeneous,confounded,0.5,8
conformal_ITE,0.9477777777777778,0.8240906700431867,46.40050560750944,both,heterogeneous,confounded,0.5,8
CausalForest_1200t,0.6783333333333333,0.995821303697649,1.1030480071753521,both,heterogeneous,confounded,0.5,9
conformal_ITE,0.9622222222222222,0.8996233349032795,26.496369295742383,both,heterogeneous,confounded,0.5,9
CausalForest_1200t,0.7161111111111111,0.7024185499049252,1.0150994103205908,both,sleeping_dogs,randomized,0.5,0
conformal_ITE,0.9377777777777778,-4.736786730237267,19.569125780986383,both,sleeping_dogs,randomized,0.5,0
CausalForest_1200t,0.7172222222222222,0.2596060769925361,1.9086104947171096,both,sleeping_dogs,randomized,0.5,1
conformal_ITE,0.9583333333333334,-6.222983206740597,18.61963087913077,both,sleeping_dogs,randomized,0.5,1
CausalForest_1200t,0.76,0.5415208978380803,1.4794517304544974,both,sleeping_dogs,randomized,0.5,2
conformal_ITE,0.9466666666666667,-2.6628523941711424,11.819542673598411,both,sleeping_dogs,randomized,0.5,2
CausalForest_1200t,0.7105555555555556,0.016164737067002066,2.780220264394054,both,sleeping_dogs,randomized,0.5,3
conformal_ITE,0.9427777777777778,-2.434819327424794,9.706456617716418,both,sleeping_dogs,randomized,0.5,3
CausalForest_1200t,0.7855555555555556,0.5405315139085547,0.6551006425810912,both,sleeping_dogs,randomized,0.5,4
conformal_ITE,0.9538888888888889,-10.373837238094243,16.216581351795586,both,sleeping_dogs,randomized,0.5,4
CausalForest_1200t,0.6777777777777778,0.5717826369187384,1.5407055246063885,both,sleeping_dogs,randomized,0.5,5
conformal_ITE,0.9494444444444444,-4.473701482903574,19.6941152831193,both,sleeping_dogs,randomized,0.5,5
CausalForest_1200t,0.7833333333333333,0.08530431183323767,2.2064079532104213,both,sleeping_dogs,randomized,0.5,6
conformal_ITE,0.9605555555555556,-3.760505488454254,11.483182119376476,both,sleeping_dogs,randomized,0.5,6
CausalForest_1200t,0.7494444444444445,0.40021782694918273,1.7806111731416605,both,sleeping_dogs,randomized,0.5,7
conformal_ITE,0.9705555555555555,-7.1232547624627145,24.116018851883755,both,sleeping_dogs,randomized,0.5,7
CausalForest_1200t,0.7683333333333333,0.5959530177744333,1.1798190884067505,both,sleeping_dogs,randomized,0.5,8
conformal_ITE,0.9572222222222222,-3.7937467110934064,13.997762942274996,both,sleeping_dogs,randomized,0.5,8
CausalForest_1200t,0.7683333333333333,0.5644360430572241,1.3227123307207183,both,sleeping_dogs,randomized,0.5,9
conformal_ITE,0.9588888888888889,-6.146862395355158,21.703455636349716,both,sleeping_dogs,randomized,0.5,9
CausalForest_1200t,0.7655555555555555,0.34796383347727733,2.224202912961977,both,sleeping_dogs,confounded,0.5,0
conformal_ITE,0.9616666666666667,-3.3367037362389866,14.793211754243545,both,sleeping_dogs,confounded,0.5,0
CausalForest_1200t,0.7161111111111111,0.3576953736680712,1.655752853349814,both,sleeping_dogs,confounded,0.5,1
conformal_ITE,0.9555555555555556,-4.581282494383062,14.387603695462815,both,sleeping_dogs,confounded,0.5,1
CausalForest_1200t,0.67,0.4817030143953361,1.6724761687640954,both,sleeping_dogs,confounded,0.5,2
conformal_ITE,0.9488888888888889,-8.293007966484009,29.987313821528684,both,sleeping_dogs,confounded,0.5,2
CausalForest_1200t,0.7527777777777778,0.45599551618018164,1.5373023785792979,both,sleeping_dogs,confounded,0.5,3
conformal_ITE,0.9394444444444444,-7.035620234319091,22.707860811805755,both,sleeping_dogs,confounded,0.5,3
CausalForest_1200t,0.7205555555555555,0.4516246923540725,0.7818621456944775,both,sleeping_dogs,confounded,0.5,4
conformal_ITE,0.9494444444444444,-26.081098405359143,38.61166870892138,both,sleeping_dogs,confounded,0.5,4
CausalForest_1200t,0.6805555555555556,0.6019174663521004,1.4322818543073368,both,sleeping_dogs,confounded,0.5,5
conformal_ITE,0.9544444444444444,-9.072807508647287,36.24147807832946,both,sleeping_dogs,confounded,0.5,5
CausalForest_1200t,0.7444444444444445,0.07588313610829311,2.229133497144898,both,sleeping_dogs,confounded,0.5,6
conformal_ITE,0.9433333333333334,-11.678612293242297,30.58305768943465,both,sleeping_dogs,confounded,0.5,6
CausalForest_1200t,0.74,0.28737680747270006,2.1156094260015315,both,sleeping_dogs,confounded,0.5,7
conformal_ITE,0.9533333333333334,-3.509682189649608,13.388178000294934,both,sleeping_dogs,confounded,0.5,7
CausalForest_1200t,0.7055555555555556,0.610126106558248,1.1384336024993398,both,sleeping_dogs,confounded,0.5,8
conformal_ITE,0.955,-5.803688964645463,19.866803775779196,both,sleeping_dogs,confounded,0.5,8
CausalForest_1200t,0.7322222222222222,0.6599603728734132,1.0326258648465318,both,sleeping_dogs,confounded,0.5,9
conformal_ITE,0.9416666666666667,-13.9652021999797,45.44604108333642,both,sleeping_dogs,confounded,0.5,9
