features,rank,policy_pct,regret,target,structure,assignment,delta,seed
rfm,0.4400919668754164,0.8911464251429966,2.171706016568407,mu,homogeneous,randomized,0.5,0
rfm+btyd,0.33938153278936656,0.6873838917157483,6.236913065362967,mu,homogeneous,randomized,0.5,0
rfm,0.38107198904536044,0.8749958608657342,3.145763286341971,mu,homogeneous,randomized,0.5,1
rfm+btyd,0.4268516541943309,0.8962065057206051,2.6119916182500553,mu,homogeneous,randomized,0.5,1
rfm,0.2501004498684166,0.8702377172170848,2.7099933159980236,mu,homogeneous,randomized,0.5,2
rfm+btyd,0.19746801529476318,0.8118322891878746,3.9297492896344717,mu,homogeneous,randomized,0.5,2
rfm,0.05397778434391831,0.5618429308502709,8.683552233990946,mu,homogeneous,randomized,0.5,3
rfm+btyd,0.21209011720224524,0.7372501031115379,5.207270667877816,mu,homogeneous,randomized,0.5,3
rfm,0.24850120305907944,0.6775730459779539,7.447343053297343,mu,homogeneous,randomized,0.5,4
rfm+btyd,0.2545623983479295,0.7014682102552816,6.895418087135897,mu,homogeneous,randomized,0.5,4
rfm,0.2710357782219156,0.5893129027641018,9.059487440953198,mu,homogeneous,randomized,0.5,5
rfm+btyd,0.31247976431110996,0.5938993932349792,8.958312475636236,mu,homogeneous,randomized,0.5,5
rfm,0.2969848626667742,0.801524925506376,4.017685024370413,mu,homogeneous,randomized,0.5,6
rfm+btyd,0.2644396922075056,0.7875566026462759,4.300442553061491,mu,homogeneous,randomized,0.5,6
rfm,0.4079504204905465,0.9406293248114553,1.3562739307022276,mu,homogeneous,randomized,0.5,7
rfm+btyd,0.3753597775728241,0.9245211025747901,1.72425293414402,mu,homogeneous,randomized,0.5,7
rfm,0.008873231573972398,0.2963757790336269,17.427844211113165,mu,homogeneous,randomized,0.5,8
rfm+btyd,-0.01141775125807596,0.29760316665270886,17.39744343812296,mu,homogeneous,randomized,0.5,8
rfm,0.2973404005630508,0.8273351820220471,3.5135436200795267,mu,homogeneous,randomized,0.5,9
rfm+btyd,0.2159512286003738,0.7560371521417442,4.964381960766655,mu,homogeneous,randomized,0.5,9
rfm,-0.20096801859078875,0.3619228717166416,12.730091228956153,mu,homogeneous,confounded,0.5,0
rfm+btyd,-0.13554138682171776,0.4523612663804606,10.92578111715492,mu,homogeneous,confounded,0.5,0
rfm,0.3256600565603748,0.9337372645195291,1.667519827508784,mu,homogeneous,confounded,0.5,1
rfm+btyd,0.33843899331357646,0.9507808393703194,1.2386136136429358,mu,homogeneous,confounded,0.5,1
rfm,-0.1640749958798354,0.5467018672958599,9.466810258245106,mu,homogeneous,confounded,0.5,2
rfm+btyd,-0.10076766123319113,0.639219025352902,7.534654977275227,mu,homogeneous,confounded,0.5,2
rfm,-0.2912739721822599,0.1306912765170715,17.228268671955238,mu,homogeneous,confounded,0.5,3
rfm+btyd,-0.2796495316993274,0.13207253761361526,17.20089434953727,mu,homogeneous,confounded,0.5,3
rfm,0.4913013762963972,0.9897347913556303,0.23710341004265906,mu,homogeneous,confounded,0.5,4
rfm+btyd,0.4406549173521241,0.7987395722762938,4.648666712303805,mu,homogeneous,confounded,0.5,4
rfm,0.4820016635994947,0.9091821112063497,2.0033829367358096,mu,homogeneous,confounded,0.5,5
rfm+btyd,0.4701135303232531,0.8961917173986801,2.289942486197429,mu,homogeneous,confounded,0.5,5
rfm,0.34933635980344324,0.9119772820115967,1.7818235199994807,mu,homogeneous,confounded,0.5,6
rfm+btyd,0.35809610979780915,0.9060006092982277,1.9028079232920816,mu,homogeneous,confounded,0.5,6
rfm,-0.1099640421696638,0.2505157681349642,17.121346892599647,mu,homogeneous,confounded,0.5,7
rfm+btyd,-0.0381356576810972,0.2794897403010701,16.459460481623417,mu,homogeneous,confounded,0.5,7
rfm,0.29594045352132636,0.6511953948708705,8.639430163390909,mu,homogeneous,confounded,0.5,8
rfm+btyd,0.2720135766979831,0.5633527346331643,10.815177035222447,mu,homogeneous,confounded,0.5,8
rfm,0.4166317217170855,0.8616254852034355,2.815772774898178,mu,homogeneous,confounded,0.5,9
rfm+btyd,0.30685605205407324,0.7837911153823734,4.399618613965534,mu,homogeneous,confounded,0.5,9
rfm,0.4564573049963758,0.8940173908257387,3.762256800367209,mu,heterogeneous,randomized,0.5,0
rfm+btyd,0.3714368507005036,0.8311724473338904,5.993177683171068,mu,heterogeneous,randomized,0.5,0
rfm,0.5236840600199238,0.9925498942146375,0.3482647723709346,mu,heterogeneous,randomized,0.5,1
rfm+btyd,0.547389167437778,0.9923159900151215,0.3591989248713071,mu,heterogeneous,randomized,0.5,1
rfm,0.47156353912791127,0.9827328785432,0.6560412187302265,mu,heterogeneous,randomized,0.5,2
rfm+btyd,0.43697861894755574,0.9677948931778937,1.2235900223306413,mu,heterogeneous,randomized,0.5,2
rfm,0.5477537053559969,0.9972001321690112,0.10044485239295883,mu,heterogeneous,randomized,0.5,3
rfm+btyd,0.5502472571570441,0.9953692162352183,0.16612869599381358,mu,heterogeneous,randomized,0.5,3
rfm,0.463241732894303,0.8193671359295622,7.700607580350653,mu,heterogeneous,randomized,0.5,4
rfm+btyd,0.4565285363387251,0.7812854476238509,9.324078143963916,mu,heterogeneous,randomized,0.5,4
rfm,0.3578671899777557,0.6783419670014755,12.711557535979026,mu,heterogeneous,randomized,0.5,5
rfm+btyd,0.36374086466973476,0.743593269513403,10.132900698325159,mu,heterogeneous,randomized,0.5,5
rfm,0.21016260333016837,0.6500683052435718,12.77604560333437,mu,heterogeneous,randomized,0.5,6
rfm+btyd,0.24346312233864695,0.7247831000789577,10.04820002557072,mu,heterogeneous,randomized,0.5,6
rfm,0.5487896153926328,0.9933061336897638,0.27908946182148714,mu,heterogeneous,randomized,0.5,7
rfm+btyd,0.5766000606485948,0.9953965001487036,0.1919351592111909,mu,heterogeneous,randomized,0.5,7
rfm,0.5232947621043743,0.9958852925365087,0.1935001910289187,mu,heterogeneous,randomized,0.5,8
rfm+btyd,0.5293010144933776,0.9933689559873524,0.3118346309070977,mu,heterogeneous,randomized,0.5,8
rfm,0.5099465444261299,0.9780652617943215,0.78431528624686,mu,heterogeneous,randomized,0.5,9
rfm+btyd,0.4768048619052509,0.9592091946310376,1.4585472545514777,mu,heterogeneous,randomized,0.5,9
rfm,0.2030143886213935,0.8547546529505744,5.156037381188637,mu,heterogeneous,confounded,0.5,0
rfm+btyd,0.2085402742926476,0.8349604861414114,5.858706802762588,mu,heterogeneous,confounded,0.5,0
rfm,0.22012852315455442,0.8895664780190771,5.162356952081229,mu,heterogeneous,confounded,0.5,1
rfm+btyd,0.21218391106265652,0.8738534985843656,5.896880375473492,mu,heterogeneous,confounded,0.5,1
rfm,0.4139351281282228,0.9792608491926038,0.7879563368540564,mu,heterogeneous,confounded,0.5,2
rfm+btyd,0.4226641709224486,0.9788708195675332,0.8027749915564265,mu,heterogeneous,confounded,0.5,2
rfm,0.3159078478126524,0.624391345446633,13.474906010404771,mu,heterogeneous,confounded,0.5,3
rfm+btyd,0.248212621817753,0.5498514160099058,16.149015168982196,mu,heterogeneous,confounded,0.5,3
rfm,0.5205221858035716,0.9945627220797926,0.23179803843720745,mu,heterogeneous,confounded,0.5,4
rfm+btyd,0.539106261241732,0.9949628023095136,0.21474211195565457,mu,heterogeneous,confounded,0.5,4
rfm,0.5234139437612604,0.9807562981588387,0.760489084879373,mu,heterogeneous,confounded,0.5,5
rfm+btyd,0.5578228380136976,0.9913598406923373,0.34144921280384655,mu,heterogeneous,confounded,0.5,5
rfm,0.4052280199150743,0.9694067276042341,1.11696382219849,mu,heterogeneous,confounded,0.5,6
rfm+btyd,0.39849944298817247,0.9669751037444984,1.205742683295264,mu,heterogeneous,confounded,0.5,6
rfm,0.3833878565520224,0.8544868830113108,6.06692390110005,mu,heterogeneous,confounded,0.5,7
rfm+btyd,0.39951811804018694,0.9257505742856071,3.0957045305037174,mu,heterogeneous,confounded,0.5,7
rfm,0.5137020467777028,0.9738914136792167,1.2277948032495138,mu,heterogeneous,confounded,0.5,8
rfm+btyd,0.5145334441957987,0.9740608931906765,1.219824779102249,mu,heterogeneous,confounded,0.5,8
rfm,0.3005106565694063,0.7386153873638968,9.346268250748375,mu,heterogeneous,confounded,0.5,9
rfm+btyd,0.2293000103269113,0.6878947677606186,11.159873542488972,mu,heterogeneous,confounded,0.5,9
rfm,0.5072467790058877,-1.6340436327206336,0.8805440582402378,mu,sleeping_dogs,randomized,0.5,0
rfm+btyd,0.5054227448194201,-1.2146349713954834,0.7403384063228833,mu,sleeping_dogs,randomized,0.5,0
rfm,0.42633767081445784,-18.672547103496395,7.986484453581177,mu,sleeping_dogs,randomized,0.5,1
rfm+btyd,0.43504643692909006,-14.600414339238005,6.333316470626491,mu,sleeping_dogs,randomized,0.5,1
rfm,-0.11632442607658756,-46.42306221523097,12.212989830266974,mu,sleeping_dogs,randomized,0.5,2
rfm+btyd,-0.018054219056665065,-44.67410134653023,11.76257519432394,mu,sleeping_dogs,randomized,0.5,2
rfm,-0.09064543232886889,-41.52795789578126,12.168283423477883,mu,sleeping_dogs,randomized,0.5,3
rfm+btyd,-0.06844804302500619,-40.418854393996256,11.850941928060568,mu,sleeping_dogs,randomized,0.5,3
rfm,0.0282677732306571,-36.02149359728658,13.454563165054797,mu,sleeping_dogs,randomized,0.5,4
rfm+btyd,-0.03160863923648353,-37.911002544601835,14.141259324835143,mu,sleeping_dogs,randomized,0.5,4
rfm,-0.5875601336550051,-47.74461204880768,17.114730732072353,mu,sleeping_dogs,randomized,0.5,5
rfm+btyd,-0.574921246900105,-47.61049174992612,17.067639726429213,mu,sleeping_dogs,randomized,0.5,5
rfm,0.5437865374977702,-0.7584320060741387,0.5556788621308143,mu,sleeping_dogs,randomized,0.5,6
rfm+btyd,0.5213833283410585,-0.8444774427494621,0.5828699222219241,mu,sleeping_dogs,randomized,0.5,6
rfm,-0.03759155207535138,-13.583614899183742,4.859981219655641,mu,sleeping_dogs,randomized,0.5,7
rfm+btyd,-0.0641517593371992,-13.969500172792161,4.988577263616151,mu,sleeping_dogs,randomized,0.5,7
rfm,0.24665037381172378,-33.14390318739176,4.463196542394767,mu,sleeping_dogs,randomized,0.5,8
rfm+btyd,0.17673341015959185,-36.37041672075778,4.88495746313879,mu,sleeping_dogs,randomized,0.5,8
rfm,0.343696478807024,-7.795943147555579,5.088681721919647,mu,sleeping_dogs,randomized,0.5,9
rfm+btyd,0.28292771480504164,-8.92595593256044,5.742423487654886,mu,sleeping_dogs,randomized,0.5,9
rfm,0.3011204794312042,-12.539396404206842,4.526134232472689,mu,sleeping_dogs,confounded,0.5,0
rfm+btyd,0.2623517556524401,-13.984695365537029,5.009288496498907,mu,sleeping_dogs,confounded,0.5,0
rfm,0.39945978764384865,-1.1068240954802078,0.8553095741218179,mu,sleeping_dogs,confounded,0.5,1
rfm+btyd,0.4398663988454631,-0.7315932044738356,0.7029766981724097,mu,sleeping_dogs,confounded,0.5,1
rfm,0.08746241781717456,-41.902681258510526,11.048843862577264,mu,sleeping_dogs,confounded,0.5,2
rfm+btyd,0.0930576861256059,-41.53263541465503,10.953544952793067,mu,sleeping_dogs,confounded,0.5,2
rfm,-0.06381865347851622,-36.81284790475186,10.819175740378677,mu,sleeping_dogs,confounded,0.5,3
rfm+btyd,-0.06345033285549562,-37.23498405025793,10.939959161825815,mu,sleeping_dogs,confounded,0.5,3
rfm,-0.08012858856723516,-36.702096648108544,13.701911822492118,mu,sleeping_dogs,confounded,0.5,4
rfm+btyd,-0.0815127616698741,-37.57495450903257,14.019130823747584,mu,sleeping_dogs,confounded,0.5,4
rfm,0.1954460830174478,-9.14879353759754,3.5633449801069146,mu,sleeping_dogs,confounded,0.5,5
rfm+btyd,0.10435634878125954,-10.242849373190658,3.947479148890122,mu,sleeping_dogs,confounded,0.5,5
rfm,-0.09751917504288182,-37.18980864673473,12.06829114831089,mu,sleeping_dogs,confounded,0.5,6
rfm+btyd,-0.09594127529552719,-37.971505653893416,12.31531378095665,mu,sleeping_dogs,confounded,0.5,6
rfm,0.5030012341021083,-0.4844419405327189,0.49468941702938024,mu,sleeping_dogs,confounded,0.5,7
rfm+btyd,0.4707039486352608,-2.39502616855828,1.131390504583071,mu,sleeping_dogs,confounded,0.5,7
rfm,-0.38124442041405227,-130.2776384151689,17.160249625025088,mu,sleeping_dogs,confounded,0.5,8
rfm+btyd,-0.40054863100094046,-131.33440594430812,17.298387352170202,mu,sleeping_dogs,confounded,0.5,8
rfm,0.024913764353472454,-14.981061314283448,9.245459326265786,mu,sleeping_dogs,confounded,0.5,9
rfm+btyd,0.018680017100860594,-16.495956920602676,10.121865807432657,mu,sleeping_dogs,confounded,0.5,9
rfm,0.6278617920216888,0.9881267816508021,1.7352242426869635,both,homogeneous,randomized,0.5,0
rfm+btyd,0.6317743687016614,0.9887214002019357,1.6483230761512662,both,homogeneous,randomized,0.5,0
rfm,0.6376639305397961,0.9933140857376873,1.0739049258709807,both,homogeneous,randomized,0.5,1
rfm+btyd,0.6393068111886503,0.9942204656206378,0.9283203756027312,both,homogeneous,randomized,0.5,1
rfm,0.6208939617027972,0.9933670456743491,1.0671120130207339,both,homogeneous,randomized,0.5,2
rfm+btyd,0.6306728072106784,0.9933448495473862,1.0706829336937518,both,homogeneous,randomized,0.5,2
rfm,0.6222159260696359,0.9953465590471482,0.7375717599315168,both,homogeneous,randomized,0.5,3
rfm+btyd,0.6269215331623925,0.9950744809105373,0.7806962246216911,both,homogeneous,randomized,0.5,3
rfm,0.631212556392019,0.9906700090894417,1.3499802554662326,both,homogeneous,randomized,0.5,4
rfm+btyd,0.6348035961659921,0.9909658419356098,1.3071754440710357,both,homogeneous,randomized,0.5,4
rfm,0.6349695928534634,0.9956200562690907,0.7212341536623879,both,homogeneous,randomized,0.5,5
rfm+btyd,0.6346243063875622,0.9957809198906595,0.6947451517287603,both,homogeneous,randomized,0.5,5
rfm,0.6492914957577527,0.9970930662677849,0.4848110374738139,both,homogeneous,randomized,0.5,6
rfm+btyd,0.645390148831139,0.9969291521525191,0.5121482180218057,both,homogeneous,randomized,0.5,6
rfm,0.652025738387822,0.997096811969266,0.45263252931701975,both,homogeneous,randomized,0.5,7
rfm+btyd,0.6497315938437865,0.997096811969266,0.45263252931701975,both,homogeneous,randomized,0.5,7
rfm,0.6184827761438314,0.9951239938164339,0.7583221959270627,both,homogeneous,randomized,0.5,8
rfm+btyd,0.6182588900946719,0.9954804982206534,0.7028782131904154,both,homogeneous,randomized,0.5,8
rfm,0.6275185638859336,0.9928938411782589,1.0735172913811402,both,homogeneous,randomized,0.5,9
rfm+btyd,0.6325926924819579,0.993927941361319,0.9172972496704056,both,homogeneous,randomized,0.5,9
rfm,0.5268030122028544,0.9826204181936742,2.539957641740443,both,homogeneous,confounded,0.5,0
rfm+btyd,0.5385439053473168,0.982153608010582,2.6081801171141303,both,homogeneous,confounded,0.5,0
rfm,0.6119667990179091,0.9939956362884782,0.9644329127687443,both,homogeneous,confounded,0.5,1
rfm+btyd,0.6103206257673699,0.9928692551664554,1.1453545022313483,both,homogeneous,confounded,0.5,1
rfm,0.5479753242260331,0.9842272432622067,2.5375266234328024,both,homogeneous,confounded,0.5,2
rfm+btyd,0.5668583656877435,0.985765980480309,2.289974041324846,both,homogeneous,confounded,0.5,2
rfm,0.5453696657567015,0.982591320651519,2.7592807978521323,both,homogeneous,confounded,0.5,3
rfm+btyd,0.581877846670128,0.9901584287673192,1.5598919354786953,both,homogeneous,confounded,0.5,3
rfm,0.6106476933572257,0.9920948579265942,1.1438152317679486,both,homogeneous,confounded,0.5,4
rfm+btyd,0.6106331313281488,0.9912031767529534,1.2728348621326344,both,homogeneous,confounded,0.5,4
rfm,0.6253994236233131,0.994564099801607,0.895115809665262,both,homogeneous,confounded,0.5,5
rfm+btyd,0.6258386450229686,0.9931881799962828,1.1216850117527712,both,homogeneous,confounded,0.5,5
rfm,0.5837694954068661,0.9892181387728062,1.7981714786017418,both,homogeneous,confounded,0.5,6
rfm+btyd,0.5682560713259529,0.9875448499545785,2.0772383451656786,both,homogeneous,confounded,0.5,6
rfm,0.5051419692844573,0.976680266614889,3.635751385497634,both,homogeneous,confounded,0.5,7
rfm+btyd,0.5585178219467514,0.9821941427092329,2.7760896424404606,both,homogeneous,confounded,0.5,7
rfm,0.6102810190713219,0.9962523041989589,0.5828460429542853,both,homogeneous,confounded,0.5,8
rfm+btyd,0.6099505821816832,0.9959080098545101,0.6363911028862478,both,homogeneous,confounded,0.5,8
rfm,0.5529979201677108,0.9802868537632753,2.978036923112813,both,homogeneous,confounded,0.5,9
rfm+btyd,0.5627572305776929,0.9815136886639851,2.7927007221328353,both,homogeneous,confounded,0.5,9
rfm,0.6258626724835085,0.994950433656822,1.284590453445627,both,heterogeneous,randomized,0.5,0
rfm+btyd,0.626492950046283,0.9951455019294463,1.2349658275365558,both,heterogeneous,randomized,0.5,0
rfm,0.6325221127676867,0.9969501487251933,0.8780489083488485,both,heterogeneous,randomized,0.5,1
rfm+btyd,0.636121135506971,0.9970231543754897,0.8570306599917239,both,heterogeneous,randomized,0.5,1
rfm,0.6338109971508173,0.997974987982818,0.5734500560177064,both,heterogeneous,randomized,0.5,2
rfm+btyd,0.637081683410819,0.9976375396756583,0.6690098596148891,both,heterogeneous,randomized,0.5,2
rfm,0.6322987722235738,0.9987262567921865,0.35381011231495196,both,heterogeneous,randomized,0.5,3
rfm+btyd,0.6417463543722455,0.9987262567921865,0.35381011231495196,both,heterogeneous,randomized,0.5,3
rfm,0.6086338835024675,0.9964639880299677,0.9129353932061995,both,heterogeneous,randomized,0.5,4
rfm+btyd,0.6000634576976354,0.9964639880299678,0.9129353932061672,both,heterogeneous,randomized,0.5,4
rfm,0.6375616009823365,0.9982655233419937,0.49989503199347785,both,heterogeneous,randomized,0.5,5
rfm+btyd,0.6315176235867667,0.9982655233419936,0.4998950319935102,both,heterogeneous,randomized,0.5,5
rfm,0.6422609610122346,0.9988623862711097,0.33340558112016877,both,heterogeneous,randomized,0.5,6
rfm+btyd,0.6394976505276602,0.9987755000179002,0.3588697268200728,both,heterogeneous,randomized,0.5,6
rfm,0.6518620198234704,0.9986245375997123,0.37905702789162105,both,heterogeneous,randomized,0.5,7
rfm+btyd,0.6509947860640721,0.9986245375997123,0.37905702789162105,both,heterogeneous,randomized,0.5,7
rfm,0.6172759708814901,0.9985194202726242,0.41644923387907007,both,heterogeneous,randomized,0.5,8
rfm+btyd,0.6118364631532733,0.9985194202726241,0.4164492338791024,both,heterogeneous,randomized,0.5,8
rfm,0.6300865390823163,0.9971691512413642,0.7391172634938913,both,heterogeneous,randomized,0.5,9
rfm+btyd,0.6339182583221952,0.9973371475727231,0.6952544508543279,both,heterogeneous,randomized,0.5,9
rfm,0.5226326896234033,0.9874162230128442,3.2012649576984566,both,heterogeneous,confounded,0.5,0
rfm+btyd,0.5177080212819145,0.987446059316206,3.193674715713326,both,heterogeneous,confounded,0.5,0
rfm,0.6186211785901109,0.9964812158746711,1.0130541726681663,both,heterogeneous,confounded,0.5,1
rfm+btyd,0.6146296020813021,0.9969501487251932,0.8780489083488808,both,heterogeneous,confounded,0.5,1
rfm,0.5996931577468415,0.9974631788807639,0.7183859654113379,both,heterogeneous,confounded,0.5,2
rfm+btyd,0.5982920255740929,0.9971888872749612,0.7960608312284846,both,heterogeneous,confounded,0.5,2
rfm,0.6133717232752579,0.9975426851031777,0.6825731075970948,both,heterogeneous,confounded,0.5,3
rfm+btyd,0.6192511744892527,0.9975272552952557,0.6868590751613374,both,heterogeneous,confounded,0.5,3
rfm,0.5836457042311591,0.9958779658940806,1.0642358847169089,both,heterogeneous,confounded,0.5,4
rfm+btyd,0.5945556446903969,0.9957151078597969,1.106282932302048,both,heterogeneous,confounded,0.5,4
rfm,0.6335815020709591,0.9982655233419936,0.4998950319935102,both,heterogeneous,confounded,0.5,5
rfm+btyd,0.6365758741872279,0.9982655233419937,0.49989503199347785,both,heterogeneous,confounded,0.5,5
rfm,0.6248784848723411,0.9976187854360451,0.6978732809787875,both,heterogeneous,confounded,0.5,6
rfm+btyd,0.6250478534121084,0.9942648280480748,1.6808326841492414,both,heterogeneous,confounded,0.5,6
rfm,0.6279595368619351,0.9960108465300567,1.0993515037589694,both,heterogeneous,confounded,0.5,7
rfm+btyd,0.6388616028456527,0.9960108465300567,1.0993515037589694,both,heterogeneous,confounded,0.5,7
rfm,0.6083135841255598,0.9985194202726241,0.4164492338791024,both,heterogeneous,confounded,0.5,8
rfm+btyd,0.6136433503604456,0.9984025458027816,0.44932303494903153,both,heterogeneous,confounded,0.5,8
rfm,0.6167387544291104,0.9931165755025133,1.7972199548028422,both,heterogeneous,confounded,0.5,9
rfm+btyd,0.6065109530019244,0.9938342142116824,1.6098488855147863,both,heterogeneous,confounded,0.5,9
rfm,0.6307693634248455,0.704574203500545,0.8480902638776272,both,sleeping_dogs,randomized,0.5,0
rfm+btyd,0.6247504306709823,0.5968402691015383,1.157366237525369,both,sleeping_dogs,randomized,0.5,0
rfm,0.6517742436682717,0.6945626316468013,0.763163787829388,both,sleeping_dogs,randomized,0.5,1
rfm+btyd,0.6511341825884581,0.7745716560803599,0.5632537687100486,both,sleeping_dogs,randomized,0.5,1
rfm,0.5786679799404528,0.1944750881796747,1.7975144377298384,both,sleeping_dogs,randomized,0.5,2
rfm+btyd,0.5870823351007335,0.23413842840718763,1.7090064032030952,both,sleeping_dogs,randomized,0.5,2
rfm,0.6224395863703283,0.6558950330914891,0.7130435270535135,both,sleeping_dogs,randomized,0.5,3
rfm+btyd,0.6175383483778175,0.45885855121456065,1.1213363490315673,both,sleeping_dogs,randomized,0.5,3
rfm,0.6224319043340885,0.47320573795598064,1.1634933027364127,both,sleeping_dogs,randomized,0.5,4
rfm+btyd,0.6238964609702184,0.5774282404606453,0.9333044180129993,both,sleeping_dogs,randomized,0.5,4
rfm,0.6149999355946996,0.4792674487367389,1.4096738564933207,both,sleeping_dogs,randomized,0.5,5
rfm+btyd,0.6133270369714267,0.501423530334162,1.3496951804638477,both,sleeping_dogs,randomized,0.5,5
rfm,0.6311884069630967,0.5755392850432622,0.8578290235092929,both,sleeping_dogs,randomized,0.5,6
rfm+btyd,0.636119752086861,0.5836325605549134,0.841472629655838,both,sleeping_dogs,randomized,0.5,6
rfm,0.6226564559346902,0.432936969206369,1.3082241883244414,both,sleeping_dogs,randomized,0.5,7
rfm+btyd,0.6260429647784201,0.4462199196057121,1.277580192752354,both,sleeping_dogs,randomized,0.5,7
rfm,0.6024514411218624,0.2906693620031309,1.2522265846957321,both,sleeping_dogs,randomized,0.5,8
rfm+btyd,0.5967126074771353,0.41646976389254686,1.0301431173071018,both,sleeping_dogs,randomized,0.5,8
rfm,0.5736120244428183,0.14503466561815223,2.992376961164055,both,sleeping_dogs,randomized,0.5,9
rfm+btyd,0.5656784502401389,0.10486244470865098,3.1329796540384955,both,sleeping_dogs,randomized,0.5,9
rfm,0.6168242438494673,0.6598827919445933,0.9763876281181959,both,sleeping_dogs,confounded,0.5,0
rfm+btyd,0.6090433285018474,0.6020343629856858,1.1424553512554219,both,sleeping_dogs,confounded,0.5,0
rfm,0.6150744120945079,0.4248162296822572,1.4371503631673441,both,sleeping_dogs,confounded,0.5,1
rfm+btyd,0.6127811922884049,0.4181363726420907,1.453840609774751,both,sleeping_dogs,confounded,0.5,1
rfm,0.5566172975353871,0.06829152550627976,2.0790908016402416,both,sleeping_dogs,confounded,0.5,2
rfm+btyd,0.5617451309063285,0.056242557818027894,2.1059778575978654,both,sleeping_dogs,confounded,0.5,2
rfm,0.6251457180527681,0.7678563476514187,0.4810408002559494,both,sleeping_dogs,confounded,0.5,3
rfm+btyd,0.6213031605465525,0.7198300815844741,0.5805593234997289,both,sleeping_dogs,confounded,0.5,3
rfm,0.5903174143081305,0.26362622414060843,1.6263767817036974,both,sleeping_dogs,confounded,0.5,4
rfm+btyd,0.5937629043239625,0.2842171514801354,1.5808990539021182,both,sleeping_dogs,confounded,0.5,4
rfm,0.595513653026794,0.2610108804907756,2.000515695586915,both,sleeping_dogs,confounded,0.5,5
rfm+btyd,0.5914780955756628,0.23200542608236965,2.079036292534517,both,sleeping_dogs,confounded,0.5,5
rfm,0.5950452896059468,0.3051307346044814,1.4043208296947134,both,sleeping_dogs,confounded,0.5,6
rfm+btyd,0.6155494043553296,0.3732269610428177,1.2666993317046829,both,sleeping_dogs,confounded,0.5,6
rfm,0.5840099246897258,0.006053751713255706,2.293051130635713,both,sleeping_dogs,confounded,0.5,7
rfm+btyd,0.6023571877654911,0.14833327433523555,1.9648098190185088,both,sleeping_dogs,confounded,0.5,7
rfm,0.5925809774205443,0.2704457733021953,1.287928574787094,both,sleeping_dogs,confounded,0.5,8
rfm+btyd,0.5923640887210876,0.23215967454119754,1.3555174651079707,both,sleeping_dogs,confounded,0.5,8
rfm,0.5710506083974324,0.2619580683837969,2.5831452852274066,both,sleeping_dogs,confounded,0.5,9
rfm+btyd,0.5715165534219357,0.2804303493931656,2.5184923386227953,both,sleeping_dogs,confounded,0.5,9
