k,rep,model,cond,n,pit_ks,CRPS,cov50,cov95,mean_true,mean_pred,k_hat,E_lambda_true,E_lambda_pnbd,E_lambda_ggg
1.0,0,PNBD,all,800,0.0244029803004434,0.2566349482248521,0.94,0.9825,0.65125,0.5775,1.0313654153434733,0.1542771475950125,0.1392415684958317,0.1382468550701428
1.0,0,PNBD,xcal_pos,358,0.0277919160465344,0.5321534412085552,0.8938547486033519,0.988826815642458,1.4134078212290502,1.2905027932960893,1.0313654153434733,0.1542771475950125,0.1392415684958317,0.1382468550701428
1.0,0,GGG,all,800,0.0236422744069776,0.254239275147929,0.93875,0.97875,0.65125,0.565,1.0313654153434733,0.1542771475950125,0.1392415684958317,0.1382468550701428
1.0,0,GGG,xcal_pos,358,0.0280489268889274,0.5267107285709564,0.8910614525139665,0.9804469273743016,1.4134078212290502,1.2625698324022343,1.0313654153434733,0.1542771475950125,0.1392415684958317,0.1382468550701428
1.0,1,PNBD,all,800,0.01919681531823625,0.8764005362426036,0.79375,0.97625,2.3025,2.06375,1.0050955278433185,0.17251898571399019,0.17312677018366415,0.17158760142701904
1.0,1,PNBD,xcal_pos,620,0.025812610747456916,1.1207983155182286,0.7435483870967742,0.9693548387096774,2.9612903225806453,2.662903225806452,1.0050955278433185,0.17251898571399019,0.17312677018366415,0.17158760142701904
1.0,1,GGG,all,800,0.022386035130861626,0.8799211353550297,0.78375,0.97625,2.3025,2.053125,1.0050955278433185,0.17251898571399019,0.17312677018366415,0.17158760142701904
1.0,1,GGG,xcal_pos,620,0.027182979973999127,1.1252089139148693,0.7306451612903225,0.9693548387096774,2.9612903225806453,2.649193548387097,1.0050955278433185,0.17251898571399019,0.17312677018366415,0.17158760142701904
1.0,2,PNBD,all,800,0.022627295558626304,0.27318134245562126,0.92625,0.98125,0.52,0.359375,1.100632191714628,0.12616423189662318,0.1154874685139572,0.12279576511529282
1.0,2,PNBD,xcal_pos,365,0.04552178432685211,0.574279038664181,0.8575342465753425,0.9726027397260274,1.115068493150685,0.7876712328767124,1.100632191714628,0.12616423189662318,0.1154874685139572,0.12279576511529282
1.0,2,GGG,all,800,0.021700473615011262,0.2741397189349113,0.9275,0.98125,0.52,0.384375,1.100632191714628,0.12616423189662318,0.1154874685139572,0.12279576511529282
1.0,2,GGG,xcal_pos,365,0.03953754894962869,0.5765280051876469,0.8602739726027397,0.9780821917808219,1.115068493150685,0.8424657534246576,1.100632191714628,0.12616423189662318,0.1154874685139572,0.12279576511529282
1.0,3,PNBD,all,800,0.019894890812474197,0.387709301035503,0.86,0.9675,0.75,0.424375,1.0084831412283384,0.08755147365372669,0.07584014096229715,0.07652354973614656
1.0,3,PNBD,xcal_pos,391,0.06786126248720714,0.7022106493742338,0.7749360613810742,0.9641943734015346,1.4398976982097187,0.8682864450127877,1.0084831412283384,0.08755147365372669,0.07584014096229715,0.07652354973614656
1.0,3,GGG,all,800,0.019777444530558297,0.3856318047337278,0.865,0.9725,0.75,0.444375,1.0084831412283384,0.08755147365372669,0.07584014096229715,0.07652354973614656
1.0,3,GGG,xcal_pos,391,0.059319360442182445,0.6975834228726221,0.7851662404092071,0.969309462915601,1.4398976982097187,0.9092071611253197,1.0084831412283384,0.08755147365372669,0.07584014096229715,0.07652354973614656
1.0,4,PNBD,all,800,0.04534509210918869,0.27679478550295855,0.88,0.98625,0.4175,0.19625,0.9697930914644626,0.05017609054814301,0.04890463643705666,0.04716547105211296
1.0,4,PNBD,xcal_pos,404,0.07421366049909639,0.46261922198136973,0.8217821782178217,0.9900990099009901,0.7376237623762376,0.3886138613861386,0.9697930914644626,0.05017609054814301,0.04890463643705666,0.04716547105211296
1.0,4,GGG,all,800,0.04574449932641411,0.2755449889053254,0.88,0.98125,0.4175,0.199375,0.9697930914644626,0.05017609054814301,0.04890463643705666,0.04716547105211296
1.0,4,GGG,xcal_pos,404,0.06930432372007911,0.4599994141425977,0.8217821782178217,0.9826732673267327,0.7376237623762376,0.3948019801980198,0.9697930914644626,0.05017609054814301,0.04890463643705666,0.04716547105211296
1.0,5,PNBD,all,800,0.048205638477191726,0.30385987426035505,0.8925,0.97375,0.60625,0.36875,1.0417848933991365,0.06644383461357875,0.06012897905410313,0.059369758105402126
1.0,5,PNBD,xcal_pos,297,0.10803787986741731,0.7527860956707111,0.7676767676767676,0.9595959595959596,1.5656565656565657,0.9932659932659933,1.0417848933991365,0.06644383461357875,0.06012897905410313,0.059369758105402126
1.0,5,GGG,all,800,0.05608258851116421,0.29948705621301774,0.89125,0.98,0.60625,0.3475,1.0417848933991365,0.06644383461357875,0.06012897905410313,0.059369758105402126
1.0,5,GGG,xcal_pos,297,0.12334343059798303,0.7412907178291793,0.7643097643097643,0.9663299663299664,1.5656565656565657,0.936026936026936,1.0417848933991365,0.06644383461357875,0.06012897905410313,0.059369758105402126
1.0,6,PNBD,all,800,0.019315877811806215,0.3648351701183432,0.92,0.975,0.8675,0.703125,1.0416224852780955,0.1173842867145649,0.12864446912423358,0.13232535246857222
1.0,6,PNBD,xcal_pos,381,0.027477076129586914,0.7297658761589714,0.8556430446194225,0.9658792650918635,1.7847769028871392,1.4763779527559056,1.0416224852780955,0.1173842867145649,0.12864446912423358,0.13232535246857222
1.0,6,GGG,all,800,0.01998084722929583,0.3648736871301776,0.9175,0.98375,0.8675,0.73125,1.0416224852780955,0.1173842867145649,0.12864446912423358,0.13232535246857222
1.0,6,GGG,xcal_pos,381,0.03307104534698979,0.7300806814828619,0.8503937007874016,0.973753280839895,1.7847769028871392,1.5354330708661417,1.0416224852780955,0.1173842867145649,0.12864446912423358,0.13232535246857222
1.0,7,PNBD,all,800,0.03763017370328514,0.13092636834319527,0.96125,0.98125,0.21875,0.135625,1.080137204451174,0.06424498749217716,0.052275391937838596,0.056133643877450054
1.0,7,PNBD,xcal_pos,215,0.03432168665625657,0.42251678822072375,0.9069767441860465,0.9813953488372092,0.7488372093023256,0.5046511627906977,1.080137204451174,0.06424498749217716,0.052275391937838596,0.056133643877450054
1.0,7,GGG,all,800,0.04073391310474106,0.13303840606508877,0.96125,0.98125,0.21875,0.139375,1.080137204451174,0.06424498749217716,0.052275391937838596,0.056133643877450054
1.0,7,GGG,xcal_pos,215,0.03226042472002996,0.430532269161965,0.9069767441860465,0.9813953488372092,0.7488372093023256,0.5186046511627908,1.080137204451174,0.06424498749217716,0.052275391937838596,0.056133643877450054
1.0,8,PNBD,all,800,0.027790395785486033,0.4523969859467455,0.8575,0.985,1.005,0.851875,0.9621995381998928,0.08345054981092376,0.085394147238882,0.0769246806570799
1.0,8,PNBD,xcal_pos,347,0.03912132652223271,0.9526706085977866,0.7492795389048992,0.9769452449567724,2.2219020172910664,1.9639769452449567,0.9621995381998928,0.08345054981092376,0.085394147238882,0.0769246806570799
1.0,8,GGG,all,800,0.035813419158101656,0.4557417529585798,0.8575,0.9775,1.005,0.7475,0.9621995381998928,0.08345054981092376,0.085394147238882,0.0769246806570799
1.0,8,GGG,xcal_pos,347,0.08666543110380265,0.960315212386815,0.7492795389048992,0.962536023054755,2.2219020172910664,1.723342939481268,0.9621995381998928,0.08345054981092376,0.085394147238882,0.0769246806570799
1.0,9,PNBD,all,800,0.040592371030867436,0.35101719674556214,0.855,0.9825,0.5875,0.30625,0.959231094727277,0.06130009241068786,0.060489565658243684,0.05992027870255349
1.0,9,PNBD,xcal_pos,391,0.05662534637152494,0.6232155071959321,0.7800511508951407,0.9872122762148338,1.10230179028133,0.6265984654731458,0.959231094727277,0.06130009241068786,0.060489565658243684,0.05992027870255349
1.0,9,GGG,all,800,0.03381834470973599,0.3480585059171598,0.86,0.985,0.5875,0.331875,0.959231094727277,0.06130009241068786,0.060489565658243684,0.05992027870255349
1.0,9,GGG,xcal_pos,391,0.04782922653704946,0.6176290500764238,0.7902813299232737,0.9846547314578005,1.10230179028133,0.6790281329923273,0.959231094727277,0.06130009241068786,0.060489565658243684,0.05992027870255349
1.0,10,PNBD,all,800,0.024618972268822148,0.3813703032544379,0.875,0.98125,0.81875,0.588125,1.005924849617982,0.06899845659231446,0.07932773599425787,0.07229346421742036
1.0,10,PNBD,xcal_pos,368,0.050941703252473935,0.7579332952791356,0.782608695652174,0.9755434782608695,1.7065217391304348,1.278532608695652,1.005924849617982,0.06899845659231446,0.07932773599425787,0.07229346421742036
1.0,10,GGG,all,800,0.017457520878121885,0.3799938609467455,0.8725,0.985,0.81875,0.593125,1.005924849617982,0.06899845659231446,0.07932773599425787,0.07229346421742036
1.0,10,GGG,xcal_pos,368,0.04198204183877191,0.7554318079495755,0.7771739130434783,0.9809782608695652,1.7065217391304348,1.2894021739130435,1.005924849617982,0.06899845659231446,0.07932773599425787,0.07229346421742036
1.0,11,PNBD,all,800,0.029505730242565753,0.2683666420118343,0.92625,0.98125,0.55375,0.365,0.9407472659396781,0.10682496807008733,0.11855729521814634,0.11395504183184996
1.0,11,PNBD,xcal_pos,369,0.04769021814069224,0.5472475585702603,0.8699186991869918,0.986449864498645,1.165311653116531,0.7913279132791328,0.9407472659396781,0.10682496807008733,0.11855729521814634,0.11395504183184996
1.0,11,GGG,all,800,0.029467726044988707,0.2651471893491124,0.92125,0.98625,0.55375,0.36,0.9407472659396781,0.10682496807008733,0.11855729521814634,0.11395504183184996
1.0,11,GGG,xcal_pos,369,0.04562333122418999,0.5404638716505509,0.8590785907859079,0.991869918699187,1.165311653116531,0.7804878048780488,0.9407472659396781,0.10682496807008733,0.11855729521814634,0.11395504183184996
1.0,12,PNBD,all,800,0.03798248129023013,0.5075572115384616,0.875,0.98875,1.615,1.401875,0.9851245097597526,0.1112640966541278,0.11260413479289205,0.1100765919786384
1.0,12,PNBD,xcal_pos,379,0.04826041856762886,1.0125977736491234,0.7889182058047494,0.978891820580475,3.3482849604221636,2.95910290237467,0.9851245097597526,0.1112640966541278,0.11260413479289205,0.1100765919786384
1.0,12,GGG,all,800,0.045092915171553505,0.5045305103550296,0.8775,0.98875,1.615,1.40125,0.9851245097597526,0.1112640966541278,0.11260413479289205,0.1100765919786384
1.0,12,GGG,xcal_pos,379,0.046907695990515696,1.0062624705312955,0.7941952506596306,0.9841688654353562,3.3482849604221636,2.9577836411609497,0.9851245097597526,0.1112640966541278,0.11260413479289205,0.1100765919786384
1.0,13,PNBD,all,800,0.02659247759250416,0.5179811020710059,0.89,0.985,1.38875,1.13125,1.009715830867381,0.2088985830612376,0.2036906273011075,0.20276368145506496
1.0,13,PNBD,xcal_pos,534,0.024986544775783187,0.7647840347494627,0.8426966292134831,0.9850187265917603,2.0692883895131087,1.6947565543071161,1.009715830867381,0.2088985830612376,0.2036906273011075,0.20276368145506496
1.0,13,GGG,all,800,0.02744980253681073,0.5212189718934911,0.8925,0.98625,1.38875,1.141875,1.009715830867381,0.2088985830612376,0.2036906273011075,0.20276368145506496
1.0,13,GGG,xcal_pos,534,0.02333340016599811,0.7695572656959866,0.846441947565543,0.9868913857677902,2.0692883895131087,1.7106741573033708,1.009715830867381,0.2088985830612376,0.2036906273011075,0.20276368145506496
1.0,14,PNBD,all,800,0.03448423902159925,0.43471248150887576,0.8825,0.98875,1.235,1.130625,0.9811636830301463,0.13710480032456,0.13737636890653013,0.12477995102319184
1.0,14,PNBD,xcal_pos,389,0.040921431090147675,0.8606260933055475,0.7840616966580977,0.987146529562982,2.506426735218509,2.3251928020565553,0.9811636830301463,0.13710480032456,0.13737636890653013,0.12477995102319184
1.0,14,GGG,all,800,0.03330342650217788,0.4374790125739645,0.885,0.9875,1.235,1.080625,0.9811636830301463,0.13710480032456,0.13737636890653013,0.12477995102319184
1.0,14,GGG,xcal_pos,389,0.030155871221739586,0.8663699213580566,0.7892030848329049,0.987146529562982,2.506426735218509,2.2223650385604112,0.9811636830301463,0.13710480032456,0.13737636890653013,0.12477995102319184
1.5,0,PNBD,all,800,0.028538945120259784,0.2923338017751479,0.88375,0.9925,0.55375,0.27,1.501415576710457,0.061528418357658765,0.04198558744161668,0.05467666638628466
1.5,0,PNBD,xcal_pos,390,0.05315006279883783,0.5360944849036565,0.8102564102564103,0.9923076923076923,1.0717948717948718,0.5538461538461539,1.501415576710457,0.061528418357658765,0.04198558744161668,0.05467666638628466
1.5,0,GGG,all,800,0.046018261670574656,0.2954920303254438,0.875,0.985,0.55375,0.265,1.501415576710457,0.061528418357658765,0.04198558744161668,0.05467666638628466
1.5,0,GGG,xcal_pos,390,0.07409594196330993,0.5449197769685935,0.7923076923076923,0.9794871794871794,1.0717948717948718,0.5435897435897435,1.501415576710457,0.061528418357658765,0.04198558744161668,0.05467666638628466
1.5,1,PNBD,all,800,0.033282355541935815,0.33106388683431953,0.90375,0.9925,1.02125,0.806875,1.5275430404054324,0.08221015897468398,0.0590091967961823,0.0767864066775786
1.5,1,PNBD,xcal_pos,279,0.05554221267950327,0.8789753133549659,0.7885304659498208,0.996415770609319,2.85663082437276,2.313620071684588,1.5275430404054324,0.08221015897468398,0.0590091967961823,0.0767864066775786
1.5,1,GGG,all,800,0.04748112248722133,0.3143731878698225,0.9075,0.9925,1.02125,0.933125,1.5275430404054324,0.08221015897468398,0.0590091967961823,0.0767864066775786
1.5,1,GGG,xcal_pos,279,0.05336022675859098,0.8316846938559097,0.7992831541218638,0.985663082437276,2.85663082437276,2.675627240143369,1.5275430404054324,0.08221015897468398,0.0590091967961823,0.0767864066775786
1.5,2,PNBD,all,800,0.04544587448085907,0.16272599852071007,0.955,0.99,0.44875,0.3675,1.5024199367038094,0.1792926653810687,0.15460918589146394,0.1840146853752332
1.5,2,PNBD,xcal_pos,331,0.058604649048804025,0.37248435796135076,0.9093655589123867,0.9909365558912386,1.0634441087613293,0.8882175226586103,1.5024199367038094,0.1792926653810687,0.15460918589146394,0.1840146853752332
1.5,2,GGG,all,800,0.042575832821243054,0.1687483542899408,0.9525,0.985,0.44875,0.365625,1.5024199367038094,0.1792926653810687,0.15460918589146394,0.1840146853752332
1.5,2,GGG,xcal_pos,331,0.05895663129469003,0.38677237705357614,0.9033232628398792,0.9818731117824774,1.0634441087613293,0.8836858006042296,1.5024199367038094,0.1792926653810687,0.15460918589146394,0.1840146853752332
1.5,3,PNBD,all,800,0.02752891434612803,0.7780729289940829,0.84625,0.995,2.7525,2.619375,1.541105324055002,0.234505901775115,0.23147296985826576,0.2513685799316241
1.5,3,PNBD,xcal_pos,473,0.047511109860353215,1.2893746012484832,0.7674418604651163,0.9915433403805497,4.627906976744186,4.430232558139535,1.541105324055002,0.234505901775115,0.23147296985826576,0.2513685799316241
1.5,3,GGG,all,800,0.017325646256268423,0.8104809356508876,0.845,0.985,2.7525,2.599375,1.541105324055002,0.234505901775115,0.23147296985826576,0.2513685799316241
1.5,3,GGG,xcal_pos,473,0.0430564611036347,1.3440704554836935,0.7653276955602537,0.9788583509513742,4.627906976744186,4.396405919661734,1.541105324055002,0.234505901775115,0.23147296985826576,0.2513685799316241
1.5,4,PNBD,all,800,0.02181922576259443,0.5882890902366864,0.855,0.9925,1.75375,1.694375,1.5138584259803636,0.16693304850571805,0.1392109575095614,0.15960169483190367
1.5,4,PNBD,xcal_pos,424,0.0421805196051549,1.0513913349893937,0.7712264150943396,0.9976415094339622,3.2476415094339623,3.196933962264151,1.5138584259803636,0.16693304850571805,0.1392109575095614,0.15960169483190367
1.5,4,GGG,all,800,0.02074388331103938,0.5760101146449704,0.855,0.985,1.75375,1.74875,1.5138584259803636,0.16693304850571805,0.1392109575095614,0.15960169483190367
1.5,4,GGG,xcal_pos,424,0.031783067053375275,1.0272657209445126,0.7712264150943396,0.9882075471698113,3.2476415094339623,3.2995283018867925,1.5138584259803636,0.16693304850571805,0.1392109575095614,0.15960169483190367
1.5,5,PNBD,all,800,0.026988401858127148,0.5992674186390532,0.89,0.99125,1.97375,2.04,1.465717175235388,0.24001584498302359,0.233629612814499,0.2576062467859899
1.5,5,PNBD,xcal_pos,448,0.03503237362358402,1.0442291842772613,0.8258928571428571,0.9933035714285714,3.497767857142857,3.642857142857143,1.465717175235388,0.24001584498302359,0.233629612814499,0.2576062467859899
1.5,5,GGG,all,800,0.021817378124278225,0.58337612795858,0.88375,0.9875,1.97375,2.068125,1.465717175235388,0.24001584498302359,0.233629612814499,0.2576062467859899
1.5,5,GGG,xcal_pos,448,0.02940228202924655,1.0156995918744716,0.8147321428571429,0.9910714285714286,3.497767857142857,3.693080357142857,1.465717175235388,0.24001584498302359,0.233629612814499,0.2576062467859899
1.5,6,PNBD,all,800,0.023195196420512598,0.1599765902366864,0.9525,0.9825,0.335,0.21875,1.4744194699266253,0.06633176488514579,0.054169603052416596,0.059695901466038585
1.5,6,PNBD,xcal_pos,204,0.04675486008566998,0.5697751334261515,0.8725490196078431,0.9803921568627451,1.2549019607843137,0.8578431372549019,1.4744194699266253,0.06633176488514579,0.054169603052416596,0.059695901466038585
1.5,6,GGG,all,800,0.031439936230907906,0.16533439349112428,0.94375,0.97625,0.335,0.1975,1.4744194699266253,0.06633176488514579,0.054169603052416596,0.059695901466038585
1.5,6,GGG,xcal_pos,204,0.0628571749455441,0.5904909212205592,0.8382352941176471,0.9656862745098039,1.2549019607843137,0.7745098039215687,1.4744194699266253,0.06633176488514579,0.054169603052416596,0.059695901466038585
1.5,7,PNBD,all,800,0.03284191638754175,0.5418718565088758,0.8775,0.99,1.9375,1.7175,1.5233302636072807,0.21786906074774914,0.1946828286223569,0.21505256714749127
1.5,7,PNBD,xcal_pos,464,0.034120785898406836,0.9065274625076515,0.8081896551724138,0.9913793103448276,3.3125,2.961206896551724,1.5233302636072807,0.21786906074774914,0.1946828286223569,0.21505256714749127
1.5,7,GGG,all,800,0.026864028271789353,0.5341844674556213,0.86875,0.98,1.9375,1.759375,1.5233302636072807,0.21786906074774914,0.1946828286223569,0.21505256714749127
1.5,7,GGG,xcal_pos,464,0.03345260366809222,0.8936057373495205,0.7931034482758621,0.9762931034482759,3.3125,3.033405172413793,1.5233302636072807,0.21786906074774914,0.1946828286223569,0.21505256714749127
1.5,8,PNBD,all,800,0.033893770250326916,0.42235375369822487,0.89,0.99125,1.0025,0.801875,1.462996656993029,0.08871218018902811,0.07045927516593385,0.08296513043987176
1.5,8,PNBD,xcal_pos,395,0.04004371706901555,0.8054852820013483,0.8202531645569621,0.9898734177215189,1.9797468354430379,1.6240506329113924,1.462996656993029,0.08871218018902811,0.07045927516593385,0.08296513043987176
1.5,8,GGG,all,800,0.03543728002346391,0.4163173446745562,0.8775,0.98625,1.0025,0.86375,1.462996656993029,0.08871218018902811,0.07045927516593385,0.08296513043987176
1.5,8,GGG,xcal_pos,395,0.03178566881646139,0.793948206126882,0.7949367088607595,0.979746835443038,1.9797468354430379,1.749367088607595,1.462996656993029,0.08871218018902811,0.07045927516593385,0.08296513043987176
1.5,9,PNBD,all,800,0.03377495978346989,0.18933139792899412,0.94375,0.98625,0.40125,0.324375,1.3966704144173478,0.0888079754585343,0.07896852821391133,0.08994961995834158
1.5,9,PNBD,xcal_pos,277,0.03276768412230335,0.5072356503535342,0.8700361010830325,0.9927797833935018,1.1191335740072201,0.9368231046931408,1.3966704144173478,0.0888079754585343,0.07896852821391133,0.08994961995834158
1.5,9,GGG,all,800,0.034625703039518174,0.18393115754437872,0.94875,0.9825,0.40125,0.341875,1.3966704144173478,0.0888079754585343,0.07896852821391133,0.08994961995834158
1.5,9,GGG,xcal_pos,277,0.034939870090469505,0.49199421100976226,0.8844765342960289,0.9819494584837545,1.1191335740072201,0.9873646209386282,1.3966704144173478,0.0888079754585343,0.07896852821391133,0.08994961995834158
1.5,10,PNBD,all,800,0.033005076557188984,0.41958459689349115,0.90375,0.99,1.55,1.476875,1.488899947772325,0.15158531647104168,0.1366814029677811,0.16115772196047923
1.5,10,PNBD,xcal_pos,340,0.05340635546785427,0.9490249303863558,0.8029411764705883,1.0,3.6088235294117648,3.475,1.488899947772325,0.15158531647104168,0.1366814029677811,0.16115772196047923
1.5,10,GGG,all,800,0.030511500879623732,0.41053772189349114,0.8925,0.9875,1.55,1.523125,1.488899947772325,0.15158531647104168,0.1366814029677811,0.16115772196047923
1.5,10,GGG,xcal_pos,340,0.035440499762274646,0.9282248955795337,0.7764705882352941,0.9852941176470589,3.6088235294117648,3.583823529411765,1.488899947772325,0.15158531647104168,0.1366814029677811,0.16115772196047923
1.5,11,PNBD,all,800,0.023598050798106285,0.3818359467455621,0.85875,0.98875,0.7125,0.441875,1.412810653604577,0.08780435021734907,0.06438521111690931,0.08189989929425305
1.5,11,PNBD,xcal_pos,422,0.05381756913090946,0.6713154112566252,0.7819905213270142,0.985781990521327,1.2962085308056872,0.8376777251184834,1.412810653604577,0.08780435021734907,0.06438521111690931,0.08189989929425305
1.5,11,GGG,all,800,0.028851351888957932,0.3734459689349112,0.865,0.98375,0.7125,0.471875,1.412810653604577,0.08780435021734907,0.06438521111690931,0.08189989929425305
1.5,11,GGG,xcal_pos,422,0.05934088480250149,0.6565687484225582,0.7938388625592417,0.976303317535545,1.2962085308056872,0.8945497630331753,1.412810653604577,0.08780435021734907,0.06438521111690931,0.08189989929425305
1.5,12,PNBD,all,800,0.028691090259378216,0.5771185650887574,0.8725,0.985,2.3125,2.12125,1.5065679741192362,0.21632163230952645,0.21263757335510552,0.23303689098328806
1.5,12,PNBD,xcal_pos,456,0.03613679026628752,0.9661306511470986,0.8157894736842105,0.9846491228070176,4.008771929824562,3.7214912280701755,1.5065679741192362,0.21632163230952645,0.21263757335510552,0.23303689098328806
1.5,12,GGG,all,800,0.029881573778206993,0.6187527181952663,0.84375,0.97875,2.3125,2.09,1.5065679741192362,0.21632163230952645,0.21263757335510552,0.23303689098328806
1.5,12,GGG,xcal_pos,456,0.047870349493262965,1.0389859726980173,0.7653508771929824,0.9780701754385965,4.008771929824562,3.6666666666666665,1.5065679741192362,0.21632163230952645,0.21263757335510552,0.23303689098328806
1.5,13,PNBD,all,800,0.027114208300824227,0.4051904215976332,0.8925,0.98875,0.9125,0.6775,1.6012911477528868,0.12369114826429171,0.10844009151485898,0.13161309682656142
1.5,13,PNBD,xcal_pos,492,0.05330405600431831,0.6155678729494395,0.8536585365853658,0.9939024390243902,1.4390243902439024,1.1016260162601625,1.6012911477528868,0.12369114826429171,0.10844009151485898,0.13161309682656142
1.5,13,GGG,all,800,0.02061081967734313,0.39794596893491124,0.88,0.98375,0.9125,0.783125,1.6012911477528868,0.12369114826429171,0.10844009151485898,0.13161309682656142
1.5,13,GGG,xcal_pos,492,0.04237610871247732,0.6034764516284217,0.8333333333333334,0.9898373983739838,1.4390243902439024,1.2733739837398375,1.6012911477528868,0.12369114826429171,0.10844009151485898,0.13161309682656142
1.5,14,PNBD,all,800,0.03655298767544668,0.45324850221893487,0.89375,0.99375,1.5025,1.365,1.482780519964855,0.15476764037135332,0.1200160450420283,0.14125797454819922
1.5,14,PNBD,xcal_pos,374,0.04832654975653272,0.934817224630573,0.8021390374331551,0.9919786096256684,3.179144385026738,2.9197860962566846,1.482780519964855,0.15476764037135332,0.1200160450420283,0.14125797454819922
1.5,14,GGG,all,800,0.026774377900731783,0.44644974112426034,0.88625,0.985,1.5025,1.41875,1.482780519964855,0.15476764037135332,0.1200160450420283,0.14125797454819922
1.5,14,GGG,xcal_pos,374,0.03754531540941686,0.9203385358984906,0.786096256684492,0.9812834224598931,3.179144385026738,3.03475935828877,1.482780519964855,0.15476764037135332,0.1200160450420283,0.14125797454819922
2.0,0,PNBD,all,800,0.034632865976972016,0.5282555288461538,0.8725,0.99,1.82125,1.686875,1.900868747399252,0.16502726377152727,0.13121829006862293,0.1467543275737771
2.0,0,PNBD,xcal_pos,430,0.051451391213479636,0.9330043690656392,0.8069767441860465,0.9930232558139535,3.3372093023255816,3.1383720930232557,1.900868747399252,0.16502726377152727,0.13121829006862293,0.1467543275737771
2.0,0,GGG,all,800,0.048992606563556695,0.5183574334319527,0.8625,0.9875,1.82125,1.639375,1.900868747399252,0.16502726377152727,0.13121829006862293,0.1467543275737771
2.0,0,GGG,xcal_pos,430,0.07238896279547535,0.9148852002201735,0.7883720930232558,0.9883720930232558,3.3372093023255816,3.05,1.900868747399252,0.16502726377152727,0.13121829006862293,0.1467543275737771
2.0,1,PNBD,all,800,0.04089892640342507,0.5570194526627219,0.8575,0.9925,1.77,1.52125,2.0676720283921552,0.13473396049907152,0.10617964287167858,0.13434315532010274
2.0,1,PNBD,xcal_pos,498,0.05569640831543621,0.8477378151659896,0.8072289156626506,0.9939759036144579,2.7951807228915664,2.4437751004016066,2.0676720283921552,0.13473396049907152,0.10617964287167858,0.13434315532010274
2.0,1,GGG,all,800,0.01999145067983521,0.5412468565088758,0.82,0.98,1.77,1.65,2.0676720283921552,0.13473396049907152,0.10617964287167858,0.13434315532010274
2.0,1,GGG,xcal_pos,498,0.028589414730282037,0.8231403721394454,0.7469879518072289,0.9779116465863453,2.7951807228915664,2.6506024096385543,2.0676720283921552,0.13473396049907152,0.10617964287167858,0.13434315532010274
2.0,2,PNBD,all,800,0.019762931871824208,0.2138312130177515,0.9625,0.9975,0.545,0.5425,2.0346957410962325,0.2277518714706036,0.2041543916358774,0.24955288702655934
2.0,2,PNBD,xcal_pos,314,0.06700678342379673,0.5414426845814646,0.9076433121019108,0.9968152866242038,1.3853503184713376,1.3821656050955413,2.0346957410962325,0.2277518714706036,0.2041543916358774,0.24955288702655934
2.0,2,GGG,all,800,0.01926688187619849,0.21467564718934912,0.96125,0.995,0.545,0.590625,2.0346957410962325,0.2277518714706036,0.2041543916358774,0.24955288702655934
2.0,2,GGG,xcal_pos,314,0.0441350154119462,0.5437016168544831,0.9044585987261147,0.9904458598726115,1.3853503184713376,1.5047770700636942,2.0346957410962325,0.2277518714706036,0.2041543916358774,0.24955288702655934
2.0,3,PNBD,all,800,0.020415456274734622,0.37844123520710055,0.89625,0.99125,1.365,1.163125,2.1000901458629393,0.10892594991236643,0.09135140760033793,0.11201279453726291
2.0,3,PNBD,xcal_pos,326,0.05562750428980939,0.852314544233492,0.8190184049079755,0.99079754601227,3.2699386503067487,2.854294478527607,2.1000901458629393,0.10892594991236643,0.09135140760033793,0.11201279453726291
2.0,3,GGG,all,800,0.015744553899625924,0.367439275147929,0.87375,0.98,1.365,1.220625,2.1000901458629393,0.10892594991236643,0.09135140760033793,0.11201279453726291
2.0,3,GGG,xcal_pos,326,0.03740515046919968,0.8247227465785748,0.7638036809815951,0.9754601226993865,3.2699386503067487,2.995398773006135,2.1000901458629393,0.10892594991236643,0.09135140760033793,0.11201279453726291
2.0,4,PNBD,all,800,0.041753917542740604,0.44039487795857984,0.89125,0.99,1.4375,1.34,2.059143871772266,0.17804060330196603,0.12917743500097376,0.1618586582514005
2.0,4,PNBD,xcal_pos,414,0.057389469227163814,0.8151422833947918,0.821256038647343,0.9903381642512077,2.741545893719807,2.5893719806763285,2.059143871772266,0.17804060330196603,0.12917743500097376,0.1618586582514005
2.0,4,GGG,all,800,0.023698887303913896,0.4318249630177515,0.87375,0.9875,1.4375,1.403125,2.059143871772266,0.17804060330196603,0.12917743500097376,0.1618586582514005
2.0,4,GGG,xcal_pos,414,0.05416968635374653,0.7993080210387903,0.7874396135265701,0.9855072463768116,2.741545893719807,2.7113526570048307,2.059143871772266,0.17804060330196603,0.12917743500097376,0.1618586582514005
2.0,5,PNBD,all,800,0.04029117585241482,0.5609243713017752,0.8725,0.9875,2.10375,1.8875,2.053907708930746,0.19354940044278957,0.1615370417095675,0.19356585270890267
2.0,5,PNBD,xcal_pos,439,0.07904291615459935,0.9656130460567994,0.8177676537585421,0.9886104783599089,3.774487471526196,3.439635535307517,2.053907708930746,0.19354940044278957,0.1615370417095675,0.19356585270890267
2.0,5,GGG,all,800,0.028782063552230508,0.5303046227810652,0.8575,0.98125,2.10375,1.98625,2.053907708930746,0.19354940044278957,0.1615370417095675,0.19356585270890267
2.0,5,GGG,xcal_pos,439,0.06210339285088412,0.9095911229124827,0.7904328018223234,0.9840546697038725,3.774487471526196,3.6195899772209565,2.053907708930746,0.19354940044278957,0.1615370417095675,0.19356585270890267
2.0,6,PNBD,all,800,0.048004860862988774,0.49504424926035495,0.8975,0.9975,1.6425,1.658125,1.9652131131768096,0.22439527316729602,0.18227525032881742,0.21431953030187287
2.0,6,PNBD,xcal_pos,453,0.031150838486583038,0.8627532426819232,0.8300220750551877,0.9977924944812362,2.88962472406181,2.9282560706401766,1.9652131131768096,0.22439527316729602,0.18227525032881742,0.21431953030187287
2.0,6,GGG,all,800,0.04364618436468126,0.4859851886094675,0.88375,0.99125,1.6425,1.74125,1.9652131131768096,0.22439527316729602,0.18227525032881742,0.21431953030187287
2.0,6,GGG,xcal_pos,453,0.024754274801153664,0.8470776676202045,0.8057395143487859,0.9845474613686535,2.88962472406181,3.075055187637969,1.9652131131768096,0.22439527316729602,0.18227525032881742,0.21431953030187287
2.0,7,PNBD,all,800,0.029572547072359734,0.5920783653846153,0.88125,0.99375,2.06,1.8575,1.9940790391658316,0.20197437635590515,0.16618731568037626,0.19987586583673275
2.0,7,PNBD,xcal_pos,484,0.049392304127029996,0.9539561531126217,0.8264462809917356,0.9917355371900827,3.3801652892561984,3.0702479338842976,1.9940790391658316,0.20197437635590515,0.16618731568037626,0.19987586583673275
2.0,7,GGG,all,800,0.015643822747663072,0.5518982618343196,0.86,0.98875,2.06,2.014375,1.9940790391658316,0.20197437635590515,0.16618731568037626,0.19987586583673275
2.0,7,GGG,xcal_pos,484,0.025543191471668114,0.887965731820627,0.7913223140495868,0.9834710743801653,3.3801652892561984,3.3295454545454546,1.9940790391658316,0.20197437635590515,0.16618731568037626,0.19987586583673275
2.0,8,PNBD,all,800,0.012151209640633154,0.14027022928994082,0.97625,0.995,0.4725,0.409375,1.8958042180657717,0.22903150206773554,0.18470201060101377,0.23134360350322894
2.0,8,PNBD,xcal_pos,327,0.04462580559673546,0.33413771420299293,0.9510703363914373,0.9969418960244648,1.146788990825688,1.0015290519877675,1.8958042180657717,0.22903150206773554,0.18470201060101377,0.23134360350322894
2.0,8,GGG,all,800,0.015653538777334552,0.13508071375739644,0.97,0.99375,0.4725,0.46,1.8958042180657717,0.22903150206773554,0.18470201060101377,0.23134360350322894
2.0,8,GGG,xcal_pos,327,0.04133093874437521,0.32137003962868466,0.9357798165137615,0.9938837920489296,1.146788990825688,1.1253822629969419,1.8958042180657717,0.22903150206773554,0.18470201060101377,0.23134360350322894
2.0,9,PNBD,all,800,0.034100980963714056,0.16722320636094673,0.95375,0.99375,0.3725,0.264375,1.9320496831316725,0.09239155114183953,0.05413903936903532,0.08298711680832588
2.0,9,PNBD,xcal_pos,254,0.05492762486412564,0.5064385221078135,0.8700787401574803,0.9921259842519685,1.1535433070866141,0.8326771653543307,1.9320496831316725,0.09239155114183953,0.05413903936903532,0.08298711680832588
2.0,9,GGG,all,800,0.029627260535550204,0.15552679363905328,0.9475,0.9925,0.3725,0.27625,1.9320496831316725,0.09239155114183953,0.05413903936903532,0.08298711680832588
2.0,9,GGG,xcal_pos,254,0.05650795691371158,0.4699789754461166,0.8503937007874016,0.9881889763779528,1.1535433070866141,0.8700787401574803,1.9320496831316725,0.09239155114183953,0.05413903936903532,0.08298711680832588
2.0,10,PNBD,all,800,0.03671240222210259,0.2565853180473373,0.9325,0.98875,0.61625,0.52125,1.9934874318643643,0.09869824907595195,0.07528016256032764,0.09466734180760189
2.0,10,PNBD,xcal_pos,310,0.068954213475793,0.6113274479862569,0.864516129032258,0.9967741935483871,1.538709677419355,1.3451612903225807,1.9934874318643643,0.09869824907595195,0.07528016256032764,0.09466734180760189
2.0,10,GGG,all,800,0.024664220817781524,0.2545253328402367,0.93,0.985,0.61625,0.4825,1.9934874318643643,0.09869824907595195,0.07528016256032764,0.09466734180760189
2.0,10,GGG,xcal_pos,310,0.05216386534960146,0.6064718934911243,0.8580645161290322,0.9838709677419355,1.538709677419355,1.2451612903225806,1.9934874318643643,0.09869824907595195,0.07528016256032764,0.09466734180760189
2.0,11,PNBD,all,800,0.021354121907145557,0.30901168639053256,0.9175,0.99,0.7975,0.68,1.995223967275503,0.1995000001838107,0.1550310058377805,0.1937363945068022
2.0,11,PNBD,xcal_pos,422,0.03118735288684754,0.5669865601951821,0.8578199052132701,0.9928909952606635,1.4928909952606635,1.2890995260663507,1.995223967275503,0.1995000001838107,0.1550310058377805,0.1937363945068022
2.0,11,GGG,all,800,0.017915386275467404,0.29979312130177516,0.91,0.9875,0.7975,0.740625,1.995223967275503,0.1995000001838107,0.1550310058377805,0.1937363945068022
2.0,11,GGG,xcal_pos,422,0.035627162929632805,0.5494427423651813,0.8436018957345972,0.990521327014218,1.4928909952606635,1.4040284360189574,1.995223967275503,0.1995000001838107,0.1550310058377805,0.1937363945068022
2.0,12,PNBD,all,800,0.02646160133458375,0.32466649408284026,0.89875,0.9925,0.7,0.454375,1.8488869822983387,0.09756375885867943,0.07072988282421705,0.09986783260444053
2.0,12,PNBD,xcal_pos,436,0.047515621205167446,0.5637878983225666,0.841743119266055,0.9908256880733946,1.2522935779816513,0.8337155963302753,1.8488869822983387,0.09756375885867943,0.07072988282421705,0.09986783260444053
2.0,12,GGG,all,800,0.023468997077125242,0.3132337463017752,0.88875,0.98625,0.7,0.531875,1.8488869822983387,0.09756375885867943,0.07072988282421705,0.09986783260444053
2.0,12,GGG,xcal_pos,436,0.047687900563158886,0.543380923945497,0.823394495412844,0.9862385321100917,1.2522935779816513,0.9759174311926605,1.8488869822983387,0.09756375885867943,0.07072988282421705,0.09986783260444053
2.0,13,PNBD,all,800,0.03145531804002638,0.5273777736686391,0.84875,0.99125,1.4525,1.129375,2.063720466651056,0.10422689563013353,0.07494036026839773,0.10251072558220839
2.0,13,PNBD,xcal_pos,453,0.054752732553117966,0.8797262497224291,0.7836644591611479,0.9867549668874173,2.512141280353201,1.9944812362030906,2.063720466651056,0.10422689563013353,0.07494036026839773,0.10251072558220839
2.0,13,GGG,all,800,0.02440176853905418,0.5117894415680473,0.82125,0.975,1.4525,1.279375,2.063720466651056,0.10422689563013353,0.07494036026839773,0.10251072558220839
2.0,13,GGG,xcal_pos,453,0.057061725097179994,0.8539173099781864,0.7350993377483444,0.9602649006622517,2.512141280353201,2.259381898454746,2.063720466651056,0.10422689563013353,0.07494036026839773,0.10251072558220839
2.0,14,PNBD,all,800,0.04578282870960482,0.587328975591716,0.89625,0.9925,2.31875,2.30375,2.012067727042612,0.2337168056229329,0.22352795401544193,0.25443378410528744
2.0,14,PNBD,xcal_pos,466,0.04636668079195061,0.998868025751073,0.8304721030042919,0.9871244635193133,3.9721030042918457,3.9549356223175964,2.012067727042612,0.2337168056229329,0.22352795401544193,0.25443378410528744
2.0,14,GGG,all,800,0.030631265349186976,0.6089892566568047,0.8825,0.98625,2.31875,2.308125,2.012067727042612,0.2337168056229329,0.22352795401544193,0.25443378410528744
2.0,14,GGG,xcal_pos,466,0.05514134123964798,1.0364511643853012,0.8068669527896996,0.9785407725321889,3.9721030042918457,3.9624463519313307,2.012067727042612,0.2337168056229329,0.22352795401544193,0.25443378410528744
3.0,0,PNBD,all,800,0.02580120517297091,0.2530101146449704,0.945,0.99375,0.73375,0.58,2.880826208932286,0.1373030873840089,0.09174082434378548,0.13660016998789246
3.0,0,PNBD,xcal_pos,369,0.06135543112061281,0.5156221436474719,0.8970189701897019,0.997289972899729,1.5582655826558265,1.2574525745257452,2.880826208932286,0.1373030873840089,0.09174082434378548,0.13660016998789246
3.0,0,GGG,all,800,0.027330424024825106,0.23772437130177515,0.9375,0.98875,0.73375,0.6875,2.880826208932286,0.1373030873840089,0.09174082434378548,0.13660016998789246
3.0,0,GGG,xcal_pos,369,0.03887527498083909,0.48296888279533684,0.8807588075880759,0.991869918699187,1.5582655826558265,1.4905149051490514,2.880826208932286,0.1373030873840089,0.09174082434378548,0.13660016998789246
3.0,1,PNBD,all,800,0.046661180392502,0.5716010170118344,0.91875,0.99125,2.17625,2.289375,3.000461329064284,0.23354030411368,0.1909290315276955,0.22309662293013477
3.0,1,PNBD,xcal_pos,352,0.0811582703518341,1.273512977407208,0.8409090909090909,0.9914772727272727,4.920454545454546,5.203125,3.000461329064284,0.23354030411368,0.1909290315276955,0.22309662293013477
3.0,1,GGG,all,800,0.026329482388395054,0.5284570636094675,0.89875,0.9875,2.17625,2.2725,3.000461329064284,0.23354030411368,0.1909290315276955,0.22309662293013477
3.0,1,GGG,xcal_pos,352,0.02383951021872699,1.1754666487358796,0.7954545454545454,0.9829545454545454,4.920454545454546,5.1647727272727275,3.000461329064284,0.23354030411368,0.1909290315276955,0.22309662293013477
3.0,2,PNBD,all,800,0.03196982158693429,0.1861223372781065,0.94,0.9925,0.41375,0.315625,2.577624930035515,0.07968038737115551,0.04661191568248746,0.07459801222135103
3.0,2,PNBD,xcal_pos,271,0.05153584624813001,0.4984758946701893,0.8708487084870848,0.996309963099631,1.169741697416974,0.9317343173431735,2.577624930035515,0.07968038737115551,0.04661191568248746,0.07459801222135103
3.0,2,GGG,all,800,0.01794460395397629,0.17680902366863904,0.9375,0.98375,0.41375,0.36,2.577624930035515,0.07968038737115551,0.04661191568248746,0.07459801222135103
3.0,2,GGG,xcal_pos,271,0.032135890653173516,0.47158502369047367,0.8634686346863468,0.981549815498155,1.169741697416974,1.062730627306273,2.577624930035515,0.07968038737115551,0.04661191568248746,0.07459801222135103
3.0,3,PNBD,all,800,0.027247301542935976,0.19853979289940826,0.93,0.99875,0.58,0.38625,3.013243274357676,0.06245372001786609,0.03637806948782403,0.06001301956980411
3.0,3,PNBD,xcal_pos,223,0.1180323661365727,0.6798079576511797,0.7802690582959642,1.0,2.0493273542600896,1.3856502242152466,3.013243274357676,0.06245372001786609,0.03637806948782403,0.06001301956980411
3.0,3,GGG,all,800,0.02988857973263781,0.1810526627218935,0.925,0.9825,0.58,0.475625,3.013243274357676,0.06245372001786609,0.03637806948782403,0.06001301956980411
3.0,3,GGG,xcal_pos,223,0.10148828037577484,0.6175896860986548,0.7623318385650224,0.9551569506726457,2.0493273542600896,1.7062780269058295,3.013243274357676,0.06245372001786609,0.03637806948782403,0.06001301956980411
3.0,4,PNBD,all,800,0.030923439568253774,0.5371532544378698,0.91875,0.9875,1.97,1.978125,3.01008543273531,0.22029833678748,0.18629356850544285,0.21761009799245776
3.0,4,PNBD,xcal_pos,334,0.08185805801798551,1.2254247865216314,0.8532934131736527,0.9970059880239521,4.655688622754491,4.7380239520958085,3.01008543273531,0.22029833678748,0.18629356850544285,0.21761009799245776
3.0,4,GGG,all,800,0.01723303819267552,0.4793411982248521,0.91375,0.98125,1.97,2.039375,3.01008543273531,0.22029833678748,0.18629356850544285,0.21761009799245776
3.0,4,GGG,xcal_pos,334,0.04587398127148734,1.0866145076710485,0.8413173652694611,0.9880239520958084,4.655688622754491,4.884730538922156,3.01008543273531,0.22029833678748,0.18629356850544285,0.21761009799245776
3.0,5,PNBD,all,800,0.03827293641451818,0.2516912721893491,0.9175,0.995,0.68,0.55375,2.882100096441912,0.0691680589493398,0.049329032337948275,0.06957347417791257
3.0,5,PNBD,xcal_pos,272,0.03852886562106833,0.6789536742951618,0.8198529411764706,1.0,1.9375,1.6286764705882353,2.882100096441912,0.0691680589493398,0.049329032337948275,0.06957347417791257
3.0,5,GGG,all,800,0.03717803620940063,0.22773875739644972,0.91,0.99125,0.68,0.588125,2.882100096441912,0.0691680589493398,0.049329032337948275,0.06957347417791257
3.0,5,GGG,xcal_pos,272,0.05780459864273024,0.6089734162895928,0.7977941176470589,0.9926470588235294,1.9375,1.7297794117647058,2.882100096441912,0.0691680589493398,0.049329032337948275,0.06957347417791257
3.0,6,PNBD,all,800,0.06475389081728966,0.14537740384615383,0.945,0.9975,0.2875,0.20375,2.7131417412137844,0.05676286337661143,0.024698056311473426,0.04740809946892643
3.0,6,PNBD,xcal_pos,245,0.0948176340466681,0.4194811616954475,0.8693877551020408,0.9959183673469387,0.8857142857142857,0.6653061224489796,2.7131417412137844,0.05676286337661143,0.024698056311473426,0.04740809946892643
3.0,6,GGG,all,800,0.04443755654424264,0.1410823779585799,0.93875,0.995,0.2875,0.260625,2.7131417412137844,0.05676286337661143,0.024698056311473426,0.04740809946892643
3.0,6,GGG,xcal_pos,245,0.07755940421014051,0.4075585074266393,0.8489795918367347,0.9959183673469387,0.8857142857142857,0.8510204081632653,2.7131417412137844,0.05676286337661143,0.024698056311473426,0.04740809946892643
3.0,7,PNBD,all,800,0.020362176088284056,0.2337470599112426,0.93625,0.9875,0.73,0.698125,2.9095584657416254,0.1392212485874742,0.07829694760499493,0.10394031378935038
3.0,7,PNBD,xcal_pos,236,0.07236831277500189,0.7252236485808847,0.8389830508474576,1.0,2.406779661016949,2.3665254237288136,2.9095584657416254,0.1392212485874742,0.07829694760499493,0.10394031378935038
3.0,7,GGG,all,800,0.034811286204064484,0.21282416789940833,0.935,0.9775,0.73,0.69125,2.9095584657416254,0.1392212485874742,0.07829694760499493,0.10394031378935038
3.0,7,GGG,xcal_pos,236,0.07032524706401111,0.6549497292147227,0.8347457627118644,0.9703389830508474,2.406779661016949,2.343220338983051,2.9095584657416254,0.1392212485874742,0.07829694760499493,0.10394031378935038
3.0,8,PNBD,all,800,0.03371728805243446,0.4262232618343195,0.91125,0.9925,2.0075,1.823125,2.989305388475731,0.21664820754860942,0.16785174166638442,0.20232689340088875
3.0,8,PNBD,xcal_pos,355,0.04895858279368226,0.9188540295024586,0.8338028169014085,0.9971830985915493,4.48169014084507,4.108450704225352,2.989305388475731,0.21664820754860942,0.16785174166638442,0.20232689340088875
3.0,8,GGG,all,800,0.014265777672330393,0.40177625739644973,0.895,0.99,2.0075,1.955,2.989305388475731,0.21664820754860942,0.16785174166638442,0.20232689340088875
3.0,8,GGG,xcal_pos,355,0.040068081971952996,0.8643274439536629,0.7971830985915493,0.9887323943661972,4.48169014084507,4.405633802816902,2.989305388475731,0.21664820754860942,0.16785174166638442,0.20232689340088875
3.0,9,PNBD,all,800,0.035792775469097926,0.1454067677514793,0.96625,0.9925,0.3725,0.294375,2.9962705678668455,0.21622783719864153,0.14205753710626634,0.19972452834469506
3.0,9,PNBD,xcal_pos,359,0.051477564966222356,0.30738895023981805,0.9415041782729805,1.0,0.8133704735376045,0.6559888579387186,2.9962705678668455,0.21622783719864153,0.14205753710626634,0.19972452834469506
3.0,9,GGG,all,800,0.03930700999746406,0.13412516642011835,0.96625,0.99125,0.3725,0.35125,2.9962705678668455,0.21622783719864153,0.14205753710626634,0.19972452834469506
3.0,9,GGG,xcal_pos,359,0.0394756557198267,0.28223533483872026,0.9415041782729805,0.9972144846796658,0.8133704735376045,0.7827298050139275,2.9962705678668455,0.21622783719864153,0.14205753710626634,0.19972452834469506
3.0,10,PNBD,all,800,0.05180121815498584,0.11978994082840239,0.9625,0.99375,0.22125,0.17125,3.0922736463598977,0.07406893009269044,0.040954792711389854,0.0762814734252366
3.0,10,PNBD,xcal_pos,301,0.0873357041016033,0.28149452515284357,0.9269102990033222,1.0,0.5514950166112956,0.45514950166112955,3.0922736463598977,0.07406893009269044,0.040954792711389854,0.0762814734252366
3.0,10,GGG,all,800,0.03992447482191963,0.11560630547337279,0.96125,0.98875,0.22125,0.225,3.0922736463598977,0.07406893009269044,0.040954792711389854,0.0762814734252366
3.0,10,GGG,xcal_pos,301,0.03290132467467255,0.27094212585268046,0.9235880398671097,0.9966777408637874,0.5514950166112956,0.5980066445182725,3.0922736463598977,0.07406893009269044,0.040954792711389854,0.0762814734252366
3.0,11,PNBD,all,800,0.03380924235716587,0.5795311945266273,0.87875,0.995,2.0775,1.960625,3.0207823721157716,0.2194011472130833,0.1657553269845671,0.19972021036650792
3.0,11,PNBD,xcal_pos,449,0.05639094563037739,1.0015976660824186,0.8129175946547884,0.9955456570155902,3.670378619153675,3.4933184855233854,3.0207823721157716,0.2194011472130833,0.1657553269845671,0.19972021036650792
3.0,11,GGG,all,800,0.020087243857706272,0.5353552144970415,0.8625,0.9875,2.0775,2.09375,3.0207823721157716,0.2194011472130833,0.1657553269845671,0.19972021036650792
3.0,11,GGG,xcal_pos,449,0.033011606709942076,0.9238214441032669,0.7839643652561247,0.9821826280623608,3.670378619153675,3.730512249443207,3.0207823721157716,0.2194011472130833,0.1657553269845671,0.19972021036650792
3.0,12,PNBD,all,800,0.05931409381703445,0.41664047707100593,0.86125,0.9975,0.96875,0.725,2.9365653126219957,0.08708195642625077,0.059038189715646346,0.08391693572696977
3.0,12,PNBD,xcal_pos,457,0.059323470690827884,0.6713149171986069,0.8096280087527352,0.9978118161925602,1.636761487964989,1.2691466083150984,2.9365653126219957,0.08708195642625077,0.059038189715646346,0.08391693572696977
3.0,12,GGG,all,800,0.02394328530410661,0.37020055473372776,0.85125,0.995,0.96875,0.783125,2.9365653126219957,0.08708195642625077,0.059038189715646346,0.08391693572696977
3.0,12,GGG,xcal_pos,457,0.049951998248397245,0.592668645527171,0.7921225382932167,0.9956236323851203,1.636761487964989,1.3708971553610503,2.9365653126219957,0.08708195642625077,0.059038189715646346,0.08391693572696977
3.0,13,PNBD,all,800,0.03753104485038142,0.14694885355029588,0.93375,0.98,0.32,0.170625,3.1152591351345293,0.06403193529039164,0.03428070336913323,0.0631235359111496
3.0,13,PNBD,xcal_pos,233,0.07632570352134516,0.42438809457297405,0.8454935622317596,0.9957081545064378,1.0171673819742488,0.5858369098712446,3.1152591351345293,0.06403193529039164,0.03428070336913323,0.0631235359111496
3.0,13,GGG,all,800,0.03875315841133975,0.14553152736686392,0.93625,0.9775,0.32,0.228125,3.1152591351345293,0.06403193529039164,0.03428070336913323,0.0631235359111496
3.0,13,GGG,xcal_pos,233,0.06597848737705242,0.4192760367727354,0.8540772532188842,0.9871244635193133,1.0171673819742488,0.7832618025751072,3.1152591351345293,0.06403193529039164,0.03428070336913323,0.0631235359111496
3.0,14,PNBD,all,800,0.07245660532645659,0.5942459319526627,0.86125,0.99375,2.07625,1.80125,2.9634971222697843,0.16882445361848558,0.1334973786198736,0.17310528305146172
3.0,14,PNBD,xcal_pos,558,0.09842594578492359,0.8272105575703591,0.8189964157706093,0.992831541218638,2.953405017921147,2.582437275985663,2.9634971222697843,0.16882445361848558,0.1334973786198736,0.17310528305146172
3.0,14,GGG,all,800,0.045254048169248384,0.5379483173076923,0.83125,0.98,2.07625,2.0375,2.9634971222697843,0.16882445361848558,0.1334973786198736,0.17310528305146172
3.0,14,GGG,xcal_pos,558,0.040623320867245516,0.748376041865496,0.7759856630824373,0.982078853046595,2.953405017921147,2.921146953405018,2.9634971222697843,0.16882445361848558,0.1334973786198736,0.17310528305146172
4.0,0,PNBD,all,800,0.04050940599344355,0.4033014238165681,0.91,0.99125,1.4525,1.39625,3.9729595173961227,0.14092227578509342,0.10766348502445439,0.1395935613803326
4.0,0,PNBD,xcal_pos,316,0.10756055591899905,0.948172561980376,0.8417721518987342,0.9968354430379747,3.6012658227848102,3.5348101265822787,3.9729595173961227,0.14092227578509342,0.10766348502445439,0.1395935613803326
4.0,0,GGG,all,800,0.027913877754094707,0.361997725591716,0.89375,0.97625,1.4525,1.50625,3.9729595173961227,0.14092227578509342,0.10766348502445439,0.1395935613803326
4.0,0,GGG,xcal_pos,316,0.042889320851762974,0.8432459179087709,0.8006329113924051,0.9715189873417721,3.6012658227848102,3.8132911392405062,3.9729595173961227,0.14092227578509342,0.10766348502445439,0.1395935613803326
4.0,1,PNBD,all,800,0.02114245074322163,0.13615771079881656,0.94625,0.99375,0.25375,0.164375,4.202308732532567,0.06328935059516093,0.030470389561188842,0.05820455783995869
4.0,1,PNBD,xcal_pos,241,0.0497629060872436,0.4218148002651674,0.8506224066390041,0.991701244813278,0.8132780082987552,0.5456431535269709,4.202308732532567,0.06328935059516093,0.030470389561188842,0.05820455783995869
4.0,1,GGG,all,800,0.03586384755798888,0.12836227810650888,0.9475,0.9825,0.25375,0.180625,4.202308732532567,0.06328935059516093,0.030470389561188842,0.05820455783995869
4.0,1,GGG,xcal_pos,241,0.07989410632681149,0.39732444940951167,0.8547717842323651,0.970954356846473,0.8132780082987552,0.5995850622406639,4.202308732532567,0.06328935059516093,0.030470389561188842,0.05820455783995869
4.0,2,PNBD,all,800,0.03353438056679092,0.4123039940828403,0.91,0.9925,1.19625,1.21125,4.162338304135203,0.16830354380000878,0.1219888646913802,0.16298651172993348
4.0,2,PNBD,xcal_pos,371,0.05228447508548384,0.8485930796344439,0.8382749326145552,0.9919137466307277,2.5390835579514826,2.6118598382749325,4.162338304135203,0.16830354380000878,0.1219888646913802,0.16298651172993348
4.0,2,GGG,all,800,0.03196004667593644,0.38176776997041423,0.9025,0.97875,1.19625,1.230625,4.162338304135203,0.16830354380000878,0.1219888646913802,0.16298651172993348
4.0,2,GGG,xcal_pos,371,0.05729113072650949,0.7835716678096939,0.8221024258760108,0.9703504043126685,2.5390835579514826,2.6536388140161726,4.162338304135203,0.16830354380000878,0.1219888646913802,0.16298651172993348
4.0,3,PNBD,all,800,0.06855932905746487,0.30841000369822485,0.895,0.995,0.7225,0.505,4.269355954326486,0.07051609163777924,0.04189677902960275,0.07067561511740636
4.0,3,PNBD,xcal_pos,392,0.08023907345923054,0.5489161182224369,0.8647959183673469,0.9923469387755102,1.3903061224489797,1.030612244897959,4.269355954326486,0.07051609163777924,0.04189677902960275,0.07067561511740636
4.0,3,GGG,all,800,0.02981012250207768,0.27871248150887573,0.88625,0.985,0.7225,0.60375,4.269355954326486,0.07051609163777924,0.04189677902960275,0.07067561511740636
4.0,3,GGG,xcal_pos,392,0.04237448385469733,0.4898726754015215,0.8469387755102041,0.9744897959183674,1.3903061224489797,1.2321428571428572,4.269355954326486,0.07051609163777924,0.04189677902960275,0.07067561511740636
4.0,4,PNBD,all,800,0.0492608331324792,0.24420687869822488,0.94875,0.99,0.67625,0.633125,4.044722829890482,0.21066688600795164,0.1600099859836757,0.22676358727443213
4.0,4,PNBD,xcal_pos,326,0.04151893313907351,0.5749170962355248,0.8987730061349694,1.0,1.6349693251533743,1.553680981595092,4.044722829890482,0.21066688600795164,0.1600099859836757,0.22676358727443213
4.0,4,GGG,all,800,0.04076613609462432,0.2257888128698225,0.955,0.98625,0.67625,0.77125,4.044722829890482,0.21066688600795164,0.1600099859836757,0.22676358727443213
4.0,4,GGG,xcal_pos,326,0.04362014423081556,0.5297354975133409,0.9141104294478528,0.99079754601227,1.6349693251533743,1.892638036809816,4.044722829890482,0.21066688600795164,0.1600099859836757,0.22676358727443213
4.0,5,PNBD,all,800,0.03745556577471176,0.536597152366864,0.9225,0.99875,2.37625,2.31875,3.9971130367851715,0.23553434391029915,0.19627252555449265,0.25270336275876304
4.0,5,PNBD,xcal_pos,473,0.06941514038374264,0.8825097264095476,0.8921775898520085,1.0,3.9936575052854124,3.9217758985200843,3.9971130367851715,0.23553434391029915,0.19627252555449265,0.25270336275876304
4.0,5,GGG,all,800,0.01977603688662477,0.46474571005917154,0.88375,0.9875,2.37625,2.455,3.9971130367851715,0.23553434391029915,0.19627252555449265,0.25270336275876304
4.0,5,GGG,xcal_pos,473,0.043485042455977396,0.7615726759823361,0.8266384778012685,0.9873150105708245,3.9936575052854124,4.152219873150106,3.9971130367851715,0.23553434391029915,0.19627252555449265,0.25270336275876304
4.0,6,PNBD,all,800,0.027520009222969377,0.235342899408284,0.93875,0.99,0.83375,0.69375,3.9080653673673313,0.14086296931702041,0.09601158459228133,0.13620269088364217
4.0,6,PNBD,xcal_pos,305,0.06391802161990168,0.5905768260743041,0.8655737704918033,0.9967213114754099,2.160655737704918,1.819672131147541,3.9080653673673313,0.14086296931702041,0.09601158459228133,0.13620269088364217
4.0,6,GGG,all,800,0.02195286554972864,0.20560676775147932,0.935,0.99125,0.83375,0.795,3.9080653673673313,0.14086296931702041,0.09601158459228133,0.13620269088364217
4.0,6,GGG,xcal_pos,305,0.04125796680741689,0.5132097681637404,0.8557377049180328,0.9967213114754099,2.160655737704918,2.085245901639344,3.9080653673673313,0.14086296931702041,0.09601158459228133,0.13620269088364217
4.0,7,PNBD,all,800,0.03894176929291693,0.10594835428994084,0.96625,0.9925,0.25625,0.204375,3.8339841935221983,0.13761126104225374,0.07825342971827284,0.12339427263880341
4.0,7,PNBD,xcal_pos,227,0.06294321667316949,0.3514759664259834,0.9030837004405287,0.9955947136563876,0.8810572687224669,0.7202643171806168,3.8339841935221983,0.13761126104225374,0.07825342971827284,0.12339427263880341
4.0,7,GGG,all,800,0.039796734341101425,0.10103701923076924,0.96875,0.99,0.25625,0.253125,3.8339841935221983,0.13761126104225374,0.07825342971827284,0.12339427263880341
4.0,7,GGG,xcal_pos,227,0.0768792663845772,0.3341902353830514,0.9118942731277533,0.986784140969163,0.8810572687224669,0.8920704845814978,3.8339841935221983,0.13761126104225374,0.07825342971827284,0.12339427263880341
4.0,8,PNBD,all,800,0.04183818514224058,0.2841107433431953,0.92375,0.995,0.78,0.65875,3.998470281453028,0.11527791724613837,0.06860381283138203,0.10971286567401807
4.0,8,PNBD,xcal_pos,319,0.07528866052004002,0.6744174194505759,0.8432601880877743,1.0,1.9184952978056427,1.652037617554859,3.998470281453028,0.11527791724613837,0.06860381283138203,0.10971286567401807
4.0,8,GGG,all,800,0.029336469843399104,0.255444101331361,0.91875,0.98625,0.78,0.75,3.998470281453028,0.11527791724613837,0.06860381283138203,0.10971286567401807
4.0,8,GGG,xcal_pos,319,0.04858476396377093,0.6034533304891396,0.8307210031347962,0.987460815047022,1.9184952978056427,1.8808777429467085,3.998470281453028,0.11527791724613837,0.06860381283138203,0.10971286567401807
4.0,9,PNBD,all,800,0.07558266972709593,0.42275861686390537,0.89875,1.0,1.20625,1.03375,4.024054064949375,0.11969972321647326,0.0886320102482285,0.12143620042958198
4.0,9,PNBD,xcal_pos,458,0.10081750029887537,0.7071149001317795,0.8537117903930131,1.0,2.076419213973799,1.8056768558951966,4.024054064949375,0.11969972321647326,0.0886320102482285,0.12143620042958198
4.0,9,GGG,all,800,0.04298024253365529,0.3626449889053255,0.885,0.9925,1.20625,1.204375,4.024054064949375,0.11969972321647326,0.0886320102482285,0.12143620042958198
4.0,9,GGG,xcal_pos,458,0.0559980651520513,0.6030462714141753,0.8296943231441049,0.9868995633187773,2.076419213973799,2.103711790393013,4.024054064949375,0.11969972321647326,0.0886320102482285,0.12143620042958198
4.0,10,PNBD,all,800,0.04085493427087172,0.2893280140532545,0.90375,0.9975,0.76,0.51,4.128180470469,0.08785480048665087,0.04619670267572257,0.08553932258275954
4.0,10,PNBD,xcal_pos,353,0.08656740456343809,0.5991784283487269,0.8328611898016998,1.0,1.6657223796033995,1.1558073654390935,4.128180470469,0.08785480048665087,0.04619670267572257,0.08553932258275954
4.0,10,GGG,all,800,0.02370065184334441,0.25793724112426036,0.88875,0.98875,0.76,0.645625,4.128180470469,0.08785480048665087,0.04619670267572257,0.08553932258275954
4.0,10,GGG,xcal_pos,353,0.0542770313300896,0.5295837454112677,0.7988668555240793,0.9886685552407932,1.6657223796033995,1.4631728045325778,4.128180470469,0.08785480048665087,0.04619670267572257,0.08553932258275954
4.0,11,PNBD,all,800,0.023203422513464245,0.241014700443787,0.92625,0.995,0.59875,0.5325,4.062701156387577,0.0536799655517211,0.0356837318907345,0.053526643976160526
4.0,11,PNBD,xcal_pos,234,0.08949876723220274,0.7099013806706115,0.8632478632478633,0.9957264957264957,1.9273504273504274,1.8205128205128205,4.062701156387577,0.0536799655517211,0.0356837318907345,0.053526643976160526
4.0,11,GGG,all,800,0.01291576926773974,0.2123165125739645,0.9175,0.99,0.59875,0.590625,4.062701156387577,0.0536799655517211,0.0356837318907345,0.053526643976160526
4.0,11,GGG,xcal_pos,234,0.0756171479500865,0.6103317655388661,0.8333333333333334,0.9914529914529915,1.9273504273504274,2.019230769230769,4.062701156387577,0.0536799655517211,0.0356837318907345,0.053526643976160526
4.0,12,PNBD,all,800,0.02527156161473998,0.2462712278106509,0.94875,0.995,0.5775,0.495625,3.919862346146769,0.21759521699979334,0.15404771168234968,0.21980310285426705
4.0,12,PNBD,xcal_pos,367,0.04285200207966,0.5260635570675395,0.8991825613079019,0.997275204359673,1.2479564032697548,1.0803814713896458,3.919862346146769,0.21759521699979334,0.15404771168234968,0.21980310285426705
4.0,12,GGG,all,800,0.02045855923892459,0.23336420118343199,0.9475,0.98875,0.5775,0.58125,3.919862346146769,0.21759521699979334,0.15404771168234968,0.21980310285426705
4.0,12,GGG,xcal_pos,367,0.034187843180997934,0.4979404414491398,0.896457765667575,0.9863760217983651,1.2479564032697548,1.2670299727520435,3.919862346146769,0.21759521699979334,0.15404771168234968,0.21980310285426705
4.0,13,PNBD,all,800,0.04310401693527499,0.3812903291420119,0.8975,0.9975,1.105,0.925,3.8570930364149687,0.13376652493306507,0.09451656344842937,0.13390797698690296
4.0,13,PNBD,xcal_pos,435,0.068853222752426,0.6583658437053663,0.8505747126436781,1.0,1.9885057471264367,1.7011494252873562,3.8570930364149687,0.13376652493306507,0.09451656344842937,0.13390797698690296
4.0,13,GGG,all,800,0.029024242840718972,0.3470681213017751,0.88,0.99125,1.105,1.049375,3.8570930364149687,0.13376652493306507,0.09451656344842937,0.13390797698690296
4.0,13,GGG,xcal_pos,435,0.039730353902462545,0.5964237570563832,0.8183908045977012,0.9908045977011494,1.9885057471264367,1.9298850574712643,3.8570930364149687,0.13376652493306507,0.09451656344842937,0.13390797698690296
4.0,14,PNBD,all,800,0.022748372688562224,0.25947960428994077,0.9375,0.98625,0.7575,0.68,3.838580135647433,0.11980577297713296,0.08309678302670381,0.12140146525429732
4.0,14,PNBD,xcal_pos,255,0.09040963873939667,0.7640288896623738,0.8549019607843137,0.996078431372549,2.3254901960784315,2.1333333333333333,3.838580135647433,0.11980577297713296,0.08309678302670381,0.12140146525429732
4.0,14,GGG,all,800,0.030514049481619898,0.2432051220414201,0.9375,0.97875,0.7575,0.799375,3.838580135647433,0.11980577297713296,0.08309678302670381,0.12140146525429732
4.0,14,GGG,xcal_pos,255,0.028997292737843905,0.7128273001508296,0.8549019607843137,0.984313725490196,2.3254901960784315,2.507843137254902,3.838580135647433,0.11980577297713296,0.08309678302670381,0.12140146525429732
