N,T,rep,horizon,method,cond,n_active,pct_active,E_lambda,E_mu,CV_lambda,CV_mu,nMAE,nRMSE,nMdAE,CRPS,log_score,cov50,cov80,cov95,sharpness_std,pit_ks
1500,52,0,13,MCMC,all,364,0.24266666666666667,0.7256259772006919,0.09080105657512122,2.083393482445646,1.7922849470410862,0.2178671794113297,0.7605971455214435,0.0,0.7059988,0.9005251422513645,0.8773333333333333,0.9506666666666667,0.9813333333333333,1.4540910689700486,0.014008810305579628
1500,52,0,13,MCMC,active,364,0.24266666666666667,0.7256259772006919,0.09080105657512122,2.083393482445646,1.7922849470410862,0.20011832569146576,0.3592729874541019,0.10767637923384114,2.6604173076923074,3.4240812894140644,0.5384615384615384,0.8076923076923077,0.9230769230769231,5.143413852054226,0.12524208010733223
1500,52,0,13,MLE_plugin,all,364,0.24266666666666667,0.7256259772006919,0.09080105657512122,2.083393482445646,1.7922849470410862,1.0,3.811860761716106,0.0,4.5065202375,4.788072411526804,0.7573333333333333,0.7573333333333333,0.7573333333333333,0.005060865201344488,0.2452393856819346
1500,52,0,13,MLE_plugin,active,364,0.24266666666666667,0.7256259772006919,0.09080105657512122,2.083393482445646,1.7922849470410862,1.0,1.8777686790235484,0.376867327318444,18.570825154532965,19.73106617090751,0.0,0.0,0.0,0.020855213741804192,0.9952285608388942
1500,52,0,13,heuristic,all,364,0.24266666666666667,0.7256259772006919,0.09080105657512122,2.083393482445646,1.7922849470410862,0.426564117734063,1.1922542852606057,0.0,1.9226666666666667,7.705571670907504,0.5653333333333334,0.5653333333333334,0.5653333333333334,0.0,0.3272647946469513
1500,52,0,13,heuristic,active,364,0.24266666666666667,0.7256259772006919,0.09080105657512122,2.083393482445646,1.7922849470410862,0.1930187842035202,0.3556810305323475,0.10767637923384114,3.5851648351648353,15.000224464401901,0.15384615384615385,0.15384615384615385,0.15384615384615385,0.0,0.4435736206159403
1500,52,0,26,MCMC,all,406,0.27066666666666667,0.7256259772006919,0.09080105657512122,2.083393482445646,1.7922849470410862,0.20714826021180033,0.8480192958241406,0.0,1.3681670666666668,1.1674262025180653,0.8626666666666667,0.9286666666666666,0.982,2.882593736268475,0.01132769180210641
1500,52,0,26,MCMC,active,406,0.27066666666666667,0.7256259772006919,0.09080105657512122,2.083393482445646,1.7922849470410862,0.19213313161875947,0.4267167906570867,0.09213313161875947,4.667684729064039,4.033648405550672,0.541871921182266,0.7610837438423645,0.9334975369458128,9.53954582244955,0.14043488391021414
1500,52,0,26,MLE_plugin,all,406,0.27066666666666667,0.7256259772006919,0.09080105657512122,2.083393482445646,1.7922849470410862,1.0,3.80076206305104,0.0,8.812520237500001,5.351878453077204,0.7293333333333333,0.7293333333333333,0.7293333333333333,0.005060865201344488,0.2732393856819346
1500,52,0,26,MLE_plugin,active,406,0.27066666666666667,0.7256259772006919,0.09080105657512122,2.083393482445646,1.7922849470410862,1.0,1.9773705870053406,0.3071104387291982,32.558572306034485,19.772947618980837,0.0,0.0,0.0,0.01869777783747962,0.9973265218996632
1500,52,0,26,heuristic,all,406,0.27066666666666667,0.7256259772006919,0.09080105657512122,2.083393482445646,1.7922849470410862,0.4274583963691377,1.2738205716333673,0.11346444780635402,3.767333333333333,9.501964920674256,0.464,0.464,0.464,0.0,0.41793146131361797
1500,52,0,26,heuristic,active,406,0.27066666666666667,0.7256259772006919,0.09080105657512122,2.083393482445646,1.7922849470410862,0.18698940998487143,0.42903510926960453,0.09213313161875947,6.088669950738916,15.326027333204342,0.1354679802955665,0.1354679802955665,0.1354679802955665,0.0,0.4359605911330049
1500,52,0,52,MCMC,all,431,0.28733333333333333,0.7256259772006919,0.09080105657512122,2.083393482445646,1.7922849470410862,0.24030228725328615,1.102187642287638,0.0,3.0447964499999998,1.538670639888989,0.836,0.9246666666666666,0.9806666666666667,6.219731446254522,0.01347885063977887
1500,52,0,52,MCMC,active,431,0.28733333333333333,0.7256259772006919,0.09080105657512122,2.083393482445646,1.7922849470410862,0.22534871568115122,0.5786555842292371,0.08662620090846966,9.951155162412993,5.063388357383876,0.4733178654292343,0.7587006960556845,0.9327146171693735,19.91208836899451,0.13574978157263706
1500,52,0,52,MLE_plugin,all,431,0.28733333333333333,0.7256259772006919,0.09080105657512122,2.083393482445646,1.7922849470410862,1.0,3.9197877850775718,0.0,16.583853570833334,5.691205905907603,0.7126666666666667,0.7126666666666667,0.7126666666666667,0.005060865201344488,0.28990605234860134
1500,52,0,52,MLE_plugin,active,431,0.28733333333333333,0.7256259772006919,0.09080105657512122,2.083393482445646,1.7922849470410862,1.0,2.101142758389456,0.2772038429071029,57.71642774071927,19.80697683257077,0.0,0.0,0.0,0.017613219958275465,0.9976798143851509
1500,52,0,52,heuristic,all,431,0.28733333333333333,0.7256259772006919,0.09080105657512122,2.083393482445646,1.7922849470410862,0.4736503597700687,1.523791749721049,0.06029665956506009,7.855333333333333,9.868340827992952,0.44333333333333336,0.44333333333333336,0.44333333333333336,0.0,0.43126479464695133
1500,52,0,52,heuristic,active,431,0.28733333333333333,0.7256259772006919,0.09080105657512122,2.083393482445646,1.7922849470410862,0.22607227559593196,0.6015154409869303,0.08662620090846966,13.048723897911833,16.329087657460864,0.07888631090487239,0.07888631090487239,0.07888631090487239,0.0,0.48259860788863107
1500,52,1,13,MCMC,all,195,0.13,0.6762787446104614,0.15820077559892518,1.3411901661035217,1.2060265278327504,0.3485931219294328,1.4127411380616384,0.0,0.36926251666666665,0.4814543617434755,0.9373333333333334,0.9713333333333334,0.99,0.7295493343582103,0.011610881602858503
1500,52,1,13,MCMC,active,195,0.13,0.6762787446104614,0.15820077559892518,1.3411901661035217,1.2060265278327504,0.2780259044216168,0.4048772363348464,0.17418490397498884,2.3343028205128205,3.3945662164382413,0.5743589743589743,0.7948717948717948,0.9282051282051282,4.401466261722214,0.24521473650202907
1500,52,1,13,MLE_plugin,all,195,0.13,0.6762787446104614,0.15820077559892518,1.3411901661035217,1.2060265278327504,0.345020098258151,1.4012040241575179,0.0,0.36826886666666664,0.45201222962176213,0.938,0.9726666666666667,0.9913333333333333,0.737574881156578,0.013549750474839084
1500,52,1,13,MLE_plugin,active,195,0.13,0.6762787446104614,0.15820077559892518,1.3411901661035217,1.2060265278327504,0.2771326485037963,0.41000866251753354,0.17418490397498884,2.352754583333333,3.181665617724479,0.5794871794871795,0.8,0.9333333333333333,4.424263485528537,0.2653084224158495
1500,52,1,13,heuristic,all,195,0.13,0.6762787446104614,0.15820077559892518,1.3411901661035217,1.2060265278327504,1.2786958463599822,3.150532110241965,0.33497096918267083,1.9086666666666667,8.863768851694047,0.5,0.5,0.5,0.0,0.43866666666666665
1500,52,1,13,heuristic,active,195,0.13,0.6762787446104614,0.15820077559892518,1.3411901661035217,1.2060265278327504,0.24698526127735598,0.3825870989286109,0.17418490397498884,2.835897435897436,14.45476021261012,0.18461538461538463,0.18461538461538463,0.18461538461538463,0.0,0.46800147990215213
1500,52,1,26,MCMC,all,209,0.13933333333333334,0.6762787446104614,0.15820077559892518,1.3411901661035217,1.2060265278327504,0.345748502994012,1.4567595949011574,0.0,0.6844736333333333,0.6102367942610036,0.9326666666666666,0.9686666666666667,0.9906666666666667,1.40561838405706,0.014516929388744354
1500,52,1,26,MCMC,active,209,0.13933333333333334,0.6762787446104614,0.15820077559892518,1.3411901661035217,1.2060265278327504,0.2748502994011976,0.43092015468347666,0.17520958083832336,4.066963277511961,4.084840877986923,0.569377990430622,0.7942583732057417,0.937799043062201,8.199870271765878,0.18893682651929536
1500,52,1,26,MLE_plugin,all,209,0.13933333333333334,0.6762787446104614,0.15820077559892518,1.3411901661035217,1.2060265278327504,0.3488622754491018,1.4523816003717323,0.0,0.6900499875,0.5478094527170565,0.93,0.9706666666666667,0.992,1.4260056997141406,0.014590095673209874
1500,52,1,26,MLE_plugin,active,209,0.13933333333333334,0.6762787446104614,0.15820077559892518,1.3411901661035217,1.2060265278327504,0.28371257485029944,0.4401496751412479,0.20023952095808384,4.1735115430622,3.653917407203719,0.5550239234449761,0.7990430622009569,0.9473684210526315,8.32518613913519,0.20311175116379812
1500,52,1,26,heuristic,all,209,0.13933333333333334,0.6762787446104614,0.15820077559892518,1.3411901661035217,1.2060265278327504,1.3770059880239522,3.3870795795867967,0.3592814371257485,3.832666666666667,11.239260011863797,0.366,0.366,0.366,0.0,0.5766666666666667
1500,52,1,26,heuristic,active,209,0.13933333333333334,0.6762787446104614,0.15820077559892518,1.3411901661035217,1.2060265278327504,0.25676646706586825,0.44127535772902526,0.15017964071856288,5.1291866028708135,15.776660401863767,0.11004784688995216,0.11004784688995216,0.11004784688995216,0.0,0.4784688995215311
1500,52,1,52,MCMC,all,221,0.14733333333333334,0.6762787446104614,0.15820077559892518,1.3411901661035217,1.2060265278327504,0.4250407387289516,1.7557005809376265,0.0,1.4662018166666666,0.9205843959598712,0.9226666666666666,0.962,0.9846666666666667,2.8517972097239066,0.014302161959139137
1500,52,1,52,MCMC,active,221,0.14733333333333334,0.6762787446104614,0.15820077559892518,1.3411901661035217,1.2060265278327504,0.3576860401955459,0.5745354408865055,0.18006518196632262,8.627490384615383,5.963497675332278,0.5294117647058824,0.7601809954751131,0.9004524886877828,16.22958153407798,0.16612952037477124
1500,52,1,52,MLE_plugin,all,221,0.14733333333333334,0.6762787446104614,0.15820077559892518,1.3411901661035217,1.2060265278327504,0.42965779467680604,1.7947363698681496,0.0,1.4940382041666664,0.7435157476390932,0.9246666666666666,0.9646666666666667,0.988,2.893600021605443,0.014532358136071843
1500,52,1,52,MLE_plugin,active,221,0.14733333333333334,0.6762787446104614,0.15820077559892518,1.3411901661035217,1.2060265278327504,0.3686854970124932,0.6057559497562331,0.18006518196632262,8.964482239819006,4.778394883185112,0.5520361990950227,0.7692307692307693,0.918552036199095,16.45605657188895,0.165380006679319
1500,52,1,52,heuristic,all,221,0.14733333333333334,0.6762787446104614,0.15820077559892518,1.3411901661035217,1.2060265278327504,1.6152906029331884,3.991151603733896,0.40738728951656705,7.93,11.345628933343326,0.36,0.36,0.36,0.0,0.5873333333333334
1500,52,1,52,heuristic,active,221,0.14733333333333334,0.6762787446104614,0.15820077559892518,1.3411901661035217,1.2060265278327504,0.3773764258555133,0.6653945421022762,0.18006518196632262,12.574660633484163,16.283669509785128,0.08144796380090498,0.08144796380090498,0.08144796380090498,0.0,0.5610859728506787
1500,52,2,13,MCMC,all,619,0.4126666666666667,0.3482298368609226,0.15744690528667832,1.1290002412966047,2.4582558896708413,0.40132605304212166,0.8372324799818206,0.0,0.7364858166666667,1.2643065643073694,0.8146666666666667,0.9286666666666666,0.9786666666666667,1.3617378817619723,0.017055190714626023
1500,52,2,13,MCMC,active,619,0.4126666666666667,0.3482298368609226,0.15744690528667832,1.1290002412966047,2.4582558896708413,0.3463338533541341,0.49893018299949593,0.24141965678627145,1.54365795638126,2.732591748168492,0.6155088852988692,0.8481421647819063,0.9547657512116317,2.656480253941936,0.12769737685972715
1500,52,2,13,MLE_plugin,all,619,0.4126666666666667,0.3482298368609226,0.15744690528667832,1.1290002412966047,2.4582558896708413,0.3988559542381695,0.8308034169651906,0.0,0.7306264124999998,1.1884200859992395,0.8133333333333334,0.926,0.974,1.365075048931329,0.017143037614029244
1500,52,2,13,MLE_plugin,active,619,0.4126666666666667,0.3482298368609226,0.15744690528667832,1.1290002412966047,2.4582558896708413,0.3436037441497659,0.4934799956541834,0.16094643785751428,1.5271904684975766,2.5633699335233358,0.6122778675282714,0.840064620355412,0.9450726978998385,2.6579322780229866,0.12866338482398104
1500,52,2,13,heuristic,all,619,0.4126666666666667,0.3482298368609226,0.15744690528667832,1.1290002412966047,2.4582558896708413,0.5465418616744669,1.0059076231904953,0.39001560062402496,1.4013333333333333,9.76196264658774,0.4493333333333333,0.4493333333333333,0.4493333333333333,0.0,0.384
1500,52,2,13,heuristic,active,619,0.4126666666666667,0.3482298368609226,0.15744690528667832,1.1290002412966047,2.4582558896708413,0.3328133125325013,0.48599247763433895,0.16094643785751428,2.0678513731825525,13.803993044870644,0.22132471728594508,0.22132471728594508,0.22132471728594508,0.0,0.40226171243941844
1500,52,2,26,MCMC,all,674,0.4493333333333333,0.3482298368609226,0.15744690528667832,1.1290002412966047,2.4582558896708413,0.3423835008484532,0.719545813323209,0.0,1.2571955333333331,1.612058069668991,0.7853333333333333,0.8946666666666667,0.9706666666666667,2.3077806410102912,0.017221227110835347
1500,52,2,26,MCMC,active,674,0.4493333333333333,0.3482298368609226,0.15744690528667832,1.1290002412966047,2.4582558896708413,0.2957185745986164,0.43611814266517285,0.17595614149588826,2.425886201780415,3.2853586743839087,0.5801186943620178,0.7967359050445104,0.9436201780415431,4.304235210027267,0.11438141113847178
1500,52,2,26,MLE_plugin,all,674,0.4493333333333333,0.3482298368609226,0.15744690528667832,1.1290002412966047,2.4582558896708413,0.33892442239916465,0.7154628530450383,0.0,1.2514964916666669,1.504186229240387,0.784,0.9006666666666666,0.9746666666666667,2.3071428057650323,0.015411103356029576
1500,52,2,26,MLE_plugin,active,674,0.4493333333333333,0.3482298368609226,0.15744690528667832,1.1290002412966047,2.4582558896708413,0.29252055867380233,0.43269802192785406,0.17595614149588826,2.4124678227002967,3.0616980541363894,0.5801186943620178,0.8086053412462908,0.9525222551928784,4.281983110141603,0.10234693023568664
1500,52,2,26,heuristic,all,674,0.4493333333333333,0.3482298368609226,0.15744690528667832,1.1290002412966047,2.4582558896708413,0.48792585824304924,0.9063232129925571,0.19579689335595876,2.492,12.078360968150335,0.31866666666666665,0.31866666666666665,0.31866666666666665,0.0,0.49066666666666664
1500,52,2,26,heuristic,active,674,0.4493333333333333,0.3482298368609226,0.15744690528667832,1.1290002412966047,2.4582558896708413,0.28377496410390285,0.42241763864528387,0.17595614149588826,3.2255192878338277,15.307752971236926,0.13649851632047477,0.13649851632047477,0.13649851632047477,0.0,0.4391691394658754
1500,52,2,52,MCMC,all,711,0.474,0.3482298368609226,0.15744690528667832,1.1290002412966047,2.4582558896708413,0.3216809349096345,0.6991060201601825,0.0,2.297374516666667,2.0446835694668524,0.7513333333333333,0.8886666666666667,0.9733333333333334,4.29405857072052,0.012212295513294946
1500,52,2,52,MCMC,active,711,0.474,0.3482298368609226,0.15744690528667832,1.1290002412966047,2.4582558896708413,0.2769058295964126,0.42909255686693654,0.14492458214431309,4.198237552742616,4.0273646483989465,0.5330520393811533,0.7974683544303798,0.9493670886075949,7.77078033320582,0.10278103671556277
1500,52,2,52,MLE_plugin,all,711,0.474,0.3482298368609226,0.15744690528667832,1.1290002412966047,2.4582558896708413,0.3214771028672374,0.6979064967434606,0.0,2.2825650041666665,1.8684625195022448,0.7526666666666667,0.892,0.97,4.278567182579686,0.015229661548043172
1500,52,2,52,MLE_plugin,active,711,0.474,0.3482298368609226,0.15744690528667832,1.1290002412966047,2.4582558896708413,0.2772455496670743,0.42913653801992313,0.19323277619241747,4.169289732770745,3.6516174867435494,0.5372714486638537,0.8030942334739803,0.9465541490857946,7.689255163413715,0.09094861450929675
1500,52,2,52,heuristic,all,711,0.474,0.3482298368609226,0.15744690528667832,1.1290002412966047,2.4582558896708413,0.4669792091316755,0.9170516625410481,0.20383204239706484,4.582,12.456549791259592,0.29733333333333334,0.29733333333333334,0.29733333333333334,0.0,0.49333333333333335
1500,52,2,52,heuristic,active,711,0.474,0.3482298368609226,0.15744690528667832,1.1290002412966047,2.4582558896708413,0.27075689631743444,0.4296095285551057,0.19323277619241747,5.60478199718706,16.0570093687226,0.09423347398030943,0.09423347398030943,0.09423347398030943,0.0,0.4641350210970464
2000,52,0,13,MCMC,all,890,0.445,0.3645120158614692,0.1706938524858051,0.5391136910324643,2.1284022308575565,0.45290534208059985,0.844917041470837,0.0,0.6849303625000001,1.1735385172644432,0.8105,0.936,0.984,1.3012975119884718,0.011778639029759994
2000,52,0,13,MCMC,active,890,0.445,0.3645120158614692,0.1706938524858051,0.5391136910324643,2.1284022308575565,0.39128397375820057,0.52249165759414,0.3127928772258669,1.3350761235955053,2.3961338592685704,0.650561797752809,0.8842696629213483,0.9696629213483146,2.480434217138979,0.0859569959807433
2000,52,0,13,MLE_plugin,all,890,0.445,0.3645120158614692,0.1706938524858051,0.5391136910324643,2.1284022308575565,0.4560684161199625,0.846231734578358,0.0,0.684145421875,1.1610312753826733,0.8135,0.9365,0.9815,1.3029275877436193,0.012319950927140569
2000,52,0,13,MLE_plugin,active,890,0.445,0.3645120158614692,0.1706938524858051,0.5391136910324643,2.1284022308575565,0.3937441424554826,0.5243934791446785,0.2085285848172446,1.3320803441011235,2.366476040721869,0.6550561797752809,0.8876404494382022,0.9662921348314607,2.4748230700967664,0.08740492543614528
2000,52,0,13,heuristic,all,890,0.445,0.3645120158614692,0.1706938524858051,0.5391136910324643,2.1284022308575565,0.6462043111527648,0.9912931490771406,0.46860356138706655,1.379,11.061981356036782,0.376,0.376,0.376,0.0,0.4555
2000,52,0,13,heuristic,active,890,0.445,0.3645120158614692,0.1706938524858051,0.5391136910324643,2.1284022308575565,0.39058106841611995,0.5211574249889842,0.4170571696344892,1.8730337078651684,14.201945843773839,0.19887640449438201,0.19887640449438201,0.19887640449438201,0.0,0.42247191011235957
2000,52,0,26,MCMC,all,935,0.4675,0.3645120158614692,0.1706938524858051,0.5391136910324643,2.1284022308575565,0.37726672270925904,0.7034673488925229,0.0,1.1271692875,1.4969281669940409,0.7965,0.9205,0.9785,2.189843382929222,0.01653959263231944
2000,52,0,26,MCMC,active,935,0.4675,0.3645120158614692,0.1706938524858051,0.5391136910324643,2.1284022308575565,0.3333733637564549,0.4397204595241374,0.22457067371202113,2.1325410427807485,2.998607612289499,0.611764705882353,0.8545454545454545,0.9625668449197861,4.080242948023991,0.06559314785865523
2000,52,0,26,MLE_plugin,all,935,0.4675,0.3645120158614692,0.1706938524858051,0.5391136910324643,2.1284022308575565,0.3794884111925063,0.7075913742014864,0.0,1.1284746156249998,1.4263766484419134,0.8015,0.9185,0.98,2.1847907830454916,0.01705753342581437
2000,52,0,26,MLE_plugin,active,935,0.4675,0.3645120158614692,0.1706938524858051,0.5391136910324643,2.1284022308575565,0.33373363756454905,0.44215168914857467,0.22457067371202113,2.1290688970588234,2.874690613794384,0.6224598930481283,0.8524064171122995,0.9668449197860962,4.064545160718343,0.0628445731698011
2000,52,0,26,heuristic,all,935,0.4675,0.3645120158614692,0.1706938524858051,0.5391136910324643,2.1284022308575565,0.5915695928905969,0.888220877669637,0.24018253872943437,2.463,13.393152422252639,0.2445,0.2445,0.2445,0.0,0.582
2000,52,0,26,heuristic,active,935,0.4675,0.3645120158614692,0.1706938524858051,0.5391136910324643,2.1284022308575565,0.3425003002281734,0.4492914364332187,0.22457067371202113,3.0502673796791444,15.736741841941598,0.11229946524064172,0.11229946524064172,0.11229946524064172,0.0,0.5165775401069519
2000,52,0,52,MCMC,all,939,0.4695,0.3645120158614692,0.1706938524858051,0.5391136910324643,2.1284022308575565,0.36954896586095193,0.6970645766608207,0.0,2.1319670874999996,1.920831642803908,0.774,0.9055,0.978,4.014877619520077,0.021949043071400887
2000,52,0,52,MCMC,active,939,0.4695,0.3645120158614692,0.1706938524858051,0.5391136910324643,2.1284022308575565,0.32534886618489905,0.4344818799670885,0.233989534014453,4.013991826411075,3.902662065101101,0.564430244941427,0.8232161874334398,0.9637912673056444,7.470259081443832,0.05076258511346704
2000,52,0,52,MLE_plugin,all,939,0.4695,0.3645120158614692,0.1706938524858051,0.5391136910324643,2.1284022308575565,0.36989160229254925,0.6985453795427518,0.0,2.132052690625,1.7882392726564627,0.775,0.9105,0.977,4.00324485692828,0.01929498645569483
2000,52,0,52,MLE_plugin,active,939,0.4695,0.3645120158614692,0.1706938524858051,0.5391136910324643,2.1284022308575565,0.3252865686518814,0.4361415438162942,0.233989534014453,4.002527216453673,3.6358065558718637,0.5665601703940362,0.838125665601704,0.9605963791267306,7.4252365566925205,0.0508448997422116
2000,52,0,52,heuristic,all,939,0.4695,0.3645120158614692,0.1706938524858051,0.5391136910324643,2.1284022308575565,0.5821704460503364,0.9074208277167316,0.373785198106155,4.6725,13.6945213131693,0.2275,0.2275,0.2275,0.0,0.5935
2000,52,0,52,heuristic,active,939,0.4695,0.3645120158614692,0.1706938524858051,0.5391136910324643,2.1284022308575565,0.33883628208322947,0.45981303546216756,0.29248691751806627,5.792332268370607,16.38711466620166,0.07561235356762513,0.07561235356762513,0.07561235356762513,0.0,0.5431309904153354
2000,52,1,13,MCMC,all,131,0.0655,0.7292275254223834,0.169839790909352,1.8988948515343693,0.9364771747579483,0.3521628498727735,2.186282286262064,0.0,0.2526183125,0.3312998478137055,0.9605,0.981,0.993,0.5019178048393511,0.022397371209986777
2000,52,1,13,MCMC,active,131,0.0655,0.7292275254223834,0.169839790909352,1.8988948515343693,0.9364771747579483,0.3145038167938931,0.5281555275090261,0.2,3.444210687022901,4.746944380626692,0.4580152671755725,0.732824427480916,0.8931297709923665,6.07546764676395,0.1771562983709546
2000,52,1,13,MLE_plugin,all,131,0.0655,0.7292275254223834,0.169839790909352,1.8988948515343693,0.9364771747579483,0.42315521628498726,2.663600785984473,0.0,0.29817305,0.3094187077976313,0.9615,0.98,0.9905,0.5131727824741527,0.035412720988184154
2000,52,1,13,MLE_plugin,active,131,0.0655,0.7292275254223834,0.169839790909352,1.8988948515343693,0.9364771747579483,0.40279898218829513,0.6712122387001233,0.2,4.356616841603054,4.581371348891756,0.44274809160305345,0.6946564885496184,0.8549618320610687,6.93173999661714,0.32870755517938344
2000,52,1,13,heuristic,all,131,0.0655,0.7292275254223834,0.169839790909352,1.8988948515343693,0.9364771747579483,1.9577608142493639,5.839836017514374,0.0,1.9235,7.1353351473112445,0.5975,0.5975,0.5975,0.0,0.375
2000,52,1,13,heuristic,active,131,0.0655,0.7292275254223834,0.169839790909352,1.8988948515343693,0.9364771747579483,0.30788804071246817,0.5458766711618519,0.13333333333333333,4.6183206106870225,15.697666205747861,0.11450381679389313,0.11450381679389313,0.11450381679389313,0.0,0.46564885496183206
2000,52,1,26,MCMC,all,137,0.0685,0.7292275254223834,0.169839790909352,1.8988948515343693,0.9364771747579483,0.3673469387755102,2.4479964529998894,0.0,0.48778289999999996,0.39776580513944726,0.9595,0.981,0.9925,1.0071812159704674,0.022553441969438426
2000,52,1,26,MCMC,active,137,0.0685,0.7292275254223834,0.169839790909352,1.8988948515343693,0.9364771747579483,0.32694995806541793,0.6096310607720715,0.15320100642996926,6.416624999999999,5.459670330601643,0.4744525547445255,0.7445255474452555,0.8905109489051095,12.123199427436228,0.1705429184362589
2000,52,1,26,MLE_plugin,all,137,0.0685,0.7292275254223834,0.169839790909352,1.8988948515343693,0.9364771747579483,0.62426614481409,4.181354258430518,0.0,0.684663725,0.4037326157036079,0.951,0.9745,0.987,0.9269422500545954,0.04579629528749363
2000,52,1,26,MLE_plugin,active,137,0.0685,0.7292275254223834,0.169839790909352,1.8988948515343693,0.9364771747579483,0.6114062063181437,1.092004626542088,0.26810176125244617,9.746012682481751,5.748169654149953,0.31386861313868614,0.6277372262773723,0.8102189781021898,12.238098879126111,0.4585282209729575
2000,52,1,26,heuristic,all,137,0.0685,0.7292275254223834,0.169839790909352,1.8988948515343693,0.9364771747579483,2.1775230640201286,6.484809470473973,0.5591277606933184,3.8945,8.925818939221264,0.4965,0.4965,0.4965,0.0,0.481
2000,52,1,26,heuristic,active,137,0.0685,0.7292275254223834,0.169839790909352,1.8988948515343693,0.9364771747579483,0.3407883701425776,0.6701805143185601,0.15320100642996926,8.897810218978103,15.398374367017475,0.13138686131386862,0.13138686131386862,0.13138686131386862,0.0,0.5401459854014599
2000,52,1,52,MCMC,all,142,0.071,0.7292275254223834,0.169839790909352,1.8988948515343693,0.9364771747579483,0.5630464021519839,3.7197695468606597,0.0,1.081785175,0.501393737449934,0.958,0.9785,0.992,2.0432835447573092,0.0229115168815352
2000,52,1,52,MCMC,active,142,0.071,0.7292275254223834,0.169839790909352,1.8988948515343693,0.9364771747579483,0.5242098184263618,0.9696921243709142,0.2387357094821789,14.203094190140842,6.700089524278168,0.47183098591549294,0.7183098591549296,0.8873239436619719,24.53123302917566,0.2064990029653243
2000,52,1,52,MLE_plugin,all,142,0.071,0.7292275254223834,0.169839790909352,1.8988948515343693,0.9364771747579483,0.7747141896435775,5.507942559715176,0.0,1.5594835062499999,0.5633962523680336,0.941,0.958,0.977,1.4721155264157673,0.050327235970246464
2000,52,1,52,MLE_plugin,active,142,0.071,0.7292275254223834,0.169839790909352,1.8988948515343693,0.9364771747579483,0.7663920645595158,1.4668670357462315,0.2387357094821789,21.697140316901407,7.796060836104731,0.19718309859154928,0.4084507042253521,0.676056338028169,18.99810051478705,0.5246478873239436
2000,52,1,52,heuristic,all,142,0.071,0.7292275254223834,0.169839790909352,1.8988948515343693,0.9364771747579483,2.7370544720914594,8.506164046778999,0.3362474781439139,8.14,9.014462387087997,0.4915,0.4915,0.4915,0.0,0.4865
2000,52,1,52,heuristic,active,142,0.071,0.7292275254223834,0.169839790909352,1.8988948515343693,0.9364771747579483,0.5726294552790855,1.2239143083363118,0.16711499663752524,23.985915492957748,16.60396907113853,0.06338028169014084,0.06338028169014084,0.06338028169014084,0.0,0.6267605633802817
2000,52,2,13,MCMC,all,608,0.304,0.6715578160410358,0.18698342037737586,1.7245676096116467,2.1789101887468236,0.2701511335012594,0.796055458832195,0.0,0.7664701374999999,1.0040150015362646,0.8605,0.9405,0.9825,1.465345264554458,0.016905686041654655
2000,52,2,13,MCMC,active,608,0.304,0.6715578160410358,0.18698342037737586,1.7245676096116467,2.1789101887468236,0.23916876574307305,0.3691169130810235,0.1531486146095718,2.2147520559210525,3.028647941602838,0.5838815789473685,0.8174342105263158,0.9506578947368421,4.038539601421225,0.12367863865864137
2000,52,2,13,MLE_plugin,all,608,0.304,0.6715578160410358,0.18698342037737586,1.7245676096116467,2.1789101887468236,0.2731108312342569,0.7980703955788925,0.0,0.7696544437499999,0.9573904683485412,0.8615,0.9415,0.984,1.4349019227238402,0.018360972753042604
2000,52,2,13,MLE_plugin,active,608,0.304,0.6715578160410358,0.18698342037737586,1.7245676096116467,2.1789101887468236,0.23935768261964735,0.3691005830032363,0.1531486146095718,2.208949496299342,2.844615526134588,0.5921052631578947,0.8223684210526315,0.9555921052631579,3.9791950667400404,0.12314650617368855
2000,52,2,13,heuristic,all,608,0.304,0.6715578160410358,0.18698342037737586,1.7245676096116467,2.1789101887468236,0.4787153652392947,1.2741334998626372,0.0,1.9005,8.43830788569295,0.524,0.524,0.524,0.0,0.3414533409199452
2000,52,2,13,heuristic,active,608,0.304,0.6715578160410358,0.18698342037737586,1.7245676096116467,2.1789101887468236,0.23022670025188918,0.3574427123206726,0.1531486146095718,3.0065789473684212,14.782665595359932,0.16611842105263158,0.16611842105263158,0.16611842105263158,0.0,0.4424342105263158
2000,52,2,26,MCMC,all,665,0.3325,0.6715578160410358,0.18698342037737586,1.7245676096116467,2.1789101887468236,0.2440163829514911,0.7743398636640753,0.0,1.3801504625,1.3275458383301288,0.825,0.922,0.9735,2.6987602509895483,0.015264501422704968
2000,52,2,26,MCMC,active,665,0.3325,0.6715578160410358,0.18698342037737586,1.7245676096116467,2.1789101887468236,0.21518622808140278,0.3702571310245954,0.1276718290029438,3.6414503007518793,3.7140953141213355,0.518796992481203,0.7864661654135339,0.9293233082706767,7.031852189716481,0.13392800712807423
2000,52,2,26,MLE_plugin,all,665,0.3325,0.6715578160410358,0.18698342037737586,1.7245676096116467,2.1789101887468236,0.2469281965954179,0.7786687022881804,0.0,1.381428559375,1.2327412736989687,0.828,0.92,0.9745,2.6047374005189363,0.015745197532379407
2000,52,2,26,MLE_plugin,active,665,0.3325,0.6715578160410358,0.18698342037737586,1.7245676096116467,2.1789101887468236,0.21435428132599516,0.3695355717163134,0.1276718290029438,3.6116656203007516,3.426149497149407,0.5293233082706766,0.7849624060150376,0.9308270676691729,6.803536498713764,0.11928969322817795
2000,52,2,26,heuristic,all,665,0.3325,0.6715578160410358,0.18698342037737586,1.7245676096116467,2.1789101887468236,0.45469089978241395,1.2735635162647367,0.12799180852425446,3.5525,10.370610926277344,0.415,0.415,0.415,0.0,0.4364533409199452
2000,52,2,26,heuristic,active,665,0.3325,0.6715578160410358,0.18698342037737586,1.7245676096116467,2.1789101887468236,0.20241904518110843,0.35904180478285536,0.1276718290029438,4.756390977443609,15.32832229194863,0.13533834586466165,0.13533834586466165,0.13533834586466165,0.0,0.44661654135338347
2000,52,2,52,MCMC,all,712,0.356,0.6715578160410358,0.18698342037737586,1.7245676096116467,2.1789101887468236,0.2523429022393213,0.8690667327541557,0.0,2.806979375,1.7733726881745637,0.8065,0.905,0.967,5.502800162653571,0.00991805985892559
2000,52,2,52,MCMC,active,712,0.356,0.6715578160410358,0.18698342037737586,1.7245676096116467,2.1789101887468236,0.22381703988688303,0.44431368454201514,0.10535661438295353,7.002377668539326,4.680360369366784,0.5056179775280899,0.7542134831460674,0.9143258426966292,13.756056606023227,0.14696317963597355
2000,52,2,52,MLE_plugin,all,712,0.356,0.6715578160410358,0.18698342037737586,1.7245676096116467,2.1789101887468236,0.255696951760876,0.8694803263373742,0.0,2.818144459375,1.635413156410057,0.8015,0.9065,0.9685,5.25171321735344,0.016314647247880704
2000,52,2,52,MLE_plugin,active,712,0.356,0.6715578160410358,0.18698342037737586,1.7245676096116467,2.1789101887468236,0.22347177008319355,0.44234289078943795,0.09950346913945611,6.9795876580056175,4.298277811049629,0.49859550561797755,0.7612359550561798,0.922752808988764,13.133657690183846,0.11952316725895085
2000,52,2,52,heuristic,all,712,0.356,0.6715578160410358,0.18698342037737586,1.7245676096116467,2.1789101887468236,0.4624313570747427,1.3625745213905327,0.06576567689322942,7.0315,10.680847263959487,0.3975,0.3975,0.3975,0.0,0.437
2000,52,2,52,heuristic,active,712,0.356,0.6715578160410358,0.18698342037737586,1.7245676096116467,2.1789101887468236,0.21311367597250994,0.4446062016876098,0.09365032389595869,9.10252808988764,16.059361034583684,0.09410112359550561,0.09410112359550561,0.09410112359550561,0.0,0.4634831460674157
3000,52,0,13,MCMC,all,268,0.08933333333333333,0.40031748570546544,0.10918652644470277,1.6373652900270417,0.967293271758763,0.4488325881768505,2.411630009922236,0.0,0.22036571666666666,0.330678305680353,0.954,0.9776666666666667,0.9916666666666667,0.46447854293446883,0.013372104099406812
3000,52,0,13,MCMC,active,268,0.08933333333333333,0.40031748570546544,0.10918652644470277,1.6373652900270417,0.967293271758763,0.3544461003477397,0.567776642483131,0.23298559364133134,1.9597614738805968,3.241022856146643,0.5597014925373134,0.7798507462686567,0.9067164179104478,3.3899494488730864,0.19881314997142407
3000,52,0,13,MLE_plugin,all,268,0.08933333333333333,0.40031748570546544,0.10918652644470277,1.6373652900270417,0.967293271758763,0.4433681073025335,2.4117067559884138,0.0,0.219583825,0.3032687845506427,0.9573333333333334,0.9783333333333334,0.9916666666666667,0.47165460167940093,0.010442108952459672
3000,52,0,13,MLE_plugin,active,268,0.08933333333333333,0.40031748570546544,0.10918652644470277,1.6373652900270417,0.967293271758763,0.3541977148534526,0.5751402458080977,0.19970193740685543,1.9879032182835819,2.967831824390087,0.585820895522388,0.7835820895522388,0.9067164179104478,3.460766781292004,0.2073913312470212
3000,52,0,13,heuristic,all,268,0.08933333333333333,0.40031748570546544,0.10918652644470277,1.6373652900270417,0.967293271758763,1.9135618479880774,5.1700472561791635,0.0,1.284,7.203289332717267,0.5936666666666667,0.5936666666666667,0.5936666666666667,0.0,0.37033333333333335
3000,52,0,13,heuristic,active,268,0.08933333333333333,0.40031748570546544,0.10918652644470277,1.6373652900270417,0.967293271758763,0.33979135618479883,0.5684605794824585,0.13313462493790362,2.5522388059701493,14.552454461589608,0.1791044776119403,0.1791044776119403,0.1791044776119403,0.0,0.417910447761194
3000,52,0,26,MCMC,all,293,0.09766666666666667,0.40031748570546544,0.10918652644470277,1.6373652900270417,0.967293271758763,0.4362493586454592,2.35526136169856,0.0,0.411180875,0.4283813972331505,0.9466666666666667,0.975,0.9893333333333333,0.8639427276884506,0.010279095996462817
3000,52,0,26,MCMC,active,293,0.09766666666666667,0.40031748570546544,0.10918652644470277,1.6373652900270417,0.967293271758763,0.3494099538224731,0.5792840323274211,0.15033350436121087,3.4246892491467573,3.9373018169119645,0.5392491467576792,0.764505119453925,0.89419795221843,6.153585901779151,0.20780716121293702
3000,52,0,26,MLE_plugin,all,293,0.09766666666666667,0.40031748570546544,0.10918652644470277,1.6373652900270417,0.967293271758763,0.4348383786557209,2.326425524827162,0.0,0.4128926791666666,0.38168460775549184,0.946,0.9746666666666667,0.991,0.8715186233259142,0.008441049843519344
3000,52,0,26,MLE_plugin,active,293,0.09766666666666667,0.40031748570546544,0.10918652644470277,1.6373652900270417,0.967293271758763,0.35659312467932275,0.5853523398390281,0.15033350436121087,3.5179365827645053,3.4903859021845007,0.5324232081911263,0.764505119453925,0.9078498293515358,6.237437799883764,0.2217164326992807
3000,52,0,26,heuristic,all,293,0.09766666666666667,0.40031748570546544,0.10918652644470277,1.6373652900270417,0.967293271758763,1.9789635710620834,5.3010379644958,0.7696254489481786,2.5713333333333335,9.306957811277375,0.475,0.475,0.475,0.0,0.49
3000,52,0,26,heuristic,active,293,0.09766666666666667,0.40031748570546544,0.10918652644470277,1.6373652900270417,0.967293271758763,0.32272960492560293,0.5779175979919415,0.15033350436121087,4.293515358361775,14.702359883970276,0.17064846416382254,0.17064846416382254,0.17064846416382254,0.0,0.4709897610921502
3000,52,0,52,MCMC,all,309,0.103,0.40031748570546544,0.10918652644470277,1.6373652900270417,0.967293271758763,0.5305530776092774,2.723972993738409,0.0,0.8143718166666667,0.5683200267546897,0.9383333333333334,0.9713333333333334,0.988,1.6553396868537993,0.00785300011032819
3000,52,0,52,MCMC,active,309,0.103,0.40031748570546544,0.10918652644470277,1.6373652900270417,0.967293271758763,0.44885518881950637,0.728580589070657,0.2297056199821588,6.7425215210355995,5.051199672492832,0.4886731391585761,0.7475728155339806,0.889967637540453,11.756791696109246,0.24566179239747327
3000,52,0,52,MLE_plugin,all,309,0.103,0.40031748570546544,0.10918652644470277,1.6373652900270417,0.967293271758763,0.5278768956289027,2.6261270680750415,0.0,0.8151372875,0.5112841453725016,0.941,0.9716666666666667,0.989,1.661318803877873,0.009896491830654275
3000,52,0,52,MLE_plugin,active,309,0.103,0.40031748570546544,0.10918652644470277,1.6373652900270417,0.967293271758763,0.4582218257508177,0.7395995035259656,0.27564674397859057,6.891472451456311,4.536156831445691,0.5080906148867314,0.7475728155339806,0.8932038834951457,11.875284834382803,0.2834249691376259
3000,52,0,52,heuristic,all,309,0.103,0.40031748570546544,0.10918652644470277,1.6373652900270417,0.967293271758763,2.287540886113589,6.305318821096678,0.44603033006244425,5.128666666666667,9.448781039932141,0.467,0.467,0.467,0.0,0.5
3000,52,0,52,heuristic,active,309,0.103,0.40031748570546544,0.10918652644470277,1.6373652900270417,0.967293271758763,0.4327980969372584,0.8366504596995574,0.18376449598572703,9.420711974110032,15.891678140306636,0.10355987055016182,0.10355987055016182,0.10355987055016182,0.0,0.5760517799352751
3000,52,1,13,MCMC,all,737,0.24566666666666667,0.7430507030480149,0.1997606819554227,2.269720691028909,2.239298396012927,0.20752119411636838,0.7307451368814469,0.0,0.6968140583333334,0.8719126112422722,0.8843333333333333,0.9526666666666667,0.9803333333333333,1.389144088574946,0.015517852548012634
3000,52,1,13,MCMC,active,737,0.24566666666666667,0.7430507030480149,0.1997606819554227,2.269720691028909,2.239298396012927,0.19281211506412582,0.34928921282043424,0.10680385479313094,2.6208924016282222,3.253073750353846,0.5698778833107191,0.8181818181818182,0.926729986431479,4.917188564110882,0.13504491127116297
3000,52,1,13,MLE_plugin,all,737,0.24566666666666667,0.7430507030480149,0.1997606819554227,2.269720691028909,2.239298396012927,0.21846243025867687,0.7603536650630847,0.0,0.7542303375000001,0.8177037116985926,0.8916666666666667,0.949,0.9816666666666667,1.681330773560002,0.03651683550774043
3000,52,1,13,MLE_plugin,active,737,0.24566666666666667,0.7430507030480149,0.1997606819554227,2.269720691028909,2.239298396012927,0.208173320773857,0.36737127924236745,0.10680385479313094,2.9227993385346,3.1604306109805327,0.5807327001356852,0.7991858887381276,0.926729986431479,6.221131776397147,0.2101257340212453
3000,52,1,13,heuristic,all,737,0.24566666666666667,0.7430507030480149,0.1997606819554227,2.269720691028909,2.239298396012927,0.38642127382073765,1.200856477339151,0.0,1.7776666666666667,7.085110015479134,0.6003333333333334,0.6003333333333334,0.6003333333333334,0.0,0.29133333333333333
3000,52,1,13,heuristic,active,737,0.24566666666666667,0.7430507030480149,0.1997606819554227,2.269720691028909,2.239298396012927,0.1837548003767843,0.3370208992049158,0.10680385479313094,3.440976933514247,14.624619625251402,0.17503392130257803,0.17503392130257803,0.17503392130257803,0.0,0.4396200814111262
3000,52,1,26,MCMC,all,810,0.27,0.7430507030480149,0.1997606819554227,2.269720691028909,2.239298396012927,0.19042936133892455,0.7569099305053487,0.0,1.2732288833333332,1.08889067861746,0.87,0.9413333333333334,0.9756666666666667,2.6880471812498685,0.01222839703294154
3000,52,1,26,MCMC,active,810,0.27,0.7430507030480149,0.1997606819554227,2.269720691028909,2.239298396012927,0.1766059301592014,0.38043085087292916,0.09017701413886518,4.365707469135802,3.734096858287442,0.5592592592592592,0.8012345679012346,0.9185185185185185,8.966743433182481,0.13653738350402383
3000,52,1,26,MLE_plugin,all,810,0.27,0.7430507030480149,0.1997606819554227,2.269720691028909,2.239298396012927,0.2107655768731213,0.7944074387868166,0.0,1.5210275687499997,1.0888761694894526,0.866,0.938,0.9743333333333334,3.4737095653426975,0.058030131405745755
3000,52,1,26,MLE_plugin,active,810,0.27,0.7430507030480149,0.1997606819554227,2.269720691028909,2.239298396012927,0.20224885887111738,0.4036792125102066,0.09017701413886518,5.424744938271603,3.8779063688701294,0.5234567901234568,0.7790123456790123,0.9074074074074074,12.048443612734783,0.26461605652119463
3000,52,1,26,heuristic,all,810,0.27,0.7430507030480149,0.1997606819554227,2.269720691028909,2.239298396012927,0.37395628455857793,1.2368501664292602,0.0,3.359,8.515137257817733,0.5196666666666667,0.5196666666666667,0.5196666666666667,0.0,0.36433333333333334
3000,52,1,26,heuristic,active,810,0.27,0.7430507030480149,0.1997606819554227,2.269720691028909,2.239298396012927,0.16684603109808144,0.36881211822104376,0.06011800942591012,5.550617283950618,15.16690180349731,0.14444444444444443,0.14444444444444443,0.14444444444444443,0.0,0.42839506172839503
3000,52,1,52,MCMC,all,875,0.2916666666666667,0.7430507030480149,0.1997606819554227,2.269720691028909,2.239298396012927,0.20213381136876193,0.9473744237141222,0.0,2.6768698666666664,1.470837824368368,0.852,0.93,0.9756666666666667,5.753343758897802,0.014431795517527157
3000,52,1,52,MCMC,active,875,0.2916666666666667,0.7430507030480149,0.1997606819554227,2.269720691028909,2.239298396012927,0.1885155843404846,0.5001972408408495,0.06746467742246381,8.589838028571428,4.747814257481821,0.5302857142857142,0.7794285714285715,0.9245714285714286,18.232784647598915,0.13577723328812608
3000,52,1,52,MLE_plugin,all,875,0.2916666666666667,0.7430507030480149,0.1997606819554227,2.269720691028909,2.239298396012927,0.2706104589525627,1.0089401786624383,0.0,3.706624170833333,1.3902525479222398,0.8343333333333334,0.9153333333333333,0.9703333333333334,7.32045256750639,0.08971850760584499
3000,52,1,52,MLE_plugin,active,875,0.2916666666666667,0.7430507030480149,0.1997606819554227,2.269720691028909,2.239298396012927,0.26318934443609165,0.5385033461798218,0.10119701613369571,12.417195392857144,4.607097766630659,0.4502857142857143,0.7177142857142857,0.8994285714285715,23.938968058070657,0.36730128335611567
3000,52,1,52,heuristic,all,875,0.2916666666666667,0.7430507030480149,0.1997606819554227,2.269720691028909,2.239298396012927,0.3912951290502901,1.395631982163754,0.0,6.766666666666667,8.82833490426031,0.502,0.502,0.502,0.0,0.36766666666666664
3000,52,1,52,heuristic,active,875,0.2916666666666667,0.7430507030480149,0.1997606819554227,2.269720691028909,2.239298396012927,0.18307985890244605,0.49617310345508964,0.06746467742246381,10.854857142857142,16.005453500736603,0.09714285714285714,0.09714285714285714,0.09714285714285714,0.0,0.456
3000,52,2,13,MCMC,all,1551,0.517,0.8030708974041845,0.022542853826656186,1.2735932742560918,1.7020007039875553,0.28201072386058984,0.5855297851863698,0.0,1.2538036083333333,1.6407754387304994,0.7686666666666667,0.911,0.9786666666666667,2.393387374462532,0.016373162824959597
3000,52,2,13,MCMC,active,1551,0.517,0.8030708974041845,0.022542853826656186,1.2735932742560918,1.7020007039875553,0.25249329758713135,0.3819301387078279,0.16632707774798927,2.1637210025789813,2.957423744653345,0.5905867182462927,0.8446163765312702,0.9645390070921985,4.087424040449755,0.08971347502679722
3000,52,2,13,MLE_plugin,all,1551,0.517,0.8030708974041845,0.022542853826656186,1.2735932742560918,1.7020007039875553,0.2909651474530831,0.6006361224786506,0.0,1.33785763125,1.6231769901633906,0.779,0.915,0.9723333333333334,2.733389812610249,0.08126828956866627
3000,52,2,13,MLE_plugin,active,1551,0.517,0.8030708974041845,0.022542853826656186,1.2735932742560918,1.7020007039875553,0.27109919571045576,0.40943084256886786,0.16632707774798927,2.421779444713088,3.0062380944914464,0.5938104448742747,0.8420373952288845,0.9477756286266924,4.84281399341969,0.18861866470848804
3000,52,2,13,heuristic,all,1551,0.517,0.8030708974041845,0.022542853826656186,1.2735932742560918,1.7020007039875553,0.4802680965147453,0.9269985096006449,0.16085790884718498,2.9856666666666665,12.85246438795623,0.275,0.275,0.275,0.0,0.5156666666666667
3000,52,2,13,heuristic,active,1551,0.517,0.8030708974041845,0.022542853826656186,1.2735932742560918,1.7020007039875553,0.24134048257372653,0.37209246151930997,0.16632707774798927,2.901998710509349,14.630075387670676,0.17472598323662153,0.17472598323662153,0.17472598323662153,0.0,0.4203739522888459
3000,52,2,26,MCMC,all,1644,0.548,0.8030708974041845,0.022542853826656186,1.2735932742560918,1.7020007039875553,0.2545384951881015,0.5640814829100046,0.08202099737532809,2.251396675,2.156743631498546,0.74,0.895,0.9753333333333334,4.452076180198259,0.021105171638181486
3000,52,2,26,MCMC,active,1644,0.548,0.8030708974041845,0.022542853826656186,1.2735932742560918,1.7020007039875553,0.22691108923884515,0.3744896856065254,0.13484251968503938,3.663017518248175,3.7229045234213327,0.5669099756690997,0.8266423357664233,0.9610705596107056,7.336944501463246,0.09736694564647341
3000,52,2,26,MLE_plugin,all,1644,0.548,0.8030708974041845,0.022542853826656186,1.2735932742560918,1.7020007039875553,0.2886045494313211,0.5988160105085045,0.08202099737532809,2.6885140499999998,2.0990369688097403,0.7463333333333333,0.8923333333333333,0.9646666666666667,5.393876448415682,0.12840416483345346
3000,52,2,26,MLE_plugin,active,1644,0.548,0.8030708974041845,0.022542853826656186,1.2735932742560918,1.7020007039875553,0.2723507217847769,0.4234724183604649,0.17979002624671916,4.6676274520985395,3.7195208105505944,0.5565693430656934,0.809610705596107,0.9361313868613139,9.220770155827779,0.265002271001896
3000,52,2,26,heuristic,all,1644,0.548,0.8030708974041845,0.022542853826656186,1.2735932742560918,1.7020007039875553,0.45617344706911633,0.928433973710286,0.16404199475065617,5.5616666666666665,14.45976330617408,0.18433333333333332,0.18433333333333332,0.18433333333333332,0.0,0.5843333333333334
3000,52,2,26,heuristic,active,1644,0.548,0.8030708974041845,0.022542853826656186,1.2735932742560918,1.7020007039875553,0.2174103237095363,0.37166971256087544,0.13484251968503938,4.8369829683698295,15.495422208536212,0.1259124087591241,0.1259124087591241,0.1259124087591241,0.0,0.4519464720194647
3000,52,2,52,MCMC,all,1705,0.5683333333333334,0.8030708974041845,0.022542853826656186,1.2735932742560918,1.7020007039875553,0.27185841471658495,0.6775607333552774,0.04314870481971032,4.661913158333332,2.800094994627576,0.7193333333333334,0.8873333333333333,0.9713333333333334,9.234513229371032,0.03148189810860802
3000,52,2,52,MCMC,active,1705,0.5683333333333334,0.8030708974041845,0.022542853826656186,1.2735932742560918,1.7020007039875553,0.24420728637795389,0.4722334281007154,0.12261423619601018,7.426411774193548,4.716793135380855,0.5466275659824047,0.8228739002932551,0.9548387096774194,14.924553997160368,0.10202320974009693
3000,52,2,52,MLE_plugin,all,1705,0.5683333333333334,0.8030708974041845,0.022542853826656186,1.2735932742560918,1.7020007039875553,0.42651056424122996,0.8402684505056072,0.08629740963942065,6.633888091666666,2.7590241818421997,0.6653333333333333,0.8393333333333334,0.9533333333333334,10.708771085674451,0.2031710010456489
3000,52,2,52,MLE_plugin,active,1705,0.5683333333333334,0.8030708974041845,0.022542853826656186,1.2735932742560918,1.7020007039875553,0.41449364994894067,0.6241833134873855,0.2697513196312224,11.350782313049853,4.756823893307823,0.4299120234604106,0.7231671554252199,0.9190615835777126,17.87397856827954,0.38584489658893667
3000,52,2,52,heuristic,all,1705,0.5683333333333334,0.8030708974041845,0.022542853826656186,1.2735932742560918,1.7020007039875553,0.48645849813741415,1.0447090654655218,0.1725948192788413,11.274,15.050686152248547,0.151,0.151,0.151,0.0,0.6096666666666667
3000,52,2,52,heuristic,active,1705,0.5683333333333334,0.8030708974041845,0.022542853826656186,1.2735932742560918,1.7020007039875553,0.24039581745221278,0.48744454380085994,0.12261423619601018,9.802932551319648,16.479858075242806,0.07038123167155426,0.07038123167155426,0.07038123167155426,0.0,0.5085043988269795
