k,rep,cond,n,pit_ks,CRPS,cov50,cov95,mean_true,mean_pred
1.0,0,all,800,0.02379769473425508,0.25569302978515623,0.93875,0.98125,0.65125,0.585
1.0,0,xcal_pos,358,0.025987046181335183,0.5299884885649442,0.8910614525139665,0.9860335195530726,1.4134078212290502,1.3072625698324023
1.0,1,all,800,0.019436975263955103,0.8766599609375,0.78375,0.98,2.3025,2.061875
1.0,1,xcal_pos,620,0.028112624616116258,1.1212039440524193,0.7306451612903225,0.9741935483870968,2.9612903225806453,2.660483870967742
1.0,2,all,800,0.018843693797084837,0.27400006103515623,0.92875,0.98125,0.52,0.361875
1.0,2,xcal_pos,365,0.0443409025682488,0.575970703125,0.863013698630137,0.9780821917808219,1.115068493150685,0.7931506849315069
1.0,3,all,800,0.019954792900060525,0.3835650390625,0.8625,0.9725,0.75,0.439375
1.0,3,xcal_pos,391,0.06270845178632778,0.6935779401774297,0.7800511508951407,0.969309462915601,1.4398976982097187,0.8989769820971867
1.0,4,all,800,0.03845889353472709,0.2778004272460937,0.875,0.985,0.4175,0.188125
1.0,4,xcal_pos,404,0.06089958563827724,0.46520657681002475,0.8118811881188119,0.9851485148514851,0.7376237623762376,0.3725247524752475
1.0,5,all,800,0.05110952217816944,0.3005349243164062,0.8925,0.975,0.60625,0.36625
1.0,5,xcal_pos,297,0.1094049029745523,0.7439956202651516,0.7676767676767676,0.9595959595959596,1.5656565656565657,0.9865319865319865
1.0,6,all,800,0.018987967652767557,0.366620068359375,0.9175,0.97875,0.8675,0.724375
1.0,6,xcal_pos,381,0.02934768536372545,0.733453186515748,0.8503937007874016,0.973753280839895,1.7847769028871392,1.520997375328084
1.0,7,all,800,0.037809991419279876,0.13141373291015623,0.96125,0.985,0.21875,0.135
1.0,7,xcal_pos,215,0.04136230161532961,0.4246803234011628,0.9069767441860465,0.986046511627907,0.7488372093023256,0.5023255813953489
1.0,8,all,800,0.027970297109288667,0.4529336669921875,0.86,0.9825,1.005,0.829375
1.0,8,xcal_pos,347,0.047612466622177,0.9532803212806196,0.7550432276657061,0.9711815561959655,2.2219020172910664,1.9121037463976944
1.0,9,all,800,0.04209530682849072,0.35106394042968747,0.85125,0.98625,0.5875,0.311875
1.0,9,xcal_pos,391,0.0609768552536436,0.6233754096067774,0.7723785166240409,0.9872122762148338,1.10230179028133,0.6381074168797954
1.0,10,all,800,0.0182301686431402,0.3805294921875,0.88,0.9825,0.81875,0.588125
1.0,10,xcal_pos,368,0.04670854605981822,0.756421190344769,0.7934782608695652,0.9782608695652174,1.7065217391304348,1.278532608695652
1.0,11,all,800,0.028644157027847283,0.2680086303710938,0.92,0.98625,0.55375,0.3875
1.0,11,xcal_pos,369,0.044091583868965945,0.5464538342649051,0.8563685636856369,0.991869918699187,1.165311653116531,0.8401084010840109
1.0,12,all,800,0.033609227483877346,0.5025880859374999,0.8825,0.9925,1.615,1.414375
1.0,12,xcal_pos,379,0.04281884736754932,1.0020428966029022,0.8047493403693932,0.9868073878627969,3.3482849604221636,2.9854881266490767
1.0,13,all,800,0.024786242220878718,0.5194361328125,0.88875,0.98625,1.38875,1.135625
1.0,13,xcal_pos,534,0.02303472364627973,0.7670084269662921,0.8408239700374532,0.9868913857677902,2.0692883895131087,1.701310861423221
1.0,14,all,800,0.03414989129708479,0.4374838745117187,0.88875,0.99125,1.235,1.11625
1.0,14,xcal_pos,389,0.026421313866113016,0.8663147443364395,0.7969151670951157,0.9897172236503856,2.506426735218509,2.295629820051414
1.5,0,all,800,0.02614377792630662,0.29351416015625,0.8825,0.99125,0.55375,0.266875
1.5,0,xcal_pos,390,0.04969508444736237,0.5394553034855769,0.8076923076923077,0.9897435897435898,1.0717948717948718,0.5474358974358975
1.5,1,all,800,0.036307961327303406,0.32989798583984375,0.90375,0.99375,1.02125,0.79375
1.5,1,xcal_pos,279,0.05638698063144981,0.8756048737119175,0.7885304659498208,0.996415770609319,2.85663082437276,2.2759856630824373
1.5,2,all,800,0.043336142884134954,0.163705712890625,0.95625,0.98875,0.44875,0.374375
1.5,2,xcal_pos,331,0.06040303982585221,0.37479020133119334,0.9123867069486404,0.9909365558912386,1.0634441087613293,0.904833836858006
1.5,3,all,800,0.028143739317849636,0.7822239624023437,0.855,0.99625,2.7525,2.65125
1.5,3,xcal_pos,473,0.04376505164349384,1.2956825201506343,0.7822410147991543,0.9936575052854123,4.627906976744186,4.484143763213531
1.5,4,all,800,0.02299968401214114,0.5892057983398438,0.8575,0.99125,1.75375,1.706875
1.5,4,xcal_pos,424,0.045017087964167146,1.0531607919369104,0.7759433962264151,0.9976415094339622,3.2476415094339623,3.2205188679245285
1.5,5,all,800,0.02643067569973445,0.599884423828125,0.89375,0.99375,1.97375,2.053125
1.5,5,xcal_pos,448,0.032800230766441174,1.0450365121023995,0.8325892857142857,0.9955357142857143,3.497767857142857,3.666294642857143
1.5,6,all,800,0.021701244332236636,0.160416943359375,0.95125,0.98125,0.335,0.21375
1.5,6,xcal_pos,204,0.049734470352915616,0.571161870021446,0.8676470588235294,0.9803921568627451,1.2549019607843137,0.8382352941176471
1.5,7,all,800,0.03407078946771114,0.5378690185546876,0.87625,0.99125,1.9375,1.71625
1.5,7,xcal_pos,464,0.04044403162826077,0.8997646779027481,0.8060344827586207,0.9935344827586207,3.3125,2.959051724137931
1.5,8,all,800,0.03779378993739613,0.4230623779296874,0.88875,0.99125,1.0025,0.796875
1.5,8,xcal_pos,395,0.04338504090144846,0.8065227699762657,0.8177215189873418,0.9898734177215189,1.9797468354430379,1.6139240506329113
1.5,9,all,800,0.03686882203535036,0.18752587890625003,0.94875,0.98875,0.40125,0.336875
1.5,9,xcal_pos,277,0.04531277492988395,0.5021258038131768,0.8844765342960289,1.0,1.1191335740072201,0.9729241877256317
1.5,10,all,800,0.03100192311405897,0.41932321777343745,0.90375,0.98875,1.55,1.4975
1.5,10,xcal_pos,340,0.04467765561372883,0.948427676930147,0.8029411764705883,0.9911764705882353,3.6088235294117648,3.523529411764706
1.5,11,all,800,0.023700038295999037,0.3805222534179687,0.86125,0.99,0.7125,0.454375
1.5,11,xcal_pos,422,0.062145600376897314,0.6685679937425949,0.7867298578199052,0.985781990521327,1.2962085308056872,0.8613744075829384
1.5,12,all,800,0.030592774231619324,0.5750629638671875,0.86625,0.9875,2.3125,2.12625
1.5,12,xcal_pos,456,0.035695078288052295,0.9624811540570174,0.8048245614035088,0.9890350877192983,4.008771929824562,3.7302631578947367
1.5,13,all,800,0.030882130834160026,0.40559891357421873,0.89,0.98875,0.9125,0.705625
1.5,13,xcal_pos,492,0.055524083199785745,0.616295791253811,0.8495934959349594,0.991869918699187,1.4390243902439024,1.1473577235772359
1.5,14,all,800,0.03696743835321037,0.45346121826171876,0.895,0.995,1.5025,1.386875
1.5,14,xcal_pos,374,0.06085775983321651,0.935261165190508,0.8048128342245989,0.9946524064171123,3.179144385026738,2.966577540106952
2.0,0,all,800,0.03501404528715224,0.5352264892578126,0.87625,0.99625,1.82125,1.69125
2.0,0,xcal_pos,430,0.05423250862090395,0.9463594658430232,0.813953488372093,1.0,3.3372093023255816,3.146511627906977
2.0,1,all,800,0.042906684688581054,0.5580934204101563,0.86375,0.995,1.77,1.531875
2.0,1,xcal_pos,498,0.0507760988439121,0.8491651371109438,0.8172690763052208,0.9939759036144579,2.7951807228915664,2.460843373493976
2.0,2,all,800,0.01715408154583742,0.2119399658203125,0.965,0.99875,0.545,0.543125
2.0,2,xcal_pos,314,0.05591544377623159,0.5366306105692675,0.9140127388535032,1.0,1.3853503184713376,1.3837579617834395
2.0,3,all,800,0.023366111367787767,0.37866660156250004,0.8975,0.9925,1.365,1.18125
2.0,3,xcal_pos,326,0.05464809545288546,0.8521242630847393,0.8220858895705522,0.99079754601227,3.2699386503067487,2.8987730061349692
2.0,4,all,800,0.03614987392164337,0.44155836181640623,0.89,0.99375,1.4375,1.33375
2.0,4,xcal_pos,414,0.05635888112346721,0.8178660929951691,0.8188405797101449,0.9927536231884058,2.741545893719807,2.577294685990338
2.0,5,all,800,0.03747579421528757,0.5611861083984375,0.87625,0.99125,2.10375,1.905625
2.0,5,xcal_pos,439,0.07718559316271373,0.9662571851865035,0.8246013667425968,0.9931662870159453,3.774487471526196,3.4726651480637813
2.0,6,all,800,0.04799553024159697,0.49613881835937507,0.89625,0.99625,1.6425,1.67
2.0,6,xcal_pos,453,0.03226216064114962,0.8645424599889625,0.8278145695364238,0.9933774834437086,2.88962472406181,2.9492273730684326
2.0,7,all,800,0.030375970973702482,0.5918754394531249,0.88125,0.995,2.06,1.84625
2.0,7,xcal_pos,484,0.04519210088164516,0.9537535309594525,0.8264462809917356,0.993801652892562,3.3801652892561984,3.0516528925619837
2.0,8,all,800,0.011779376616302462,0.14307215576171875,0.975,0.99625,0.4725,0.42375
2.0,8,xcal_pos,327,0.04651938159444857,0.3409731281058868,0.9480122324159022,1.0,1.146788990825688,1.036697247706422
2.0,9,all,800,0.03741058586877899,0.16596722412109377,0.95125,0.9925,0.3725,0.258125
2.0,9,xcal_pos,254,0.055600423087388606,0.5020792707308072,0.8622047244094488,0.9921259842519685,1.1535433070866141,0.812992125984252
2.0,10,all,800,0.03500928096532352,0.25849729003906247,0.935,0.98875,0.61625,0.513125
2.0,10,xcal_pos,310,0.0627292806438341,0.6162141822076612,0.8709677419354839,0.9967741935483871,1.538709677419355,1.3241935483870968
2.0,11,all,800,0.01869283123545118,0.3067925048828125,0.91875,0.99375,0.7975,0.67875
2.0,11,xcal_pos,422,0.02939469761387742,0.5627772558130925,0.8601895734597157,0.9976303317535545,1.4928909952606635,1.2867298578199051
2.0,12,all,800,0.02776397803760533,0.3226629760742188,0.8925,0.9925,0.7,0.461875
2.0,12,xcal_pos,436,0.044371948720388354,0.5599236892560207,0.8302752293577982,0.9908256880733946,1.2522935779816513,0.8474770642201835
2.0,13,all,800,0.028736756265806518,0.5286485961914061,0.845,0.99,1.4525,1.1275
2.0,13,xcal_pos,453,0.05270354400795102,0.8823362048151213,0.7770419426048565,0.9845474613686535,2.512141280353201,1.9911699779249448
2.0,14,all,800,0.045686275739263094,0.5867301513671874,0.89875,0.995,2.31875,2.301875
2.0,14,xcal_pos,466,0.045385142009311874,0.997753088955204,0.8347639484978541,0.9935622317596566,3.9721030042918457,3.9517167381974247
3.0,0,all,800,0.0258602818116751,0.2552308349609375,0.94,0.99375,0.73375,0.57125
3.0,0,xcal_pos,369,0.047444880679487156,0.5205054835704607,0.8861788617886179,1.0,1.5582655826558265,1.2384823848238482
3.0,1,all,800,0.047808439719015605,0.5758111450195311,0.9225,0.99375,2.17625,2.308125
3.0,1,xcal_pos,352,0.07887568673667955,1.2832193548029118,0.8494318181818182,0.9886363636363636,4.920454545454546,5.245738636363637
3.0,2,all,800,0.03515471707912854,0.18637064208984375,0.9375,0.9975,0.41375,0.31375
3.0,2,xcal_pos,271,0.053074516733842,0.4990894545664207,0.8634686346863468,0.996309963099631,1.169741697416974,0.9261992619926199
3.0,3,all,800,0.027453213773356855,0.19436636962890624,0.935,0.995,0.58,0.404375
3.0,3,xcal_pos,223,0.09875603123025906,0.6641849425448432,0.7982062780269058,0.9910313901345291,2.0493273542600896,1.4506726457399104
3.0,4,all,800,0.029090993653651753,0.5407694458007813,0.92125,0.98875,1.97,1.98125
3.0,4,xcal_pos,334,0.08603702115586587,1.2342465264782934,0.8592814371257484,0.9970059880239521,4.655688622754491,4.745508982035928
3.0,5,all,800,0.038371691844552025,0.24899508056640626,0.92,1.0,0.68,0.555625
3.0,5,xcal_pos,272,0.04179785248655343,0.671051851160386,0.8272058823529411,1.0,1.9375,1.6341911764705883
3.0,6,all,800,0.06261270221430382,0.14444932861328125,0.9475,0.9975,0.2875,0.195625
3.0,6,xcal_pos,245,0.09674035251918345,0.41722150031887756,0.8775510204081632,0.9959183673469387,0.8857142857142857,0.6387755102040816
3.0,7,all,800,0.02382399033270799,0.23087292480468752,0.94125,0.99,0.73,0.67875
3.0,7,xcal_pos,236,0.07581671911765597,0.7158521749205509,0.8559322033898306,1.0,2.406779661016949,2.3008474576271185
3.0,8,all,800,0.03480813058472554,0.42095162353515625,0.91,0.99375,2.0075,1.824375
3.0,8,xcal_pos,355,0.05305868925843482,0.9071375440140845,0.8309859154929577,0.9971830985915493,4.48169014084507,4.1112676056338024
3.0,9,all,800,0.036408609895616506,0.14811424560546876,0.965,0.99125,0.3725,0.285625
3.0,9,xcal_pos,359,0.04121601525794438,0.31355395303795264,0.9387186629526463,0.9972144846796658,0.8133704735376045,0.6364902506963789
3.0,10,all,800,0.05007458256483144,0.12098046875,0.96125,0.99625,0.22125,0.165625
3.0,10,xcal_pos,301,0.0887022291197872,0.2848871599875415,0.9235880398671097,1.0,0.5514950166112956,0.44019933554817275
3.0,11,all,800,0.032312265248155225,0.5824702026367188,0.8775,0.9975,2.0775,1.979375
3.0,11,xcal_pos,449,0.059246360934268494,1.0074737480860245,0.8106904231625836,0.9977728285077951,3.670378619153675,3.5267260579064588
3.0,12,all,800,0.05736775248660719,0.41873885498046876,0.85875,0.99625,0.96875,0.724375
3.0,12,xcal_pos,457,0.05789823273016825,0.6749769214989059,0.8052516411378556,0.9978118161925602,1.636761487964989,1.2680525164113785
3.0,13,all,800,0.03906144096150779,0.1478076171875,0.93125,0.9825,0.32,0.173125
3.0,13,xcal_pos,233,0.07606878508172449,0.4271255532457081,0.8369098712446352,0.9957081545064378,1.0171673819742488,0.5944206008583691
3.0,14,all,800,0.07624880814569657,0.5919234619140624,0.87625,0.9925,2.07625,1.815625
3.0,14,xcal_pos,558,0.09173593722593038,0.8239610285058242,0.8405017921146953,0.9910394265232975,2.953405017921147,2.6030465949820787
4.0,0,all,800,0.04545824765943063,0.4037036376953125,0.91125,0.99125,1.4525,1.403125
4.0,0,xcal_pos,316,0.10257233973448876,0.9485602811016614,0.8449367088607594,0.9968354430379747,3.6012658227848102,3.5522151898734178
4.0,1,all,800,0.02553476644710273,0.13611116943359375,0.9475,0.9975,0.25375,0.166875
4.0,1,xcal_pos,241,0.05135743079742727,0.4215210872665975,0.8547717842323651,1.0,0.8132780082987552,0.553941908713693
4.0,2,all,800,0.038007161778899345,0.41112200927734377,0.90875,0.99375,1.19625,1.211875
4.0,2,xcal_pos,371,0.04666268453284339,0.8466748968160376,0.8355795148247979,0.9919137466307277,2.5390835579514826,2.6132075471698113
4.0,3,all,800,0.06873897529819961,0.3077303466796875,0.89125,0.9975,0.7225,0.50875
4.0,3,xcal_pos,392,0.07387825627271571,0.5479297124123087,0.8571428571428571,0.9974489795918368,1.3903061224489797,1.038265306122449
4.0,4,all,800,0.05263682127664904,0.24303328857421874,0.95125,0.99,0.67625,0.651875
4.0,4,xcal_pos,326,0.037485174905662166,0.5721093749999999,0.9049079754601227,1.0,1.6349693251533743,1.5996932515337423
4.0,5,all,800,0.03799250640744212,0.5362062133789063,0.91875,0.99875,2.37625,2.31625
4.0,5,xcal_pos,473,0.07713250282477313,0.8818661221590909,0.8858350951374208,1.0,3.9936575052854124,3.9175475687103596
4.0,6,all,800,0.02283147416468634,0.23878690185546872,0.94,0.99375,0.83375,0.6925
4.0,6,xcal_pos,305,0.06821977566414555,0.6000337794569672,0.8688524590163934,1.0,2.160655737704918,1.8163934426229509
4.0,7,all,800,0.040101831686691125,0.10720742187500001,0.96625,0.9925,0.25625,0.20125
4.0,7,xcal_pos,227,0.06606699534997584,0.35591267724394265,0.9030837004405287,0.9955947136563876,0.8810572687224669,0.7092511013215859
4.0,8,all,800,0.04128866266017428,0.2824531005859375,0.9275,0.9975,0.78,0.66625
4.0,8,xcal_pos,319,0.06730444903172539,0.6705895192496081,0.8526645768025078,1.0,1.9184952978056427,1.670846394984326
4.0,9,all,800,0.06610575505970717,0.42355632324218745,0.90375,1.0,1.20625,1.03375
4.0,9,xcal_pos,458,0.09458006403223296,0.7091135030021835,0.8624454148471615,1.0,2.076419213973799,1.8056768558951966
4.0,10,all,800,0.037944686874902045,0.28953187255859375,0.89125,0.9975,0.76,0.51125
4.0,10,xcal_pos,353,0.08710791052450834,0.6000662568608357,0.8045325779036827,1.0,1.6657223796033995,1.158640226628895
4.0,11,all,800,0.02505728867063617,0.241734130859375,0.92625,0.9975,0.59875,0.524375
4.0,11,xcal_pos,234,0.08629615367312182,0.7124522986778847,0.8632478632478633,0.9957264957264957,1.9273504273504274,1.7927350427350428
4.0,12,all,800,0.02619257448672585,0.2419693115234375,0.9475,0.99375,0.5775,0.50125
4.0,12,xcal_pos,367,0.04546413765706159,0.5166149736035422,0.896457765667575,0.997275204359673,1.2479564032697548,1.0926430517711172
4.0,13,all,800,0.041812883316888816,0.38264194335937496,0.8925,0.9975,1.105,0.93
4.0,13,xcal_pos,435,0.060893620142260185,0.6605531833692528,0.8413793103448276,1.0,1.9885057471264367,1.710344827586207
4.0,14,all,800,0.022087598724831237,0.25909160156249994,0.94375,0.98375,0.7575,0.6875
4.0,14,xcal_pos,255,0.08262011627475352,0.7626142386642157,0.8745098039215686,0.996078431372549,2.3254901960784315,2.156862745098039
