dataset,cond,metric,method,mean,sd,vs_BTYD_p,n_seeds
CDNow,all,CRPS,BTYD,0.37333071443305044,0.03292087789329408,,15
CDNow,all,CRPS,PoissonGBM,0.4252019919849127,0.03505593350692834,6.103515625e-05,15
CDNow,all,CRPS,HurdleGBM,0.4150218782413955,0.03395629882288004,6.103515625e-05,15
CDNow,all,CRPS,QuantileGBM,0.40438973243752946,0.0352935562698129,6.103515625e-05,15
CDNow,all,cov50,BTYD,0.8346063177746346,0.012474329587168063,,15
CDNow,all,cov50,PoissonGBM,0.8187647336162187,0.014707581227284692,0.0006533107814151377,15
CDNow,all,cov50,HurdleGBM,0.8178217821782178,0.018962972123796103,0.0006103515625,15
CDNow,all,cov50,QuantileGBM,0.8381895332390382,0.013575132605783306,0.06847552025215699,15
CDNow,all,cov95,BTYD,0.9709570957095709,0.005654339941414651,,15
CDNow,all,cov95,PoissonGBM,0.9495520980669496,0.007573021406982074,0.0006483852534615971,15
CDNow,all,cov95,HurdleGBM,0.9595473833097595,0.006821168321639776,0.0006353759378356659,15
CDNow,all,cov95,QuantileGBM,0.9627534181989625,0.006734020206075295,0.00194902900051223,15
CDNow,all,nMAE,BTYD,0.8437058252115464,0.029261534569397073,,15
CDNow,all,nMAE,PoissonGBM,0.9566207544147809,0.0607597520030862,6.103515625e-05,15
CDNow,all,nMAE,HurdleGBM,0.9360115620623818,0.052364430715016445,6.103515625e-05,15
CDNow,all,nMAE,QuantileGBM,0.9649955783745894,0.026282204201859484,6.103515625e-05,15
CDNow,all,pit_ks,BTYD,0.0635148919810755,0.012878228770618646,,15
CDNow,all,pit_ks,PoissonGBM,0.053586976569713854,0.010694855979457634,0.05535888671875,15
CDNow,all,pit_ks,HurdleGBM,0.04062198157835013,0.008579463107023134,0.00042724609375,15
CDNow,all,pit_ks,QuantileGBM,0.059876196983037804,0.016330029496581928,0.22930908203125,15
CDNow,x>0,CRPS,BTYD,0.7005711715433637,0.06680062788389249,,15
CDNow,x>0,CRPS,PoissonGBM,0.8212275538218691,0.07004048070924383,6.103515625e-05,15
CDNow,x>0,CRPS,HurdleGBM,0.8027875420130363,0.06696768710897875,6.103515625e-05,15
CDNow,x>0,CRPS,QuantileGBM,0.7780636420947645,0.07004140233817356,6.103515625e-05,15
CDNow,x>0,cov50,BTYD,0.7539076354236843,0.01673625554830457,,15
CDNow,x>0,cov50,PoissonGBM,0.6969532755419241,0.019091504173844188,6.103515625e-05,15
CDNow,x>0,cov50,HurdleGBM,0.7062590722239392,0.02747555610634051,0.0014737808438751421,15
CDNow,x>0,cov50,QuantileGBM,0.7547392203252894,0.01765883790403672,0.890380859375,15
CDNow,x>0,cov95,BTYD,0.9688041803575911,0.012062767129004792,,15
CDNow,x>0,cov95,PoissonGBM,0.915226087662214,0.014950588610281099,6.103515625e-05,15
CDNow,x>0,cov95,HurdleGBM,0.9309984411965273,0.016272858116156846,6.103515625e-05,15
CDNow,x>0,cov95,QuantileGBM,0.9461455900265148,0.017935051634549087,0.0009815397525216685,15
CDNow,x>0,nMAE,BTYD,0.8094225382594927,0.035456571851786835,,15
CDNow,x>0,nMAE,PoissonGBM,0.943984987542581,0.07084171479150823,6.103515625e-05,15
CDNow,x>0,nMAE,HurdleGBM,0.9224473957647528,0.0630216187546737,6.103515625e-05,15
CDNow,x>0,nMAE,QuantileGBM,0.9574327716692039,0.0320186868148406,6.103515625e-05,15
CDNow,x>0,pit_ks,BTYD,0.08713364129255304,0.02881041793022062,,15
CDNow,x>0,pit_ks,PoissonGBM,0.09987105878931922,0.02346537674992195,0.33026123046875,15
CDNow,x>0,pit_ks,HurdleGBM,0.08447326745499707,0.02227875483105451,0.76153564453125,15
CDNow,x>0,pit_ks,QuantileGBM,0.1383828703329261,0.027421689131848465,6.103515625e-05,15
Dunnhumby,all,CRPS,BTYD,6.949693480195817,0.16353173035824575,,15
Dunnhumby,all,CRPS,PoissonGBM,7.350985630841121,0.20782285009340723,6.103515625e-05,15
Dunnhumby,all,CRPS,HurdleGBM,7.359768484646194,0.2041056555343243,6.103515625e-05,15
Dunnhumby,all,CRPS,QuantileGBM,6.534665095683133,0.17582050235336982,6.103515625e-05,15
Dunnhumby,all,cov50,BTYD,0.37303070761014695,0.009886023705067673,,15
Dunnhumby,all,cov50,PoissonGBM,0.2766355140186916,0.013257347489779876,0.0006483852534615971,15
Dunnhumby,all,cov50,HurdleGBM,0.28384512683578106,0.014719155821897029,0.0006533107814151377,15
Dunnhumby,all,cov50,QuantileGBM,0.4936359590565198,0.016640912581264034,6.103515625e-05,15
Dunnhumby,all,cov95,BTYD,0.793413440142412,0.014106666243782767,,15
Dunnhumby,all,cov95,PoissonGBM,0.6346239430351581,0.015119126879345805,0.0006483852534615971,15
Dunnhumby,all,cov95,HurdleGBM,0.6560747663551402,0.011571228057295904,0.0006500242387180628,15
Dunnhumby,all,cov95,QuantileGBM,0.8878504672897197,0.012432644278262269,0.0006516660806139112,15
Dunnhumby,all,nMAE,BTYD,0.3526659602854498,0.01253262137186372,,15
Dunnhumby,all,nMAE,PoissonGBM,0.3608540100512905,0.01200852657423655,0.00042724609375,15
Dunnhumby,all,nMAE,HurdleGBM,0.3623784884193045,0.01384699864811662,0.00030517578125,15
Dunnhumby,all,nMAE,QuantileGBM,0.3494530910701639,0.012239608526123588,0.0946044921875,15
Dunnhumby,all,pit_ks,BTYD,0.16867196227244868,0.011940638318794296,,15
Dunnhumby,all,pit_ks,PoissonGBM,0.2268274920545002,0.012785455223452565,6.103515625e-05,15
Dunnhumby,all,pit_ks,HurdleGBM,0.21165509323727683,0.012459115981697097,6.103515625e-05,15
Dunnhumby,all,pit_ks,QuantileGBM,0.05768287018353555,0.008127257079729798,6.103515625e-05,15
Dunnhumby,x>0,CRPS,BTYD,6.980490552623186,0.17199512954314558,,15
Dunnhumby,x>0,CRPS,PoissonGBM,7.389085428132602,0.21190230917978806,6.103515625e-05,15
Dunnhumby,x>0,CRPS,HurdleGBM,7.40352310896463,0.21022308820306568,6.103515625e-05,15
Dunnhumby,x>0,CRPS,QuantileGBM,6.5706241966815355,0.18346669413828806,6.103515625e-05,15
Dunnhumby,x>0,cov50,BTYD,0.3729870418456534,0.010132419403082975,,15
Dunnhumby,x>0,cov50,PoissonGBM,0.27781835277257527,0.012784566269247764,6.103515625e-05,15
Dunnhumby,x>0,cov50,HurdleGBM,0.2814153616988782,0.014870658508352433,6.103515625e-05,15
Dunnhumby,x>0,cov50,QuantileGBM,0.4928607822365268,0.016105821869451916,6.103515625e-05,15
Dunnhumby,x>0,cov95,BTYD,0.7954089542040053,0.013925758852376199,,15
Dunnhumby,x>0,cov95,PoissonGBM,0.63601918827593,0.015197851845932878,6.103515625e-05,15
Dunnhumby,x>0,cov95,HurdleGBM,0.654418172038586,0.011524816374101826,6.103515625e-05,15
Dunnhumby,x>0,cov95,QuantileGBM,0.8874238626973001,0.012748311729401718,6.103515625e-05,15
Dunnhumby,x>0,nMAE,BTYD,0.3508861516730558,0.012356526195225807,,15
Dunnhumby,x>0,nMAE,PoissonGBM,0.35905005627007847,0.01199088030138287,0.00042724609375,15
Dunnhumby,x>0,nMAE,HurdleGBM,0.3605034625336857,0.013957774206167036,0.00030517578125,15
Dunnhumby,x>0,nMAE,QuantileGBM,0.3477758796010402,0.012277713577497207,0.0946044921875,15
Dunnhumby,x>0,pit_ks,BTYD,0.1650202497094572,0.012685337750378237,,15
Dunnhumby,x>0,pit_ks,PoissonGBM,0.22559296086103106,0.01415820636399734,6.103515625e-05,15
Dunnhumby,x>0,pit_ks,HurdleGBM,0.21390344668558564,0.013902357596840118,6.103515625e-05,15
Dunnhumby,x>0,pit_ks,QuantileGBM,0.05762125723263316,0.008422684257380093,6.103515625e-05,15
Grocery,all,CRPS,BTYD,0.5216345239719796,0.04013492223895707,,15
Grocery,all,CRPS,PoissonGBM,0.5784362390829695,0.050847495217654276,6.103515625e-05,15
Grocery,all,CRPS,HurdleGBM,0.5844776319141193,0.05329077232958055,6.103515625e-05,15
Grocery,all,CRPS,QuantileGBM,0.590635556768559,0.05354082991782628,6.103515625e-05,15
Grocery,all,cov50,BTYD,0.8656477438136828,0.012457356745223606,,15
Grocery,all,cov50,PoissonGBM,0.8020378457059679,0.011920982247503504,0.0006516660806139112,15
Grocery,all,cov50,HurdleGBM,0.7924308588064047,0.014016297923163943,0.0006516660806139112,15
Grocery,all,cov50,QuantileGBM,0.8714701601164484,0.015413995924839387,0.2214816489446616,15
Grocery,all,cov95,BTYD,0.9682678311499272,0.005275578743530438,,15
Grocery,all,cov95,PoissonGBM,0.9315866084425036,0.010717663884260046,0.0006516660806139112,15
Grocery,all,cov95,HurdleGBM,0.9391557496360989,0.012264520978054437,0.0006451158437926242,15
Grocery,all,cov95,QuantileGBM,0.9572052401746725,0.0074638371268445185,0.0014590203259492514,15
Grocery,all,nMAE,BTYD,0.5684058827721606,0.07731568107674787,,15
Grocery,all,nMAE,PoissonGBM,0.6273418135401969,0.06707093025612242,6.103515625e-05,15
Grocery,all,nMAE,HurdleGBM,0.6361716782015922,0.06473711690532738,6.103515625e-05,15
Grocery,all,nMAE,QuantileGBM,0.7077723919250392,0.09161773031394577,6.103515625e-05,15
Grocery,all,pit_ks,BTYD,0.04533161991523229,0.014963984677958538,,15
Grocery,all,pit_ks,PoissonGBM,0.06335728519197993,0.01051676262415703,0.00042724609375,15
Grocery,all,pit_ks,HurdleGBM,0.06318751820248701,0.012759799903213138,0.0042724609375,15
Grocery,all,pit_ks,QuantileGBM,0.07678426166573207,0.02997566093866005,0.00335693359375,15
Grocery,x>0,CRPS,BTYD,0.7863801672977778,0.06748355051154674,,15
Grocery,x>0,CRPS,PoissonGBM,0.8727193523600792,0.08527738966064038,6.103515625e-05,15
Grocery,x>0,CRPS,HurdleGBM,0.8854490437177829,0.08720135348031134,6.103515625e-05,15
Grocery,x>0,CRPS,QuantileGBM,0.8947031357717301,0.07686395410526653,6.103515625e-05,15
Grocery,x>0,cov50,BTYD,0.8149129178678474,0.02315906590562179,,15
Grocery,x>0,cov50,PoissonGBM,0.7127383799035422,0.02267048698745155,6.103515625e-05,15
Grocery,x>0,cov50,HurdleGBM,0.6973177616682885,0.024663830568858503,6.103515625e-05,15
Grocery,x>0,cov50,QuantileGBM,0.8246558651062503,0.026117696746806147,0.22930908203125,15
Grocery,x>0,cov95,BTYD,0.964447354688581,0.009542047753284898,,15
Grocery,x>0,cov95,PoissonGBM,0.9082127555472559,0.017693089045820266,6.103515625e-05,15
Grocery,x>0,cov95,HurdleGBM,0.918232374583621,0.021482711982840706,6.103515625e-05,15
Grocery,x>0,cov95,QuantileGBM,0.9531116697429003,0.013165965758063083,0.002976637011170516,15
Grocery,x>0,nMAE,BTYD,0.5560082285989904,0.07892378598568404,,15
Grocery,x>0,nMAE,PoissonGBM,0.6161506281688428,0.06860703686300854,6.103515625e-05,15
Grocery,x>0,nMAE,HurdleGBM,0.6256841506088542,0.06640526988921545,6.103515625e-05,15
Grocery,x>0,nMAE,QuantileGBM,0.6994759730795381,0.09375589928601571,6.103515625e-05,15
Grocery,x>0,pit_ks,BTYD,0.06794421735440251,0.013246173068957172,,15
Grocery,x>0,pit_ks,PoissonGBM,0.08628981656646881,0.016786575244492116,0.0067138671875,15
Grocery,x>0,pit_ks,HurdleGBM,0.08730306346706532,0.02057636957325886,0.01507568359375,15
Grocery,x>0,pit_ks,QuantileGBM,0.11068552429100541,0.03937314967285628,0.00335693359375,15
Olist,all,CRPS,BTYD,0.0170240959365934,0.0009576264036059018,,15
Olist,all,CRPS,PoissonGBM,0.01703468198357673,0.0009251870287813646,0.5614013671875,15
Olist,all,CRPS,HurdleGBM,0.017007804186949898,0.0009464651812151429,0.0301513671875,15
Olist,all,CRPS,QuantileGBM,0.017200311132418745,0.0009712695465589312,6.103515625e-05,15
Olist,all,cov50,BTYD,0.9839799380439592,0.0010186582627025654,,15
Olist,all,cov50,PoissonGBM,0.9839897723361362,0.0010064803843117536,0.31731050786291415,15
Olist,all,cov50,HurdleGBM,0.9839799380439592,0.0010186582627025654,1.0,15
Olist,all,cov50,QuantileGBM,0.9839799380439592,0.0010186582627025654,1.0,15
Olist,all,cov95,BTYD,0.9850912130599401,0.0010789266698350921,,15
Olist,all,cov95,PoissonGBM,0.9863401681663964,0.001223823374885955,0.0006500242387180628,15
Olist,all,cov95,HurdleGBM,0.9860353051089149,0.0012185625137246714,0.00079744385109149,15
Olist,all,cov95,QuantileGBM,0.9843241382701481,0.0009253794971585837,0.0006321520160876122,15
Olist,all,nMAE,BTYD,1.0,0.0,,15
Olist,all,nMAE,PoissonGBM,1.0016983217767057,0.004661583893534991,0.17971249487899976,15
Olist,all,nMAE,HurdleGBM,1.0,0.0,1.0,15
Olist,all,nMAE,QuantileGBM,1.0,0.0,1.0,15
Olist,all,pit_ks,BTYD,0.01138427006443195,0.0031049842704812566,,15
Olist,all,pit_ks,PoissonGBM,0.008928253654604567,0.0026475662724881072,0.02154541015625,15
Olist,all,pit_ks,HurdleGBM,0.008896903758308674,0.0023964931242902773,0.00537109375,15
Olist,all,pit_ks,QuantileGBM,0.018877740873104357,0.0027932936336381013,6.103515625e-05,15
Olist,x>0,CRPS,BTYD,0.08316855051051487,0.027345598319179855,,15
Olist,x>0,CRPS,PoissonGBM,0.08692890554784038,0.027819434058478407,0.0008544921875,15
Olist,x>0,CRPS,HurdleGBM,0.0845274490035445,0.02820927768821718,0.01507568359375,15
Olist,x>0,CRPS,QuantileGBM,0.0858570353461293,0.029415205331320634,0.0008544921875,15
Olist,x>0,cov50,BTYD,0.9387930177919642,0.01644900847776863,,15
Olist,x>0,cov50,PoissonGBM,0.9395420814623762,0.016401842512019472,0.31731050786291415,15
Olist,x>0,cov50,HurdleGBM,0.9387930177919642,0.01644900847776863,1.0,15
Olist,x>0,cov50,QuantileGBM,0.9387930177919642,0.01644900847776863,1.0,15
Olist,x>0,cov95,BTYD,0.9795304437250532,0.010201777079747459,,15
Olist,x>0,cov95,PoissonGBM,0.9764167417803922,0.013085999743235557,0.32698934959801507,15
Olist,x>0,cov95,HurdleGBM,0.9744078491528264,0.013303377652301386,0.12348527214454895,15
Olist,x>0,cov95,QuantileGBM,0.9652601670149505,0.014504211806008123,0.007632441648205508,15
Olist,x>0,nMAE,BTYD,1.0,0.0,,15
Olist,x>0,nMAE,PoissonGBM,1.03,0.07973169292786185,0.17971249487899976,15
Olist,x>0,nMAE,HurdleGBM,1.0,0.0,1.0,15
Olist,x>0,nMAE,QuantileGBM,1.0,0.0,1.0,15
Olist,x>0,pit_ks,BTYD,0.0858945512404668,0.03322801879115706,,15
Olist,x>0,pit_ks,PoissonGBM,0.0893238025670771,0.031010571843911865,0.803955078125,15
Olist,x>0,pit_ks,HurdleGBM,0.08741675509222004,0.03626414382774574,0.97796630859375,15
Olist,x>0,pit_ks,QuantileGBM,0.09433982608728723,0.0372400009160233,0.0301513671875,15
OnlineRetailII,all,CRPS,BTYD,0.7757125976562501,0.02610460553646388,,15
OnlineRetailII,all,CRPS,PoissonGBM,0.6930374876302083,0.04095553430940174,6.103515625e-05,15
OnlineRetailII,all,CRPS,HurdleGBM,0.6987392366536458,0.039473898314982304,6.103515625e-05,15
OnlineRetailII,all,CRPS,QuantileGBM,0.6814885504557292,0.045250775069438975,6.103515625e-05,15
OnlineRetailII,all,cov50,BTYD,0.80234375,0.009347056569736646,,15
OnlineRetailII,all,cov50,PoissonGBM,0.7663541666666667,0.014060846463631179,0.0006500242387180628,15
OnlineRetailII,all,cov50,HurdleGBM,0.7580208333333333,0.016961446347596085,0.0006386112041971715,15
OnlineRetailII,all,cov50,QuantileGBM,0.8125,0.012121070101347737,0.004112975191221482,15
OnlineRetailII,all,cov95,BTYD,0.99078125,0.002896199981071257,,15
OnlineRetailII,all,cov95,PoissonGBM,0.9486979166666667,0.008207995294586391,0.0006500242387180628,15
OnlineRetailII,all,cov95,HurdleGBM,0.9543229166666668,0.007950053931570583,0.0006516660806139112,15
OnlineRetailII,all,cov95,QuantileGBM,0.95890625,0.008053211357566795,0.0006500242387180628,15
OnlineRetailII,all,nMAE,BTYD,0.8031923439580044,0.03139265438544634,,15
OnlineRetailII,all,nMAE,PoissonGBM,0.6932659761528546,0.027960870413314343,6.103515625e-05,15
OnlineRetailII,all,nMAE,HurdleGBM,0.6938876514077744,0.02680441806617803,6.103515625e-05,15
OnlineRetailII,all,nMAE,QuantileGBM,0.6809255052076685,0.024396399408899528,6.103515625e-05,15
OnlineRetailII,all,pit_ks,BTYD,0.21086677039101592,0.013111432530170407,,15
OnlineRetailII,all,pit_ks,PoissonGBM,0.05506722084066609,0.007182593214528882,6.103515625e-05,15
OnlineRetailII,all,pit_ks,HurdleGBM,0.040597400077464006,0.007496279853050303,6.103515625e-05,15
OnlineRetailII,all,pit_ks,QuantileGBM,0.042277272683430726,0.010771702737628659,6.103515625e-05,15
OnlineRetailII,x>0,CRPS,BTYD,0.974549964347617,0.04055187104391743,,15
OnlineRetailII,x>0,CRPS,PoissonGBM,0.8986131442219566,0.059329797725663,6.103515625e-05,15
OnlineRetailII,x>0,CRPS,HurdleGBM,0.9128384568000326,0.05523620175552842,0.0001220703125,15
OnlineRetailII,x>0,CRPS,QuantileGBM,0.8881439058789875,0.06426045344057943,0.0001220703125,15
OnlineRetailII,x>0,cov50,BTYD,0.7181847237530217,0.012620709403543375,,15
OnlineRetailII,x>0,cov50,PoissonGBM,0.712786379099355,0.015026447566653299,0.08647492810359511,15
OnlineRetailII,x>0,cov50,HurdleGBM,0.7126521015060823,0.01695656619896834,0.1005251728089838,15
OnlineRetailII,x>0,cov50,QuantileGBM,0.7919695900692145,0.017700079464337798,6.103515625e-05,15
OnlineRetailII,x>0,cov95,BTYD,0.9879808932101244,0.004397781263463098,,15
OnlineRetailII,x>0,cov95,PoissonGBM,0.9401571539698604,0.010012763453660574,6.103515625e-05,15
OnlineRetailII,x>0,cov95,HurdleGBM,0.9432166040007579,0.010949302328318799,6.103515625e-05,15
OnlineRetailII,x>0,cov95,QuantileGBM,0.9550821877590553,0.01045839061049053,6.103515625e-05,15
OnlineRetailII,x>0,nMAE,BTYD,0.7315769385993183,0.031900015981706366,,15
OnlineRetailII,x>0,nMAE,PoissonGBM,0.652225280930408,0.030218268571149814,6.103515625e-05,15
OnlineRetailII,x>0,nMAE,HurdleGBM,0.6617843910714346,0.02997583750113905,6.103515625e-05,15
OnlineRetailII,x>0,nMAE,QuantileGBM,0.6476673433984994,0.02812271818732813,6.103515625e-05,15
OnlineRetailII,x>0,pit_ks,BTYD,0.22058448778081416,0.009796027924094647,,15
OnlineRetailII,x>0,pit_ks,PoissonGBM,0.06206873723841752,0.01091012384743647,6.103515625e-05,15
OnlineRetailII,x>0,pit_ks,HurdleGBM,0.05632599484582544,0.011050816095845826,6.103515625e-05,15
OnlineRetailII,x>0,pit_ks,QuantileGBM,0.05762712721294212,0.016811357446535172,6.103515625e-05,15
Simulated,all,CRPS,BTYD,0.3892252488425926,0.05266668011651304,,15
Simulated,all,CRPS,PoissonGBM,0.5122120453703704,0.06500229288147436,6.103515625e-05,15
Simulated,all,CRPS,HurdleGBM,0.4877692555555556,0.058769455255293195,6.103515625e-05,15
Simulated,all,CRPS,QuantileGBM,0.5192776888888889,0.0742769921147283,6.103515625e-05,15
Simulated,all,cov50,BTYD,0.9028148148148147,0.014534922166116807,,15
Simulated,all,cov50,PoissonGBM,0.8543703703703703,0.020208204921499683,0.0006533107814151377,15
Simulated,all,cov50,HurdleGBM,0.8662222222222222,0.020611464079466027,0.0006500242387180628,15
Simulated,all,cov50,QuantileGBM,0.9074074074074076,0.022105513635701318,0.28504940740261275,15
Simulated,all,cov95,BTYD,0.9811851851851853,0.008518748559120732,,15
Simulated,all,cov95,PoissonGBM,0.9333333333333333,0.01481216907592154,0.0006434854148379288,15
Simulated,all,cov95,HurdleGBM,0.9557037037037037,0.011062326766380784,0.0006434854148379288,15
Simulated,all,cov95,QuantileGBM,0.9641481481481481,0.01113859035871713,0.000636992151797346,15
Simulated,all,nMAE,BTYD,0.5932904602253081,0.07258970761935493,,15
Simulated,all,nMAE,PoissonGBM,0.7115243959624004,0.060703691900934,0.0001220703125,15
Simulated,all,nMAE,HurdleGBM,0.7112107946882443,0.0763803678428448,0.0001220703125,15
Simulated,all,nMAE,QuantileGBM,0.9054065183729959,0.11219803320080146,6.103515625e-05,15
Simulated,all,pit_ks,BTYD,0.04156653891552875,0.011376240705065762,,15
Simulated,all,pit_ks,PoissonGBM,0.05983467933812035,0.014963824978621672,0.00201416015625,15
Simulated,all,pit_ks,HurdleGBM,0.05285322145841728,0.012305906041920459,0.01806640625,15
Simulated,all,pit_ks,QuantileGBM,0.07186928410393219,0.030125128623095892,0.00115966796875,15
Simulated,x>0,CRPS,BTYD,0.6915638963713848,0.07725105651925421,,15
Simulated,x>0,CRPS,PoissonGBM,0.9188568124193882,0.10493170964786667,6.103515625e-05,15
Simulated,x>0,CRPS,HurdleGBM,0.8742204065492393,0.09118723577200578,6.103515625e-05,15
Simulated,x>0,CRPS,QuantileGBM,0.9336822264934604,0.12603876598351008,6.103515625e-05,15
Simulated,x>0,cov50,BTYD,0.8437362679700066,0.022615511602763646,,15
Simulated,x>0,cov50,PoissonGBM,0.7524202411995734,0.03123004737911742,6.103515625e-05,15
Simulated,x>0,cov50,HurdleGBM,0.7752022969861864,0.031096599257088967,6.103515625e-05,15
Simulated,x>0,cov50,QuantileGBM,0.8523227874676207,0.039813866535690474,0.28576274557285797,15
Simulated,x>0,cov95,BTYD,0.9824528766634892,0.009925922837143662,,15
Simulated,x>0,cov95,PoissonGBM,0.8959109019242256,0.022740199321747714,6.103515625e-05,15
Simulated,x>0,cov95,HurdleGBM,0.9391943901619755,0.015273327030287847,6.103515625e-05,15
Simulated,x>0,cov95,QuantileGBM,0.9549667307510578,0.017368719509476473,0.0006533107814151377,15
Simulated,x>0,nMAE,BTYD,0.5845823521092451,0.0715046005416924,,15
Simulated,x>0,nMAE,PoissonGBM,0.703780160789901,0.06164372333675302,0.0001220703125,15
Simulated,x>0,nMAE,HurdleGBM,0.7049945282626776,0.07698306821117987,0.0001220703125,15
Simulated,x>0,nMAE,QuantileGBM,0.9035249497720582,0.11409414751896284,6.103515625e-05,15
Simulated,x>0,pit_ks,BTYD,0.06062951779349564,0.011233226863795711,,15
Simulated,x>0,pit_ks,PoissonGBM,0.107430430401099,0.024200645363809135,0.0001220703125,15
Simulated,x>0,pit_ks,HurdleGBM,0.08580241937145594,0.019211406058675783,0.00152587890625,15
Simulated,x>0,pit_ks,QuantileGBM,0.10269369566401552,0.041090397451430234,0.00335693359375,15
Ta-Feng,all,CRPS,BTYD,0.9475732170592407,0.013278122488079627,,15
Ta-Feng,all,CRPS,PoissonGBM,0.9215175484297036,0.009175576783437984,6.103515625e-05,15
Ta-Feng,all,CRPS,HurdleGBM,0.9164661506334997,0.01068431458256528,6.103515625e-05,15
Ta-Feng,all,CRPS,QuantileGBM,0.9096521388562765,0.009175308548650205,6.103515625e-05,15
Ta-Feng,all,cov50,BTYD,0.7530867821152529,0.005548507871028385,,15
Ta-Feng,all,cov50,PoissonGBM,0.6713530965658936,0.00965791474582122,0.0006533107814151377,15
Ta-Feng,all,cov50,HurdleGBM,0.7699148811270913,0.009417976749549039,6.103515625e-05,15
Ta-Feng,all,cov50,QuantileGBM,0.7708052049701595,0.014527478017121257,0.0009847668593688057,15
Ta-Feng,all,cov95,BTYD,0.9744545543488896,0.0019202679367722913,,15
Ta-Feng,all,cov95,PoissonGBM,0.9433617062909697,0.0021855462070459767,0.0006516660806139112,15
Ta-Feng,all,cov95,HurdleGBM,0.9559534292143628,0.0031056920314650053,0.0006500242387180628,15
Ta-Feng,all,cov95,QuantileGBM,0.9682907738968788,0.00293223192284372,0.000803313257091444,15
Ta-Feng,all,nMAE,BTYD,0.6918953923691593,0.007429550576290126,,15
Ta-Feng,all,nMAE,PoissonGBM,0.6747661142539607,0.008672487176385702,0.0001220703125,15
Ta-Feng,all,nMAE,HurdleGBM,0.6771438591035523,0.009282095366424957,6.103515625e-05,15
Ta-Feng,all,nMAE,QuantileGBM,0.6703357729228722,0.008374683236628728,6.103515625e-05,15
Ta-Feng,all,pit_ks,BTYD,0.07087272308125767,0.009404743739103945,,15
Ta-Feng,all,pit_ks,PoissonGBM,0.08719121226023904,0.010593592618316902,0.0067138671875,15
Ta-Feng,all,pit_ks,HurdleGBM,0.041189242548019374,0.00853015951153074,0.0001220703125,15
Ta-Feng,all,pit_ks,QuantileGBM,0.031467868184764644,0.008805517327580248,6.103515625e-05,15
Ta-Feng,x>0,CRPS,BTYD,1.2824211311311164,0.02309169671498533,,15
Ta-Feng,x>0,CRPS,PoissonGBM,1.242315913232695,0.017831963702653286,6.103515625e-05,15
Ta-Feng,x>0,CRPS,HurdleGBM,1.2416404175487583,0.019870757018610317,6.103515625e-05,15
Ta-Feng,x>0,CRPS,QuantileGBM,1.2282967876328317,0.01771718294894524,6.103515625e-05,15
Ta-Feng,x>0,cov50,BTYD,0.7010445863430422,0.008858959627285405,,15
Ta-Feng,x>0,cov50,PoissonGBM,0.5298151180067515,0.008159484606738718,6.103515625e-05,15
Ta-Feng,x>0,cov50,HurdleGBM,0.6488689536109149,0.01238833995499962,6.103515625e-05,15
Ta-Feng,x>0,cov50,QuantileGBM,0.7030905664717669,0.025246814201630715,0.97796630859375,15
Ta-Feng,x>0,cov95,BTYD,0.9703199726103097,0.003484038118829514,,15
Ta-Feng,x>0,cov95,PoissonGBM,0.9288184821909812,0.004448726398989235,6.103515625e-05,15
Ta-Feng,x>0,cov95,HurdleGBM,0.9432926106451724,0.005117905799238055,6.103515625e-05,15
Ta-Feng,x>0,cov95,QuantileGBM,0.9663924877252311,0.003164377668512754,0.0028648155524898344,15
Ta-Feng,x>0,nMAE,BTYD,0.5996898573597705,0.006848751947179076,,15
Ta-Feng,x>0,nMAE,PoissonGBM,0.5720043101001586,0.0077899193328492015,6.103515625e-05,15
Ta-Feng,x>0,nMAE,HurdleGBM,0.5810680261915344,0.010503368901221548,6.103515625e-05,15
Ta-Feng,x>0,nMAE,QuantileGBM,0.5711849919803182,0.007291310472585548,6.103515625e-05,15
Ta-Feng,x>0,pit_ks,BTYD,0.08000088174376623,0.009718943259140956,,15
Ta-Feng,x>0,pit_ks,PoissonGBM,0.09032505560107987,0.008395883755718718,0.0301513671875,15
Ta-Feng,x>0,pit_ks,HurdleGBM,0.06196556914964673,0.008794357757686538,0.00262451171875,15
Ta-Feng,x>0,pit_ks,QuantileGBM,0.038418283954427465,0.01626303668781987,6.103515625e-05,15
