dataset,model,config,pit_ks,CRPS
Simulated,BTYD,--,0.026756800686960347,0.33256444444444444
Simulated,PoissonGBM,shallow,0.06409523125634625,0.41131395833333334
Simulated,QuantileGBM,shallow,0.052291756651153154,0.3819899444444444
Simulated,PoissonGBM,default,0.0679464403593101,0.47023206944444446
Simulated,QuantileGBM,default,0.03918038327716722,0.3767971388888888
Simulated,PoissonGBM,deep,0.06134707405498563,0.4757363888888889
Simulated,QuantileGBM,deep,0.04253538979110899,0.38083266666666665
Simulated,PoissonGBM,slow,0.07786979200166119,0.43414747222222216
Simulated,QuantileGBM,slow,0.03680358066423706,0.37136187499999995
OnlineRetailII,BTYD,--,0.2104082692411945,0.78275857421875
OnlineRetailII,PoissonGBM,shallow,0.06634319415839401,0.70745357421875
OnlineRetailII,QuantileGBM,shallow,0.031139680533737613,0.718453037109375
OnlineRetailII,PoissonGBM,default,0.06584850549616988,0.7315015624999999
OnlineRetailII,QuantileGBM,default,0.03753244657010024,0.7111421484375
OnlineRetailII,PoissonGBM,deep,0.05929906088573328,0.752143447265625
OnlineRetailII,QuantileGBM,deep,0.04470981575605393,0.7085470068359375
OnlineRetailII,PoissonGBM,slow,0.066441278291757,0.7166348974609374
OnlineRetailII,QuantileGBM,slow,0.030388000685210748,0.7099105810546875
