dataset,cost,method,profit,pct_oracle
CDNow,0.2,BTYD,268.6000000000001,71.41458766857697
CDNow,0.2,PoissonGBM,271.70000000000005,72.37595776813845
CDNow,0.2,heuristic,278.73333333333335,74.22518359407782
CDNow,0.5,BTYD,195.58333333333334,60.365101372100845
CDNow,0.5,PoissonGBM,190.25,58.77972912411516
CDNow,0.5,heuristic,193.83333333333334,59.95192874784427
CDNow,1.0,BTYD,135.0,57.27909369271274
CDNow,1.0,PoissonGBM,118.5,50.08742139770021
CDNow,1.0,heuristic,115.83333333333333,48.891956427561524
CDNow,topA,BTYD,0.69986481490507,69.986481490507
CDNow,topA,PoissonGBM,0.6584203565793937,65.84203565793938
CDNow,topA,heuristic,0.6737712920826766,67.37712920826768
Dunnhumby,0.2,BTYD,18404.033333333336,98.94560131303261
Dunnhumby,0.2,PoissonGBM,18595.533333333336,99.97249653909671
Dunnhumby,0.2,heuristic,18545.133333333335,99.7010995857295
Dunnhumby,0.5,BTYD,18073.833333333332,98.31374319760162
Dunnhumby,0.5,PoissonGBM,18370.833333333332,99.93042742587603
Dunnhumby,0.5,heuristic,18323.333333333332,99.6715828690882
Dunnhumby,1.0,BTYD,17658.5,97.9815492129098
Dunnhumby,1.0,PoissonGBM,17996.333333333332,99.85805438393106
Dunnhumby,1.0,heuristic,17915.666666666668,99.40927443188315
Dunnhumby,topA,BTYD,0.898095308930432,89.80953089304319
Dunnhumby,topA,PoissonGBM,0.8930528525443341,89.3052852544334
Dunnhumby,topA,heuristic,0.8835752125960304,88.35752125960305
OnlineRetailII,0.2,BTYD,1472.0,91.69886406836105
OnlineRetailII,0.2,PoissonGBM,1463.3999999999999,91.1680634022921
OnlineRetailII,0.2,heuristic,1398.3666666666668,87.13526236625675
OnlineRetailII,0.5,BTYD,1114.5833333333333,78.41093513234543
OnlineRetailII,0.5,PoissonGBM,1123.5833333333333,79.11212064879209
OnlineRetailII,0.5,heuristic,1150.9166666666667,81.03552605596555
OnlineRetailII,1.0,BTYD,667.1666666666666,59.80212820777553
OnlineRetailII,1.0,PoissonGBM,841.1666666666666,75.68023929330457
OnlineRetailII,1.0,heuristic,799.3333333333334,71.88344905396949
OnlineRetailII,topA,BTYD,0.8014935893983682,80.14935893983683
OnlineRetailII,topA,PoissonGBM,0.7979525384491475,79.79525384491474
OnlineRetailII,topA,heuristic,0.7786071366975927,77.86071366975926
Simulated,0.2,BTYD,373.16666666666674,93.86694396529465
Simulated,0.2,PoissonGBM,370.4666666666667,93.2645101276557
Simulated,0.2,heuristic,356.0666666666668,89.49615855249392
Simulated,0.5,BTYD,337.0,90.16983974278178
Simulated,0.5,PoissonGBM,336.0,90.08061899323633
Simulated,0.5,heuristic,284.4166666666667,75.96105378645777
Simulated,1.0,BTYD,293.6666666666667,88.02001657330611
Simulated,1.0,PoissonGBM,288.8333333333333,86.46033844483914
Simulated,1.0,heuristic,221.16666666666666,66.04765006185193
Simulated,topA,BTYD,0.8770423368659627,87.70423368659625
Simulated,topA,PoissonGBM,0.8336709388237432,83.3670938823743
Simulated,topA,heuristic,0.7622377276573588,76.22377276573589
