dataset,method,x,y
Simulated,BTYD,0.0,0.016129032258064516
Simulated,BTYD,0.01,0.026741467975689576
Simulated,BTYD,0.02,0.033816425120772944
Simulated,BTYD,0.03,0.033816425120772944
Simulated,BTYD,0.04,0.033895297249334516
Simulated,BTYD,0.05,0.034013605442176874
Simulated,BTYD,0.06,0.034013605442176874
Simulated,BTYD,0.07,0.034013605442176874
Simulated,BTYD,0.08,0.034013605442176874
Simulated,BTYD,0.09,0.034013605442176874
Simulated,BTYD,0.1,0.034013605442176874
Simulated,BTYD,0.11,0.05360544217687074
Simulated,BTYD,0.12,0.09192982456140347
Simulated,BTYD,0.13,0.1677192982456141
Simulated,BTYD,0.14,0.19298245614035087
Simulated,BTYD,0.15,0.19298245614035087
Simulated,BTYD,0.16,0.19298245614035087
Simulated,BTYD,0.17,0.19298245614035087
Simulated,BTYD,0.18,0.19298245614035087
Simulated,BTYD,0.19,0.19298245614035087
Simulated,BTYD,0.2,0.19298245614035087
Simulated,BTYD,0.21,0.2146929824561403
Simulated,BTYD,0.22,0.22916666666666666
Simulated,BTYD,0.23,0.22916666666666666
Simulated,BTYD,0.24,0.22916666666666666
Simulated,BTYD,0.25,0.22916666666666666
Simulated,BTYD,0.26,0.22916666666666666
Simulated,BTYD,0.27,0.2500000000000001
Simulated,BTYD,0.28,0.3125000000000002
Simulated,BTYD,0.29,0.3333333333333333
Simulated,BTYD,0.3,0.3333333333333333
Simulated,BTYD,0.31,0.3333333333333333
Simulated,BTYD,0.32,0.336231884057971
Simulated,BTYD,0.33,0.3449275362318841
Simulated,BTYD,0.34,0.34782608695652173
Simulated,BTYD,0.35000000000000003,0.34782608695652173
Simulated,BTYD,0.36,0.34782608695652173
Simulated,BTYD,0.37,0.34782608695652173
Simulated,BTYD,0.38,0.34782608695652173
Simulated,BTYD,0.39,0.34782608695652173
Simulated,BTYD,0.4,0.34782608695652173
Simulated,BTYD,0.41000000000000003,0.34782608695652173
Simulated,BTYD,0.42,0.36639646278555615
Simulated,BTYD,0.43,0.42210759027266015
Simulated,BTYD,0.44,0.4406779661016949
Simulated,BTYD,0.45,0.4406779661016949
Simulated,BTYD,0.46,0.4406779661016949
Simulated,BTYD,0.47000000000000003,0.4406779661016949
Simulated,BTYD,0.48,0.4406779661016949
Simulated,BTYD,0.49,0.4406779661016949
Simulated,BTYD,0.5,0.4406779661016949
Simulated,BTYD,0.51,0.4406779661016949
Simulated,BTYD,0.52,0.4406779661016949
Simulated,BTYD,0.53,0.4406779661016949
Simulated,BTYD,0.54,0.4777401129943504
Simulated,BTYD,0.55,0.5333333333333333
Simulated,BTYD,0.56,0.5333333333333333
Simulated,BTYD,0.5700000000000001,0.550666666666667
Simulated,BTYD,0.58,0.6026666666666664
Simulated,BTYD,0.59,0.62
Simulated,BTYD,0.6,0.62
Simulated,BTYD,0.61,0.62
Simulated,BTYD,0.62,0.62
Simulated,BTYD,0.63,0.62
Simulated,BTYD,0.64,0.62
Simulated,BTYD,0.65,0.62
Simulated,BTYD,0.66,0.62
Simulated,BTYD,0.67,0.62
Simulated,BTYD,0.68,0.62
Simulated,BTYD,0.6900000000000001,0.6386666666666668
Simulated,BTYD,0.7000000000000001,0.6666666666666666
Simulated,BTYD,0.71,0.6666666666666666
Simulated,BTYD,0.72,0.6714285714285714
Simulated,BTYD,0.73,0.6857142857142857
Simulated,BTYD,0.74,0.6904761904761905
Simulated,BTYD,0.75,0.6904761904761905
Simulated,BTYD,0.76,0.6904761904761905
Simulated,BTYD,0.77,0.6904761904761905
Simulated,BTYD,0.78,0.6904761904761905
Simulated,BTYD,0.79,0.6904761904761905
Simulated,BTYD,0.8,0.6904761904761905
Simulated,BTYD,0.81,0.7428571428571431
Simulated,BTYD,0.8200000000000001,0.7777777777777778
Simulated,BTYD,0.8300000000000001,0.7777777777777778
Simulated,BTYD,0.84,0.7777777777777778
Simulated,BTYD,0.85,0.7777777777777778
Simulated,BTYD,0.86,0.8111111111111111
Simulated,BTYD,0.87,0.8484848484848484
Simulated,BTYD,0.88,0.893939393939394
Simulated,BTYD,0.89,0.9246753246753247
Simulated,BTYD,0.9,0.948051948051948
Simulated,BTYD,0.91,0.948051948051948
Simulated,BTYD,0.92,0.948051948051948
Simulated,BTYD,0.93,0.948051948051948
Simulated,BTYD,0.9400000000000001,0.948051948051948
Simulated,BTYD,0.9500000000000001,0.948051948051948
Simulated,BTYD,0.96,0.948051948051948
Simulated,BTYD,0.97,0.948051948051948
Simulated,BTYD,0.98,0.948051948051948
Simulated,BTYD,0.99,0.9688311688311689
Simulated,BTYD,1.0,1.0
Simulated,ML,0.01,0.02702702702702703
Simulated,ML,0.02,0.05454545454545454
Simulated,ML,0.03,0.05454545454545454
Simulated,ML,0.04,0.05555555555555555
Simulated,ML,0.05,0.1
Simulated,ML,0.06,0.1
Simulated,ML,0.07,0.1
Simulated,ML,0.08,0.1
Simulated,ML,0.09,0.1
Simulated,ML,0.1,0.1
Simulated,ML,0.11,0.1
Simulated,ML,0.12,0.1
Simulated,ML,0.13,0.1
Simulated,ML,0.14,0.1
Simulated,ML,0.15,0.1
Simulated,ML,0.16,0.1
Simulated,ML,0.17,0.1
Simulated,ML,0.18,0.15148813711672088
Simulated,ML,0.19,0.23076923076923078
Simulated,ML,0.2,0.23076923076923078
Simulated,ML,0.21,0.25
Simulated,ML,0.22,0.325
Simulated,ML,0.23,0.325
Simulated,ML,0.24,0.325
Simulated,ML,0.25,0.325
Simulated,ML,0.26,0.325
Simulated,ML,0.27,0.325
Simulated,ML,0.28,0.325
Simulated,ML,0.29,0.325
Simulated,ML,0.3,0.325
Simulated,ML,0.31,0.325
Simulated,ML,0.32,0.325
Simulated,ML,0.33,0.41935483870967744
Simulated,ML,0.34,0.41935483870967744
Simulated,ML,0.35000000000000003,0.41935483870967744
Simulated,ML,0.36,0.41935483870967744
Simulated,ML,0.37,0.41935483870967744
Simulated,ML,0.38,0.41935483870967744
Simulated,ML,0.39,0.41935483870967744
Simulated,ML,0.4,0.41935483870967744
Simulated,ML,0.41000000000000003,0.4603174603174603
Simulated,ML,0.42,0.4603174603174603
Simulated,ML,0.43,0.4603174603174603
Simulated,ML,0.44,0.4603174603174603
Simulated,ML,0.45,0.4603174603174603
Simulated,ML,0.46,0.4603174603174603
Simulated,ML,0.47000000000000003,0.4603174603174603
Simulated,ML,0.48,0.4603174603174603
Simulated,ML,0.49,0.4603174603174603
Simulated,ML,0.5,0.4603174603174603
Simulated,ML,0.51,0.4603174603174603
Simulated,ML,0.52,0.4603174603174603
Simulated,ML,0.53,0.4603174603174603
Simulated,ML,0.54,0.4603174603174603
Simulated,ML,0.55,0.4603174603174603
Simulated,ML,0.56,0.4603174603174603
Simulated,ML,0.5700000000000001,0.4603174603174603
Simulated,ML,0.58,0.46153846153846156
Simulated,ML,0.59,0.46153846153846156
Simulated,ML,0.6,0.46153846153846156
Simulated,ML,0.61,0.5263157894736842
Simulated,ML,0.62,0.5263157894736842
Simulated,ML,0.63,0.5263157894736842
Simulated,ML,0.64,0.5263157894736842
Simulated,ML,0.65,0.5263157894736842
Simulated,ML,0.66,0.5263157894736842
Simulated,ML,0.67,0.5263157894736842
Simulated,ML,0.68,0.5263157894736842
Simulated,ML,0.6900000000000001,0.5263157894736842
Simulated,ML,0.7000000000000001,0.5263157894736842
Simulated,ML,0.71,0.5263157894736842
Simulated,ML,0.72,0.5263157894736842
Simulated,ML,0.73,0.5263157894736842
Simulated,ML,0.74,0.5263157894736842
Simulated,ML,0.75,0.5263157894736842
Simulated,ML,0.76,0.6533333333333333
Simulated,ML,0.77,0.6533333333333333
Simulated,ML,0.78,0.6533333333333333
Simulated,ML,0.79,0.6533333333333333
Simulated,ML,0.8,0.6533333333333333
Simulated,ML,0.81,0.6533333333333333
Simulated,ML,0.8200000000000001,0.6533333333333333
Simulated,ML,0.8300000000000001,0.6533333333333333
Simulated,ML,0.84,0.6533333333333333
Simulated,ML,0.85,0.6533333333333333
Simulated,ML,0.86,0.6533333333333333
Simulated,ML,0.87,0.6533333333333333
Simulated,ML,0.88,0.6533333333333333
Simulated,ML,0.89,0.6533333333333333
Simulated,ML,0.9,0.6533333333333333
Simulated,ML,0.91,0.7777777777777778
Simulated,ML,0.92,0.7777777777777778
Simulated,ML,0.93,0.7777777777777778
Simulated,ML,0.9400000000000001,0.7777777777777778
Simulated,ML,0.9500000000000001,0.8181818181818182
Simulated,ML,0.96,0.8909090909090909
Simulated,ML,0.97,0.8909090909090909
Simulated,ML,0.98,0.8909090909090909
Simulated,ML,0.99,0.8909090909090909
Grocery,BTYD,0.0,0.058823529411764705
Grocery,BTYD,0.01,0.058823529411764705
Grocery,BTYD,0.02,0.06071196006077708
Grocery,BTYD,0.03,0.0663772520078142
Grocery,BTYD,0.04,0.06826568265682657
Grocery,BTYD,0.05,0.06826568265682657
Grocery,BTYD,0.06,0.06826568265682657
Grocery,BTYD,0.07,0.0683464517048604
Grocery,BTYD,0.08,0.06858875884896189
Grocery,BTYD,0.09,0.06866952789699571
Grocery,BTYD,0.1,0.06866952789699571
Grocery,BTYD,0.11,0.06866952789699571
Grocery,BTYD,0.12,0.06866952789699571
Grocery,BTYD,0.13,0.06866952789699571
Grocery,BTYD,0.14,0.06866952789699571
Grocery,BTYD,0.15,0.06866952789699571
Grocery,BTYD,0.16,0.08600439652465196
Grocery,BTYD,0.17,0.0975609756097561
Grocery,BTYD,0.18,0.0975609756097561
Grocery,BTYD,0.19,0.0975609756097561
Grocery,BTYD,0.2,0.0975609756097561
Grocery,BTYD,0.21,0.17235772357723564
Grocery,BTYD,0.22,0.23777777777777775
Grocery,BTYD,0.23,0.28444444444444444
Grocery,BTYD,0.24,0.3009302325581395
Grocery,BTYD,0.25,0.3023255813953488
Grocery,BTYD,0.26,0.3023255813953488
Grocery,BTYD,0.27,0.3023255813953488
Grocery,BTYD,0.28,0.3023255813953488
Grocery,BTYD,0.29,0.3023255813953488
Grocery,BTYD,0.3,0.3023255813953488
Grocery,BTYD,0.31,0.3023255813953488
Grocery,BTYD,0.32,0.3023255813953488
Grocery,BTYD,0.33,0.3023255813953488
Grocery,BTYD,0.34,0.3023255813953488
Grocery,BTYD,0.35000000000000003,0.3023255813953488
Grocery,BTYD,0.36,0.3023255813953488
Grocery,BTYD,0.37,0.3023255813953488
Grocery,BTYD,0.38,0.3023255813953488
Grocery,BTYD,0.39,0.3023255813953488
Grocery,BTYD,0.4,0.3023255813953488
Grocery,BTYD,0.41000000000000003,0.3023255813953488
Grocery,BTYD,0.42,0.3023255813953488
Grocery,BTYD,0.43,0.3023255813953488
Grocery,BTYD,0.44,0.3023255813953488
Grocery,BTYD,0.45,0.3023255813953488
Grocery,BTYD,0.46,0.37807308970099673
Grocery,BTYD,0.47000000000000003,0.44461152882205524
Grocery,BTYD,0.48,0.49273182957393474
Grocery,BTYD,0.49,0.5087719298245614
Grocery,BTYD,0.5,0.5087719298245614
Grocery,BTYD,0.51,0.5087719298245614
Grocery,BTYD,0.52,0.5087719298245614
Grocery,BTYD,0.53,0.5087719298245614
Grocery,BTYD,0.54,0.5087719298245614
Grocery,BTYD,0.55,0.5087719298245614
Grocery,BTYD,0.56,0.5273182957393484
Grocery,BTYD,0.5700000000000001,0.5396825396825397
Grocery,BTYD,0.58,0.5396825396825397
Grocery,BTYD,0.59,0.5396825396825397
Grocery,BTYD,0.6,0.5396825396825397
Grocery,BTYD,0.61,0.5396825396825397
Grocery,BTYD,0.62,0.5396825396825397
Grocery,BTYD,0.63,0.5396825396825397
Grocery,BTYD,0.64,0.5396825396825397
Grocery,BTYD,0.65,0.5396825396825397
Grocery,BTYD,0.66,0.6158730158730161
Grocery,BTYD,0.67,0.6666666666666666
Grocery,BTYD,0.68,0.6666666666666666
Grocery,BTYD,0.6900000000000001,0.6909090909090911
Grocery,BTYD,0.7000000000000001,0.7272727272727273
Grocery,BTYD,0.71,0.7272727272727273
Grocery,BTYD,0.72,0.7272727272727273
Grocery,BTYD,0.73,0.7272727272727273
Grocery,BTYD,0.74,0.7272727272727273
Grocery,BTYD,0.75,0.7272727272727273
Grocery,BTYD,0.76,0.7272727272727273
Grocery,BTYD,0.77,0.7479720279720279
Grocery,BTYD,0.78,0.8100699300699302
Grocery,BTYD,0.79,0.8307692307692308
Grocery,BTYD,0.8,0.8307692307692308
Grocery,BTYD,0.81,0.8307692307692308
Grocery,BTYD,0.8200000000000001,0.8307692307692308
Grocery,BTYD,0.8300000000000001,0.8307692307692308
Grocery,BTYD,0.84,0.8413186813186813
Grocery,BTYD,0.85,0.8571428571428571
Grocery,BTYD,0.86,0.8738916256157635
Grocery,BTYD,0.87,0.8850574712643678
Grocery,BTYD,0.88,0.8850574712643678
Grocery,BTYD,0.89,0.8850574712643678
Grocery,BTYD,0.9,0.8850574712643678
Grocery,BTYD,0.91,0.9040229885057472
Grocery,BTYD,0.92,0.9166666666666666
Grocery,BTYD,0.93,0.9166666666666666
Grocery,BTYD,0.9400000000000001,0.9500000000000003
Grocery,BTYD,0.9500000000000001,1.0
Grocery,BTYD,0.96,1.0
Grocery,BTYD,0.97,1.0
Grocery,BTYD,0.98,1.0
Grocery,BTYD,0.99,1.0
Grocery,BTYD,1.0,1.0
Grocery,ML,0.01,0.06258503401360545
Grocery,ML,0.02,0.06258503401360545
Grocery,ML,0.03,0.06258503401360545
Grocery,ML,0.04,0.06258503401360545
Grocery,ML,0.05,0.06258503401360545
Grocery,ML,0.06,0.06258503401360545
Grocery,ML,0.07,0.11956521739130435
Grocery,ML,0.08,0.11956521739130435
Grocery,ML,0.09,0.12878787878787878
Grocery,ML,0.1,0.12878787878787878
Grocery,ML,0.11,0.12878787878787878
Grocery,ML,0.12,0.12878787878787878
Grocery,ML,0.13,0.12878787878787878
Grocery,ML,0.14,0.12878787878787878
Grocery,ML,0.15,0.12878787878787878
Grocery,ML,0.16,0.12878787878787878
Grocery,ML,0.17,0.12878787878787878
Grocery,ML,0.18,0.12878787878787878
Grocery,ML,0.19,0.12878787878787878
Grocery,ML,0.2,0.13333333333333333
Grocery,ML,0.21,0.13333333333333333
Grocery,ML,0.22,0.13333333333333333
Grocery,ML,0.23,0.15625
Grocery,ML,0.24,0.15625
Grocery,ML,0.25,0.15625
Grocery,ML,0.26,0.3181818181818182
Grocery,ML,0.27,0.3181818181818182
Grocery,ML,0.28,0.3181818181818182
Grocery,ML,0.29,0.3313629522278351
Grocery,ML,0.3,0.36
Grocery,ML,0.31,0.36
Grocery,ML,0.32,0.36
Grocery,ML,0.33,0.36
Grocery,ML,0.34,0.36
Grocery,ML,0.35000000000000003,0.36
Grocery,ML,0.36,0.4426229508196721
Grocery,ML,0.37,0.4426229508196721
Grocery,ML,0.38,0.4426229508196721
Grocery,ML,0.39,0.4426229508196721
Grocery,ML,0.4,0.4426229508196721
Grocery,ML,0.41000000000000003,0.4426229508196721
Grocery,ML,0.42,0.4426229508196721
Grocery,ML,0.43,0.4426229508196721
Grocery,ML,0.44,0.4426229508196721
Grocery,ML,0.45,0.4426229508196721
Grocery,ML,0.46,0.4426229508196721
Grocery,ML,0.47000000000000003,0.5357142857142858
Grocery,ML,0.48,0.5357142857142858
Grocery,ML,0.49,0.5357142857142858
Grocery,ML,0.5,0.5357142857142858
Grocery,ML,0.51,0.5394774611652092
Grocery,ML,0.52,0.5466666666666666
Grocery,ML,0.53,0.5466666666666666
Grocery,ML,0.54,0.5466666666666666
Grocery,ML,0.55,0.5466666666666666
Grocery,ML,0.56,0.5466666666666666
Grocery,ML,0.5700000000000001,0.5466666666666666
Grocery,ML,0.58,0.5466666666666666
Grocery,ML,0.59,0.5466666666666666
Grocery,ML,0.6,0.5466666666666666
Grocery,ML,0.61,0.5466666666666666
Grocery,ML,0.62,0.5466666666666666
Grocery,ML,0.63,0.5466666666666666
Grocery,ML,0.64,0.5466666666666666
Grocery,ML,0.65,0.5466666666666666
Grocery,ML,0.66,0.5466666666666666
Grocery,ML,0.67,0.5466666666666666
Grocery,ML,0.68,0.5466666666666666
Grocery,ML,0.6900000000000001,0.6304347826086957
Grocery,ML,0.7000000000000001,0.6304347826086957
Grocery,ML,0.71,0.6304347826086957
Grocery,ML,0.72,0.6304347826086957
Grocery,ML,0.73,0.6304347826086957
Grocery,ML,0.74,0.6304347826086957
Grocery,ML,0.75,0.6304347826086957
Grocery,ML,0.76,0.6304347826086957
Grocery,ML,0.77,0.6363636363636364
Grocery,ML,0.78,0.6363636363636364
Grocery,ML,0.79,0.6842105263157895
Grocery,ML,0.8,0.6842105263157895
Grocery,ML,0.81,0.6842105263157895
Grocery,ML,0.8200000000000001,0.7887323943661971
Grocery,ML,0.8300000000000001,0.7887323943661971
Grocery,ML,0.84,0.7887323943661971
Grocery,ML,0.85,0.7887323943661971
Grocery,ML,0.86,0.7887323943661971
Grocery,ML,0.87,0.7887323943661971
Grocery,ML,0.88,0.7887323943661971
Grocery,ML,0.89,0.7887323943661971
Grocery,ML,0.9,0.7887323943661971
Grocery,ML,0.91,0.800828967883103
Grocery,ML,0.92,0.8125
Grocery,ML,0.93,0.8125
Grocery,ML,0.9400000000000001,0.8125
Grocery,ML,0.9500000000000001,0.8125
Grocery,ML,0.96,0.8888888888888888
Grocery,ML,0.97,0.896551724137931
Grocery,ML,0.98,0.9411764705882353
Grocery,ML,0.99,0.9411764705882353
OnlineRetailII,BTYD,0.12,0.0
OnlineRetailII,BTYD,0.13,0.0
OnlineRetailII,BTYD,0.14,0.0
OnlineRetailII,BTYD,0.15,0.0
OnlineRetailII,BTYD,0.16,0.054545454545454605
OnlineRetailII,BTYD,0.17,0.09090909090909091
OnlineRetailII,BTYD,0.18,0.09090909090909091
OnlineRetailII,BTYD,0.19,0.12582573136206357
OnlineRetailII,BTYD,0.2,0.1782006920415225
OnlineRetailII,BTYD,0.21,0.1782006920415225
OnlineRetailII,BTYD,0.22,0.1782006920415225
OnlineRetailII,BTYD,0.23,0.1782006920415225
OnlineRetailII,BTYD,0.24,0.1782006920415225
OnlineRetailII,BTYD,0.25,0.1782006920415225
OnlineRetailII,BTYD,0.26,0.1782006920415225
OnlineRetailII,BTYD,0.27,0.1782006920415225
OnlineRetailII,BTYD,0.28,0.1782006920415225
OnlineRetailII,BTYD,0.29,0.1782006920415225
OnlineRetailII,BTYD,0.3,0.1782006920415225
OnlineRetailII,BTYD,0.31,0.1782006920415225
OnlineRetailII,BTYD,0.32,0.1782006920415225
OnlineRetailII,BTYD,0.33,0.1782006920415225
OnlineRetailII,BTYD,0.34,0.1782006920415225
OnlineRetailII,BTYD,0.35000000000000003,0.17820069204152267
OnlineRetailII,BTYD,0.36,0.20728027681660902
OnlineRetailII,BTYD,0.37,0.22727927927927927
OnlineRetailII,BTYD,0.38,0.22911711711711713
OnlineRetailII,BTYD,0.39,0.23014553014553016
OnlineRetailII,BTYD,0.4,0.23076923076923078
OnlineRetailII,BTYD,0.41000000000000003,0.23076923076923078
OnlineRetailII,BTYD,0.42,0.2454849498327758
OnlineRetailII,BTYD,0.43,0.2896321070234113
OnlineRetailII,BTYD,0.44,0.30434782608695654
OnlineRetailII,BTYD,0.45,0.30434782608695654
OnlineRetailII,BTYD,0.46,0.30434782608695654
OnlineRetailII,BTYD,0.47000000000000003,0.30434782608695654
OnlineRetailII,BTYD,0.48,0.30434782608695654
OnlineRetailII,BTYD,0.49,0.30434782608695654
OnlineRetailII,BTYD,0.5,0.30434782608695654
OnlineRetailII,BTYD,0.51,0.30434782608695654
OnlineRetailII,BTYD,0.52,0.30434782608695654
OnlineRetailII,BTYD,0.53,0.30434782608695654
OnlineRetailII,BTYD,0.54,0.30434782608695654
OnlineRetailII,BTYD,0.55,0.30434782608695654
OnlineRetailII,BTYD,0.56,0.30434782608695654
OnlineRetailII,BTYD,0.5700000000000001,0.3160777924854905
OnlineRetailII,BTYD,0.58,0.35126769168109134
OnlineRetailII,BTYD,0.59,0.3629976580796253
OnlineRetailII,BTYD,0.6,0.3629976580796253
OnlineRetailII,BTYD,0.61,0.3629976580796253
OnlineRetailII,BTYD,0.62,0.3723653395784543
OnlineRetailII,BTYD,0.63,0.4004683840749415
OnlineRetailII,BTYD,0.64,0.4175718296191038
OnlineRetailII,BTYD,0.65,0.42917547568710357
OnlineRetailII,BTYD,0.66,0.42917547568710357
OnlineRetailII,BTYD,0.67,0.42917547568710357
OnlineRetailII,BTYD,0.68,0.42917547568710357
OnlineRetailII,BTYD,0.6900000000000001,0.42917547568710357
OnlineRetailII,BTYD,0.7000000000000001,0.42917547568710374
OnlineRetailII,BTYD,0.71,0.44246665045183253
OnlineRetailII,BTYD,0.72,0.45721579305650095
OnlineRetailII,BTYD,0.73,0.4748808713410484
OnlineRetailII,BTYD,0.74,0.5160170940170942
OnlineRetailII,BTYD,0.75,0.5688888888888889
OnlineRetailII,BTYD,0.76,0.5688888888888889
OnlineRetailII,BTYD,0.77,0.5703184843830005
OnlineRetailII,BTYD,0.78,0.5746072708653354
OnlineRetailII,BTYD,0.79,0.576036866359447
OnlineRetailII,BTYD,0.8,0.576036866359447
OnlineRetailII,BTYD,0.81,0.5823378234668557
OnlineRetailII,BTYD,0.8200000000000001,0.6079242365674531
OnlineRetailII,BTYD,0.8300000000000001,0.6720815616544262
OnlineRetailII,BTYD,0.84,0.6934673366834171
OnlineRetailII,BTYD,0.85,0.6934673366834171
OnlineRetailII,BTYD,0.86,0.7079478631066357
OnlineRetailII,BTYD,0.87,0.7176015473887815
OnlineRetailII,BTYD,0.88,0.7176015473887815
OnlineRetailII,BTYD,0.89,0.7176015473887815
OnlineRetailII,BTYD,0.9,0.7176015473887815
OnlineRetailII,BTYD,0.91,0.7176015473887815
OnlineRetailII,BTYD,0.92,0.739571433989457
OnlineRetailII,BTYD,0.93,0.805481093791482
OnlineRetailII,BTYD,0.9400000000000001,0.8274509803921568
OnlineRetailII,BTYD,0.9500000000000001,0.827450980392157
OnlineRetailII,BTYD,0.96,0.8522918675666987
OnlineRetailII,BTYD,0.97,0.8754500653726239
OnlineRetailII,BTYD,0.98,0.8952428844413155
OnlineRetailII,BTYD,0.99,0.9241231624030559
OnlineRetailII,BTYD,1.0,0.9575471698113207
OnlineRetailII,ML,0.04,0.13930348258706468
OnlineRetailII,ML,0.05,0.13930348258706468
OnlineRetailII,ML,0.06,0.13930348258706468
OnlineRetailII,ML,0.07,0.13930348258706468
OnlineRetailII,ML,0.08,0.13930348258706468
OnlineRetailII,ML,0.09,0.13930348258706468
OnlineRetailII,ML,0.1,0.13930348258706468
OnlineRetailII,ML,0.11,0.13930348258706468
OnlineRetailII,ML,0.12,0.13930348258706468
OnlineRetailII,ML,0.13,0.18811881188118812
OnlineRetailII,ML,0.14,0.18811881188118812
OnlineRetailII,ML,0.15,0.18811881188118812
OnlineRetailII,ML,0.16,0.18811881188118812
OnlineRetailII,ML,0.17,0.2
OnlineRetailII,ML,0.18,0.2222222222222222
OnlineRetailII,ML,0.19,0.2967836257309942
OnlineRetailII,ML,0.2,0.2967836257309942
OnlineRetailII,ML,0.21,0.2967836257309942
OnlineRetailII,ML,0.22,0.2967836257309942
OnlineRetailII,ML,0.23,0.2967836257309942
OnlineRetailII,ML,0.24,0.2967836257309942
OnlineRetailII,ML,0.25,0.3175745118191161
OnlineRetailII,ML,0.26,0.3175745118191161
OnlineRetailII,ML,0.27,0.3175745118191161
OnlineRetailII,ML,0.28,0.3175745118191161
OnlineRetailII,ML,0.29,0.3175745118191161
OnlineRetailII,ML,0.3,0.3175745118191161
OnlineRetailII,ML,0.31,0.3175745118191161
OnlineRetailII,ML,0.32,0.3175745118191161
OnlineRetailII,ML,0.33,0.3175745118191161
OnlineRetailII,ML,0.34,0.3175745118191161
OnlineRetailII,ML,0.35000000000000003,0.34201954397394135
OnlineRetailII,ML,0.36,0.34201954397394135
OnlineRetailII,ML,0.37,0.34201954397394135
OnlineRetailII,ML,0.38,0.34201954397394135
OnlineRetailII,ML,0.39,0.34558823529411764
OnlineRetailII,ML,0.4,0.34558823529411764
OnlineRetailII,ML,0.41000000000000003,0.43257443082311736
OnlineRetailII,ML,0.42,0.43257443082311736
OnlineRetailII,ML,0.43,0.43257443082311736
OnlineRetailII,ML,0.44,0.43257443082311736
OnlineRetailII,ML,0.45,0.43257443082311736
OnlineRetailII,ML,0.46,0.43257443082311736
OnlineRetailII,ML,0.47000000000000003,0.43257443082311736
OnlineRetailII,ML,0.48,0.43257443082311736
OnlineRetailII,ML,0.49,0.43257443082311736
OnlineRetailII,ML,0.5,0.43257443082311736
OnlineRetailII,ML,0.51,0.43257443082311736
OnlineRetailII,ML,0.52,0.43257443082311736
OnlineRetailII,ML,0.53,0.43257443082311736
OnlineRetailII,ML,0.54,0.43257443082311736
OnlineRetailII,ML,0.55,0.5873015873015873
OnlineRetailII,ML,0.56,0.5873015873015873
OnlineRetailII,ML,0.5700000000000001,0.5873015873015873
OnlineRetailII,ML,0.58,0.6137931034482759
OnlineRetailII,ML,0.59,0.6137931034482759
OnlineRetailII,ML,0.6,0.6137931034482759
OnlineRetailII,ML,0.61,0.6137931034482759
OnlineRetailII,ML,0.62,0.6785714285714286
OnlineRetailII,ML,0.63,0.6838046272493573
OnlineRetailII,ML,0.64,0.6838046272493573
OnlineRetailII,ML,0.65,0.6838046272493573
OnlineRetailII,ML,0.66,0.6838046272493573
OnlineRetailII,ML,0.67,0.6838046272493573
OnlineRetailII,ML,0.68,0.6838046272493573
OnlineRetailII,ML,0.6900000000000001,0.6838046272493573
OnlineRetailII,ML,0.7000000000000001,0.6838046272493573
OnlineRetailII,ML,0.71,0.6838046272493573
OnlineRetailII,ML,0.72,0.6838046272493573
OnlineRetailII,ML,0.73,0.6838046272493573
OnlineRetailII,ML,0.74,0.7021276595744681
OnlineRetailII,ML,0.75,0.7269230769230769
OnlineRetailII,ML,0.76,0.7269230769230769
OnlineRetailII,ML,0.77,0.7269230769230769
OnlineRetailII,ML,0.78,0.7269230769230769
OnlineRetailII,ML,0.79,0.7269230769230769
OnlineRetailII,ML,0.8,0.7269230769230769
OnlineRetailII,ML,0.81,0.7269230769230769
OnlineRetailII,ML,0.8200000000000001,0.7269230769230769
OnlineRetailII,ML,0.8300000000000001,0.7269230769230769
OnlineRetailII,ML,0.84,0.7482014388489209
OnlineRetailII,ML,0.85,0.7482014388489209
OnlineRetailII,ML,0.86,0.7482014388489209
OnlineRetailII,ML,0.87,0.7482014388489209
OnlineRetailII,ML,0.88,0.8385964912280702
OnlineRetailII,ML,0.89,0.8385964912280702
OnlineRetailII,ML,0.9,0.8385964912280702
OnlineRetailII,ML,0.91,0.8385964912280702
OnlineRetailII,ML,0.92,0.8385964912280702
OnlineRetailII,ML,0.93,0.8385964912280702
OnlineRetailII,ML,0.9400000000000001,0.8385964912280702
OnlineRetailII,ML,0.9500000000000001,0.8387096774193549
OnlineRetailII,ML,0.96,0.8461538461538461
OnlineRetailII,ML,0.97,0.8571428571428571
OnlineRetailII,ML,0.98,0.9423076923076923
OnlineRetailII,ML,0.99,0.9423076923076923
Dunnhumby,BTYD,0.0,0.7209302325581395
Dunnhumby,BTYD,0.01,0.7209302325581395
Dunnhumby,BTYD,0.02,0.7209302325581395
Dunnhumby,BTYD,0.03,0.7209302325581395
Dunnhumby,BTYD,0.04,0.7209302325581395
Dunnhumby,BTYD,0.05,0.7209302325581395
Dunnhumby,BTYD,0.06,0.7209302325581395
Dunnhumby,BTYD,0.07,0.7209302325581395
Dunnhumby,BTYD,0.08,0.7209302325581395
Dunnhumby,BTYD,0.09,0.7209302325581395
Dunnhumby,BTYD,0.1,0.7209302325581395
Dunnhumby,BTYD,0.11,0.7209302325581395
Dunnhumby,BTYD,0.12,0.7209302325581395
Dunnhumby,BTYD,0.13,0.7209302325581395
Dunnhumby,BTYD,0.14,0.7209302325581395
Dunnhumby,BTYD,0.15,0.7209302325581395
Dunnhumby,BTYD,0.16,0.7209302325581395
Dunnhumby,BTYD,0.17,0.7209302325581395
Dunnhumby,BTYD,0.18,0.7209302325581395
Dunnhumby,BTYD,0.19,0.7209302325581395
Dunnhumby,BTYD,0.2,0.7209302325581395
Dunnhumby,BTYD,0.21,0.7209302325581395
Dunnhumby,BTYD,0.22,0.7209302325581395
Dunnhumby,BTYD,0.23,0.7209302325581395
Dunnhumby,BTYD,0.24,0.7450581395348836
Dunnhumby,BTYD,0.25,0.78125
Dunnhumby,BTYD,0.26,0.78125
Dunnhumby,BTYD,0.27,0.78125
Dunnhumby,BTYD,0.28,0.78125
Dunnhumby,BTYD,0.29,0.78125
Dunnhumby,BTYD,0.3,0.78125
Dunnhumby,BTYD,0.31,0.78125
Dunnhumby,BTYD,0.32,0.78125
Dunnhumby,BTYD,0.33,0.78125
Dunnhumby,BTYD,0.34,0.7887500000000001
Dunnhumby,BTYD,0.35000000000000003,0.8
Dunnhumby,BTYD,0.36,0.8064864864864866
Dunnhumby,BTYD,0.37,0.8108108108108109
Dunnhumby,BTYD,0.38,0.8108108108108109
Dunnhumby,BTYD,0.39,0.8108108108108109
Dunnhumby,BTYD,0.4,0.8108108108108109
Dunnhumby,BTYD,0.41000000000000003,0.8108108108108109
Dunnhumby,BTYD,0.42,0.8108108108108109
Dunnhumby,BTYD,0.43,0.8108108108108109
Dunnhumby,BTYD,0.44,0.8108108108108109
Dunnhumby,BTYD,0.45,0.8108108108108109
Dunnhumby,BTYD,0.46,0.8108108108108109
Dunnhumby,BTYD,0.47000000000000003,0.8205784732100523
Dunnhumby,BTYD,0.48,0.8498814604077761
Dunnhumby,BTYD,0.49,0.8596491228070176
Dunnhumby,BTYD,0.5,0.8596491228070176
Dunnhumby,BTYD,0.51,0.8596491228070176
Dunnhumby,BTYD,0.52,0.8596491228070176
Dunnhumby,BTYD,0.53,0.8596491228070176
Dunnhumby,BTYD,0.54,0.8596491228070176
Dunnhumby,BTYD,0.55,0.8596491228070176
Dunnhumby,BTYD,0.56,0.8596491228070176
Dunnhumby,BTYD,0.5700000000000001,0.8596491228070176
Dunnhumby,BTYD,0.58,0.8596491228070176
Dunnhumby,BTYD,0.59,0.8596491228070176
Dunnhumby,BTYD,0.6,0.8596491228070176
Dunnhumby,BTYD,0.61,0.8596491228070176
Dunnhumby,BTYD,0.62,0.8596491228070176
Dunnhumby,BTYD,0.63,0.8596491228070176
Dunnhumby,BTYD,0.64,0.8596491228070176
Dunnhumby,BTYD,0.65,0.8596491228070176
Dunnhumby,BTYD,0.66,0.8596491228070176
Dunnhumby,BTYD,0.67,0.8596491228070176
Dunnhumby,BTYD,0.68,0.8596491228070176
Dunnhumby,BTYD,0.6900000000000001,0.8596491228070176
Dunnhumby,BTYD,0.7000000000000001,0.8596491228070176
Dunnhumby,BTYD,0.71,0.8596491228070176
Dunnhumby,BTYD,0.72,0.8596491228070176
Dunnhumby,BTYD,0.73,0.8596491228070176
Dunnhumby,BTYD,0.74,0.8596491228070176
Dunnhumby,BTYD,0.75,0.8596491228070176
Dunnhumby,BTYD,0.76,0.867263904441956
Dunnhumby,BTYD,0.77,0.8723404255319149
Dunnhumby,BTYD,0.78,0.8723404255319149
Dunnhumby,BTYD,0.79,0.8723404255319149
Dunnhumby,BTYD,0.8,0.8723404255319149
Dunnhumby,BTYD,0.81,0.8723404255319149
Dunnhumby,BTYD,0.8200000000000001,0.8802899228431145
Dunnhumby,BTYD,0.8300000000000001,0.9041384147767128
Dunnhumby,BTYD,0.84,0.9120879120879121
Dunnhumby,BTYD,0.85,0.9120879120879121
Dunnhumby,BTYD,0.86,0.9120879120879121
Dunnhumby,BTYD,0.87,0.9120879120879121
Dunnhumby,BTYD,0.88,0.9120879120879121
Dunnhumby,BTYD,0.89,0.9120879120879121
Dunnhumby,BTYD,0.9,0.9120879120879121
Dunnhumby,BTYD,0.91,0.9120879120879121
Dunnhumby,BTYD,0.92,0.9203680040889345
Dunnhumby,BTYD,0.93,0.9452082800920012
Dunnhumby,BTYD,0.9400000000000001,0.9589062100690008
Dunnhumby,BTYD,0.9500000000000001,0.9670329670329672
Dunnhumby,BTYD,0.96,0.9726955397543633
Dunnhumby,BTYD,0.97,0.9782658676776324
Dunnhumby,BTYD,0.98,0.9836517060046472
Dunnhumby,BTYD,0.99,0.9898267498267499
Dunnhumby,BTYD,1.0,0.9963963963963964
Dunnhumby,ML,0.1,0.5
Dunnhumby,ML,0.11,0.5
Dunnhumby,ML,0.12,0.5425292053809284
Dunnhumby,ML,0.13,0.585212229647429
Dunnhumby,ML,0.14,0.6
Dunnhumby,ML,0.15,0.6
Dunnhumby,ML,0.16,0.6
Dunnhumby,ML,0.17,0.6
Dunnhumby,ML,0.18,0.6
Dunnhumby,ML,0.19,0.6
Dunnhumby,ML,0.2,0.6
Dunnhumby,ML,0.21,0.6
Dunnhumby,ML,0.22,0.6
Dunnhumby,ML,0.23,0.6896551724137931
Dunnhumby,ML,0.24,0.6896551724137931
Dunnhumby,ML,0.25,0.6896551724137931
Dunnhumby,ML,0.26,0.6896551724137931
Dunnhumby,ML,0.27,0.6896551724137931
Dunnhumby,ML,0.28,0.6896551724137931
Dunnhumby,ML,0.29,0.6896551724137931
Dunnhumby,ML,0.3,0.6896551724137931
Dunnhumby,ML,0.31,0.6896551724137931
Dunnhumby,ML,0.32,0.6896551724137931
Dunnhumby,ML,0.33,0.6896551724137931
Dunnhumby,ML,0.34,0.6896551724137931
Dunnhumby,ML,0.35000000000000003,0.6896551724137931
Dunnhumby,ML,0.36,0.6896551724137931
Dunnhumby,ML,0.37,0.6896551724137931
Dunnhumby,ML,0.38,0.6896551724137931
Dunnhumby,ML,0.39,0.6896551724137931
Dunnhumby,ML,0.4,0.6896551724137931
Dunnhumby,ML,0.41000000000000003,0.6896551724137931
Dunnhumby,ML,0.42,0.6896551724137931
Dunnhumby,ML,0.43,0.6896551724137931
Dunnhumby,ML,0.44,0.6896551724137931
Dunnhumby,ML,0.45,0.6896551724137931
Dunnhumby,ML,0.46,0.6896551724137931
Dunnhumby,ML,0.47000000000000003,0.6896551724137931
Dunnhumby,ML,0.48,0.6896551724137931
Dunnhumby,ML,0.49,0.6896551724137931
Dunnhumby,ML,0.5,0.6896551724137931
Dunnhumby,ML,0.51,0.6896551724137931
Dunnhumby,ML,0.52,0.6896551724137931
Dunnhumby,ML,0.53,0.6896551724137931
Dunnhumby,ML,0.54,0.6896551724137931
Dunnhumby,ML,0.55,0.6896551724137931
Dunnhumby,ML,0.56,0.6896551724137931
Dunnhumby,ML,0.5700000000000001,0.6896551724137931
Dunnhumby,ML,0.58,0.6896551724137931
Dunnhumby,ML,0.59,0.6896551724137931
Dunnhumby,ML,0.6,0.6896551724137931
Dunnhumby,ML,0.61,0.6896551724137931
Dunnhumby,ML,0.62,0.6896551724137931
Dunnhumby,ML,0.63,0.6896551724137931
Dunnhumby,ML,0.64,0.6896551724137931
Dunnhumby,ML,0.65,0.6896551724137931
Dunnhumby,ML,0.66,0.6896551724137931
Dunnhumby,ML,0.67,0.8072289156626506
Dunnhumby,ML,0.68,0.8072289156626506
Dunnhumby,ML,0.6900000000000001,0.8072289156626506
Dunnhumby,ML,0.7000000000000001,0.8072289156626506
Dunnhumby,ML,0.71,0.8072289156626506
Dunnhumby,ML,0.72,0.8072289156626506
Dunnhumby,ML,0.73,0.8072289156626506
Dunnhumby,ML,0.74,0.8072289156626506
Dunnhumby,ML,0.75,0.8072289156626506
Dunnhumby,ML,0.76,0.8072289156626506
Dunnhumby,ML,0.77,0.8072289156626506
Dunnhumby,ML,0.78,0.8072289156626506
Dunnhumby,ML,0.79,0.8072289156626506
Dunnhumby,ML,0.8,0.8072289156626506
Dunnhumby,ML,0.81,0.8072289156626506
Dunnhumby,ML,0.8200000000000001,0.8072289156626506
Dunnhumby,ML,0.8300000000000001,0.8072289156626506
Dunnhumby,ML,0.84,0.8571428571428571
Dunnhumby,ML,0.85,0.8627450980392157
Dunnhumby,ML,0.86,0.8627450980392157
Dunnhumby,ML,0.87,0.8627450980392157
Dunnhumby,ML,0.88,0.8627450980392157
Dunnhumby,ML,0.89,0.8627450980392157
Dunnhumby,ML,0.9,0.8627450980392157
Dunnhumby,ML,0.91,0.8627450980392157
Dunnhumby,ML,0.92,0.8627450980392157
Dunnhumby,ML,0.93,0.8627450980392157
Dunnhumby,ML,0.9400000000000001,0.875
Dunnhumby,ML,0.9500000000000001,0.875
Dunnhumby,ML,0.96,0.8983739837398373
Dunnhumby,ML,0.97,0.8983739837398373
Dunnhumby,ML,0.98,0.8983739837398373
Dunnhumby,ML,0.99,0.8983739837398373
