N,T,rep,horizon,method,cond,n_active,pct_active,E_lambda,E_mu,CV_lambda,CV_mu,nMAE,nRMSE,nMdAE,CRPS,cov50,cov80,cov95,sharpness_std,pit_ks
300,26,0,13,MCMC,all,165,0.55,0.2845659755858361,0.10755760603509847,0.612149256476251,2.067000541528275,0.5758785942492013,1.0489443615353247,0.47923322683706077,0.8758187716262974,0.78,0.9166666666666666,0.9866666666666667,1.7545670705075578,0.03250385104299586
300,26,0,13,MCMC,active,165,0.55,0.2845659755858361,0.10755760603509847,0.612149256476251,2.067000541528275,0.5215654952076677,0.7524686581141639,0.26357827476038337,1.4245884450036699,0.6424242424242425,0.8606060606060606,0.9757575757575757,2.3678277447496825,0.16351806360682847
300,26,0,13,MLE_plugin,all,165,0.55,0.2845659755858361,0.10755760603509847,0.612149256476251,2.067000541528275,0.5758785942492013,1.0314653314711288,0.47923322683706077,0.8771763541666666,0.7666666666666667,0.9233333333333333,0.97,1.7595743079960653,0.031394038225262544
300,26,0,13,MLE_plugin,active,165,0.55,0.2845659755858361,0.10755760603509847,0.612149256476251,2.067000541528275,0.507188498402556,0.7331968191144966,0.26357827476038337,1.4007693181818182,0.6303030303030303,0.8666666666666667,0.9454545454545454,2.3724729100025117,0.1324743227175666
300,26,0,13,MLE_boot,all,165,0.55,0.2845659755858361,0.10755760603509847,0.612149256476251,2.067000541528275,0.5718849840255592,1.037847020497175,0.47923322683706077,0.878717477808387,0.7666666666666667,0.9233333333333333,0.98,1.773542282513447,0.03470871629350436
300,26,0,13,MLE_boot,active,165,0.55,0.2845659755858361,0.10755760603509847,0.612149256476251,2.067000541528275,0.512779552715655,0.7426826642880721,0.26357827476038337,1.4238250271308124,0.6242424242424243,0.8666666666666667,0.9636363636363636,2.4035472164441085,0.14889544346886974
300,26,0,13,heuristic,all,165,0.55,0.2845659755858361,0.10755760603509847,0.612149256476251,2.067000541528275,0.7667731629392972,1.1777832965601767,0.47923322683706077,1.6,0.33,0.33,0.33,0.0,0.4824583445821656
300,26,0,13,heuristic,active,165,0.55,0.2845659755858361,0.10755760603509847,0.612149256476251,2.067000541528275,0.5351437699680511,0.7696879503247889,0.5271565495207667,2.0303030303030303,0.23636363636363636,0.23636363636363636,0.23636363636363636,0.0,0.4233674354912565
300,26,0,26,MCMC,all,174,0.58,0.2845659755858361,0.10755760603509847,0.612149256476251,2.067000541528275,0.5468227424749164,0.9055033397242096,0.2508361204013378,1.5418530276816609,0.7233333333333334,0.8933333333333333,0.98,3.0885019579094273,0.04144803652176349
300,26,0,26,MCMC,active,174,0.58,0.2845659755858361,0.10755760603509847,0.612149256476251,2.067000541528275,0.5096153846153846,0.670176189844759,0.43645484949832775,2.427868740802609,0.5574712643678161,0.8333333333333334,0.9655172413793104,4.109197692512383,0.18119738201779317
300,26,0,26,MLE_plugin,all,174,0.58,0.2845659755858361,0.10755760603509847,0.612149256476251,2.067000541528275,0.5560200668896321,0.9010336975617439,0.2508361204013378,1.5389033541666668,0.69,0.9033333333333333,0.9766666666666667,3.041773980081387,0.02114118844605614
300,26,0,26,MLE_plugin,active,174,0.58,0.2845659755858361,0.10755760603509847,0.612149256476251,2.067000541528275,0.5016722408026756,0.6554714678445825,0.43645484949832775,2.3731753591954017,0.5172413793103449,0.8505747126436781,0.9597701149425287,4.036061188469127,0.1507475559652246
300,26,0,26,MLE_boot,all,174,0.58,0.2845659755858361,0.10755760603509847,0.612149256476251,2.067000541528275,0.5376254180602007,0.902080532392052,0.2508361204013378,1.5257669072883722,0.71,0.8966666666666666,0.98,3.105851325777209,0.04119759306273513
300,26,0,26,MLE_boot,active,174,0.58,0.2845659755858361,0.10755760603509847,0.612149256476251,2.067000541528275,0.4966555183946488,0.6658742349520416,0.43645484949832775,2.389693331198904,0.5344827586206896,0.8390804597701149,0.9655172413793104,4.126810469992797,0.1685789901202821
300,26,0,26,heuristic,all,174,0.58,0.2845659755858361,0.10755760603509847,0.612149256476251,2.067000541528275,0.7257525083612041,1.0781090916190332,0.5016722408026756,2.8933333333333335,0.25,0.25,0.25,0.0,0.5066666666666667
300,26,0,26,heuristic,active,174,0.58,0.2845659755858361,0.10755760603509847,0.612149256476251,2.067000541528275,0.5242474916387959,0.7090488339167111,0.43645484949832775,3.603448275862069,0.09770114942528736,0.09770114942528736,0.09770114942528736,0.0,0.4827586206896552
300,26,0,52,MCMC,all,179,0.5966666666666667,0.2845659755858361,0.10755760603509847,0.612149256476251,2.067000541528275,0.5653298835705045,0.9557637024278353,0.258732212160414,3.102628633217993,0.7066666666666667,0.8733333333333333,0.9633333333333334,5.741981019383678,0.05965681850580079
300,26,0,52,MCMC,active,179,0.5966666666666667,0.2845659755858361,0.10755760603509847,0.612149256476251,2.067000541528275,0.5329883570504528,0.7230337391886235,0.3859422164726175,4.836278247085886,0.5363128491620112,0.7988826815642458,0.9385474860335196,7.580600997249732,0.2074315795265131
300,26,0,52,MLE_plugin,all,179,0.5966666666666667,0.2845659755858361,0.10755760603509847,0.612149256476251,2.067000541528275,0.5521776627856835,0.936445907865969,0.258732212160414,3.057887020833333,0.68,0.87,0.9666666666666667,5.686821336653047,0.03036410125861355
300,26,0,52,MLE_plugin,active,179,0.5966666666666667,0.2845659755858361,0.10755760603509847,0.612149256476251,2.067000541528275,0.5051746442432083,0.69865552638372,0.3859422164726175,4.669921194134078,0.5027932960893855,0.7932960893854749,0.9441340782122905,7.46139709358984,0.15150246039748694
300,26,0,52,MLE_boot,all,179,0.5966666666666667,0.2845659755858361,0.10755760603509847,0.612149256476251,2.067000541528275,0.5601552393272963,0.9484103252699188,0.258732212160414,3.0632315154916165,0.7233333333333334,0.8733333333333333,0.9733333333333334,5.7708471325481545,0.04546480340830611
300,26,0,52,MLE_boot,active,179,0.5966666666666667,0.2845659755858361,0.10755760603509847,0.612149256476251,2.067000541528275,0.5232858990944372,0.714670203281368,0.3859422164726175,4.750305877464334,0.5754189944134078,0.7988826815642458,0.9553072625698324,7.606334292541996,0.19324436703117093
300,26,0,52,heuristic,all,179,0.5966666666666667,0.2845659755858361,0.10755760603509847,0.612149256476251,2.067000541528275,0.7477360931435963,1.1411136779914888,0.45278137128072443,5.78,0.22666666666666666,0.22666666666666666,0.22666666666666666,0.0,0.5366666666666666
300,26,0,52,heuristic,active,179,0.5966666666666667,0.2845659755858361,0.10755760603509847,0.612149256476251,2.067000541528275,0.542475204829668,0.768556863699908,0.3859422164726175,7.027932960893855,0.0670391061452514,0.0670391061452514,0.0670391061452514,0.0,0.5363128491620112
300,26,1,13,MCMC,all,29,0.09666666666666666,0.061408944471043794,0.15035852634569716,1.8084394817929303,1.2982177730694384,0.9107142857142857,3.6202026665559446,0.0,0.1356977508650519,0.9333333333333333,0.9566666666666667,0.9733333333333334,0.36553182378780186,0.04721541714801725
300,26,1,13,MCMC,active,29,0.09666666666666666,0.061408944471043794,0.15035852634569716,1.8084394817929303,1.2982177730694384,0.8392857142857142,1.0837093800499114,0.5178571428571428,1.2577073141629878,0.3448275862068966,0.5517241379310345,0.7241379310344828,1.02509367984596,0.4745697277705726
300,26,1,13,MLE_plugin,all,29,0.09666666666666666,0.061408944471043794,0.15035852634569716,1.8084394817929303,1.2982177730694384,0.8392857142857143,3.4855752314184167,0.0,0.13312831249999998,0.94,0.9566666666666667,0.97,0.3594792665545964,0.04605108476977671
300,26,1,13,MLE_plugin,active,29,0.09666666666666666,0.061408944471043794,0.15035852634569716,1.8084394817929303,1.2982177730694384,0.7857142857142856,1.0446047001578331,0.5178571428571428,1.2229620689655174,0.41379310344827586,0.5517241379310345,0.6896551724137931,1.0366739013129027,0.4424911888830282
300,26,1,13,MLE_boot,all,29,0.09666666666666666,0.061408944471043794,0.15035852634569716,1.8084394817929303,1.2982177730694384,1.0,3.8382473678936924,0.0,0.1494605142332415,0.91,0.9466666666666667,0.97,0.28857291991434797,0.07770492994319
300,26,1,13,MLE_boot,active,29,0.09666666666666666,0.061408944471043794,0.15035852634569716,1.8084394817929303,1.2982177730694384,1.0,1.1933596033288303,0.5178571428571428,1.4934264272822264,0.06896551724137931,0.4482758620689655,0.6896551724137931,0.842952510811405,0.6867914182978234
300,26,1,13,heuristic,all,29,0.09666666666666666,0.061408944471043794,0.15035852634569716,1.8084394817929303,1.2982177730694384,1.607142857142857,4.439215319520019,0.0,0.3,0.8033333333333333,0.8033333333333333,0.8033333333333333,0.0,0.16777214794986406
300,26,1,13,heuristic,active,29,0.09666666666666666,0.061408944471043794,0.15035852634569716,1.8084394817929303,1.2982177730694384,0.4821428571428571,0.6867458758224788,0.5178571428571428,0.9310344827586207,0.3448275862068966,0.3448275862068966,0.3448275862068966,0.0,0.38809168025874585
300,26,1,26,MCMC,all,34,0.11333333333333333,0.061408944471043794,0.15035852634569716,1.8084394817929303,1.2982177730694384,0.9110169491525424,3.8199099664364544,0.0,0.2937051903114187,0.9033333333333333,0.9333333333333333,0.9666666666666667,0.5722046829802846,0.051489785076548
300,26,1,26,MCMC,active,34,0.11333333333333333,0.061408944471043794,0.15035852634569716,1.8084394817929303,1.2982177730694384,0.8686440677966101,1.269730804993816,0.576271186440678,2.3817456238550783,0.17647058823529413,0.4117647058823529,0.7058823529411765,1.5003090812869475,0.627439319483176
300,26,1,26,MLE_plugin,all,34,0.11333333333333333,0.061408944471043794,0.15035852634569716,1.8084394817929303,1.2982177730694384,0.9110169491525424,3.731460924624871,0.0,0.28660304166666667,0.9033333333333333,0.9333333333333333,0.9766666666666667,0.5770271646887847,0.054318402454215486
300,26,1,26,MLE_plugin,active,34,0.11333333333333333,0.061408944471043794,0.15035852634569716,1.8084394817929303,1.2982177730694384,0.8601694915254238,1.2385789644557128,0.576271186440678,2.3072187499999997,0.17647058823529413,0.4117647058823529,0.7941176470588235,1.5533593323053143,0.616358300846447
300,26,1,26,MLE_boot,all,34,0.11333333333333333,0.061408944471043794,0.15035852634569716,1.8084394817929303,1.2982177730694384,1.0,4.213492506663069,0.0,0.32062418120599934,0.9,0.9166666666666666,0.9533333333333334,0.49477549819941374,0.0701643150297262
300,26,1,26,MLE_boot,active,34,0.11333333333333333,0.061408944471043794,0.15035852634569716,1.8084394817929303,1.2982177730694384,1.0,1.4184729459598424,0.576271186440678,2.7347255982282714,0.11764705882352941,0.2647058823529412,0.5882352941176471,1.3062639067746142,0.7100789954589117
300,26,1,26,heuristic,all,34,0.11333333333333333,0.061408944471043794,0.15035852634569716,1.8084394817929303,1.2982177730694384,1.4915254237288136,4.088928163327057,0.0,0.5866666666666667,0.7766666666666666,0.7766666666666666,0.7766666666666666,0.0,0.15777214794986405
300,26,1,26,heuristic,active,34,0.11333333333333333,0.061408944471043794,0.15035852634569716,1.8084394817929303,1.2982177730694384,0.5847457627118644,0.7828784020258304,0.288135593220339,2.0294117647058822,0.14705882352941177,0.14705882352941177,0.14705882352941177,0.0,0.6633621179192355
300,26,1,52,MCMC,all,40,0.13333333333333333,0.061408944471043794,0.15035852634569716,1.8084394817929303,1.2982177730694384,0.9404761904761906,3.8441137970088426,0.0,0.5235486447520185,0.89,0.9066666666666666,0.9633333333333334,0.8803272351420847,0.06163352793316201
300,26,1,52,MCMC,active,40,0.13333333333333333,0.061408944471043794,0.15035852634569716,1.8084394817929303,1.2982177730694384,0.9119047619047619,1.3952462213317727,0.38095238095238093,3.695214749134948,0.2,0.3,0.725,2.2356644994018238,0.6045883756654338
300,26,1,52,MLE_plugin,all,40,0.13333333333333333,0.061408944471043794,0.15035852634569716,1.8084394817929303,1.2982177730694384,0.9238095238095237,3.7579846965616874,0.0,0.5139852708333333,0.8933333333333333,0.9133333333333333,0.96,0.9017198115613853,0.0566575483055739
300,26,1,52,MLE_plugin,active,40,0.13333333333333333,0.061408944471043794,0.15035852634569716,1.8084394817929303,1.2982177730694384,0.8904761904761904,1.363269379602045,0.38095238095238093,3.5966218750000003,0.225,0.35,0.7,2.350837713040561,0.5711275836896715
300,26,1,52,MLE_boot,all,40,0.13333333333333333,0.061408944471043794,0.15035852634569716,1.8084394817929303,1.2982177730694384,1.0,4.146960201348047,0.0,0.5590104683195593,0.8733333333333333,0.91,0.95,0.8493905311409806,0.08543809755708343
300,26,1,52,MLE_boot,active,40,0.13333333333333333,0.061408944471043794,0.15035852634569716,1.8084394817929303,1.2982177730694384,1.0,1.5142557649029935,0.47619047619047616,4.050221992653811,0.05,0.325,0.625,2.17753347715901,0.6980750233657209
300,26,1,52,heuristic,all,40,0.13333333333333333,0.061408944471043794,0.15035852634569716,1.8084394817929303,1.2982177730694384,1.6380952380952383,4.362798827065279,0.0,1.1466666666666667,0.7466666666666667,0.7466666666666667,0.7466666666666667,0.0,0.17777214794986407
300,26,1,52,heuristic,active,40,0.13333333333333333,0.061408944471043794,0.15035852634569716,1.8084394817929303,1.2982177730694384,0.6285714285714286,0.8013593892557193,0.38095238095238093,3.3,0.0,0.0,0.0,0.0,0.625
800,39,0,13,MCMC,all,142,0.1775,0.14189039118871857,0.16029145865448002,2.152725973349794,2.168526096962129,0.4373134328358209,1.3090156387630267,0.0,0.2721790116782007,0.9175,0.96125,0.9825,0.6847683799527694,0.029916742962260212
800,39,0,13,MCMC,active,142,0.1775,0.14189039118871857,0.16029145865448002,2.152725973349794,2.168526096962129,0.3492537313432836,0.4986325698764478,0.21194029850746268,1.2052517788391244,0.647887323943662,0.8028169014084507,0.9084507042253521,2.216708796218676,0.2718361974482526
800,39,0,13,MLE_plugin,all,142,0.1775,0.14189039118871857,0.16029145865448002,2.152725973349794,2.168526096962129,0.4544776119402985,1.3186801558872618,0.0,0.27554428124999997,0.915,0.9625,0.9875,0.6946778866881974,0.03537546993133028
800,39,0,13,MLE_plugin,active,142,0.1775,0.14189039118871857,0.16029145865448002,2.152725973349794,2.168526096962129,0.3529850746268656,0.49152428613276095,0.21194029850746268,1.19153838028169,0.6338028169014085,0.8169014084507042,0.9366197183098591,2.1955730335812196,0.2642488197237632
800,39,0,13,MLE_boot,all,142,0.1775,0.14189039118871857,0.16029145865448002,2.152725973349794,2.168526096962129,0.4462686567164179,1.3259243172843467,0.0,0.27417487692582393,0.915,0.965,0.9875,0.699146985497845,0.03318355894477193
800,39,0,13,MLE_boot,active,142,0.1775,0.14189039118871857,0.16029145865448002,2.152725973349794,2.168526096962129,0.3447761194029851,0.4949713713928836,0.21194029850746268,1.179330292539853,0.6338028169014085,0.823943661971831,0.9366197183098591,2.2052573837597014,0.26343666251872283
800,39,0,13,heuristic,all,142,0.1775,0.14189039118871857,0.16029145865448002,2.152725973349794,2.168526096962129,0.7000000000000001,1.9805244675102531,0.0,0.58625,0.7425,0.7425,0.7425,0.0,0.1659191737343731
800,39,0,13,heuristic,active,142,0.1775,0.14189039118871857,0.16029145865448002,2.152725973349794,2.168526096962129,0.3343283582089552,0.481856142377558,0.21194029850746268,1.5774647887323943,0.21830985915492956,0.21830985915492956,0.21830985915492956,0.0,0.5211267605633803
800,39,0,26,MCMC,all,170,0.2125,0.14189039118871857,0.16029145865448002,2.152725973349794,2.168526096962129,0.4099402092675635,1.192493519663396,0.0,0.5064889165224913,0.885,0.93875,0.98,1.1659434539147706,0.02729186093666708
800,39,0,26,MCMC,active,170,0.2125,0.14189039118871857,0.16029145865448002,2.152725973349794,2.168526096962129,0.3352017937219731,0.49441735618897725,0.25411061285500747,1.930806889883981,0.5529411764705883,0.7470588235294118,0.9117647058823529,3.4627844828411285,0.24451359432892023
800,39,0,26,MLE_plugin,all,170,0.2125,0.14189039118871857,0.16029145865448002,2.152725973349794,2.168526096962129,0.4207772795216741,1.2009419227356977,0.0,0.5126447578125,0.88,0.93875,0.98125,1.1695509563845063,0.032552871582339216
800,39,0,26,MLE_plugin,active,170,0.2125,0.14189039118871857,0.16029145865448002,2.152725973349794,2.168526096962129,0.3325859491778774,0.48815972682487585,0.25411061285500747,1.890540992647059,0.5411764705882353,0.7470588235294118,0.9176470588235294,3.373370031021702,0.23524016098811418
800,39,0,26,MLE_boot,all,170,0.2125,0.14189039118871857,0.16029145865448002,2.152725973349794,2.168526096962129,0.41666666666666663,1.1945527721731122,0.0,0.5144861254591367,0.88375,0.9375,0.98125,1.1748345638527347,0.03452138057776413
800,39,0,26,MLE_boot,active,170,0.2125,0.14189039118871857,0.16029145865448002,2.152725973349794,2.168526096962129,0.32884902840059793,0.48292815803087635,0.25411061285500747,1.8853235264108705,0.5588235294117647,0.7411764705882353,0.9176470588235294,3.3727849418743423,0.23764812685979742
800,39,0,26,heuristic,all,170,0.2125,0.14189039118871857,0.16029145865448002,2.152725973349794,2.168526096962129,0.6696562032884903,1.8746087182769364,0.0,1.12,0.63625,0.63625,0.63625,0.0,0.2609164549912491
800,39,0,26,heuristic,active,170,0.2125,0.14189039118871857,0.16029145865448002,2.152725973349794,2.168526096962129,0.30194319880418535,0.46243696300082976,0.25411061285500747,2.376470588235294,0.1588235294117647,0.1588235294117647,0.1588235294117647,0.0,0.4833321776339504
800,39,0,52,MCMC,all,193,0.24125,0.14189039118871857,0.16029145865448002,2.152725973349794,2.168526096962129,0.4075077399380805,1.1641340317096507,0.0,0.9568632893598615,0.85375,0.91875,0.97375,2.1438698634529576,0.0293014552961835
800,39,0,52,MCMC,active,193,0.24125,0.14189039118871857,0.16029145865448002,2.152725973349794,2.168526096962129,0.3378482972136223,0.5153152599767741,0.22407120743034056,3.3031589185506567,0.48186528497409326,0.6994818652849741,0.8963730569948186,6.045663806329495,0.2518964315532424
800,39,0,52,MLE_plugin,all,193,0.24125,0.14189039118871857,0.16029145865448002,2.152725973349794,2.168526096962129,0.4135061919504644,1.1875824633582381,0.0,0.9695805703124999,0.85125,0.9225,0.97875,2.121435612780594,0.03344397533088411
800,39,0,52,MLE_plugin,active,193,0.24125,0.14189039118871857,0.16029145865448002,2.152725973349794,2.168526096962129,0.3306888544891641,0.5121009921013123,0.22407120743034056,3.2277164831606218,0.48186528497409326,0.7202072538860104,0.917098445595855,5.792329182434142,0.22879301260989082
800,39,0,52,MLE_boot,all,193,0.24125,0.14189039118871857,0.16029145865448002,2.152725973349794,2.168526096962129,0.4109907120743034,1.1774122433191465,0.0,0.9606430545990204,0.8575,0.92125,0.97625,2.1270766562197,0.03455366352531353
800,39,0,52,MLE_boot,active,193,0.24125,0.14189039118871857,0.16029145865448002,2.152725973349794,2.168526096962129,0.3266253869969041,0.504989070419152,0.22407120743034056,3.1666829888882013,0.49740932642487046,0.7202072538860104,0.9119170984455959,5.8040325027935555,0.21807568003178635
800,39,0,52,heuristic,all,193,0.24125,0.14189039118871857,0.16029145865448002,2.152725973349794,2.168526096962129,0.6776315789473685,1.9445275512472544,0.0,2.18875,0.6175,0.6175,0.6175,0.0,0.26716645499124914
800,39,0,52,heuristic,active,193,0.24125,0.14189039118871857,0.16029145865448002,2.152725973349794,2.168526096962129,0.3223684210526316,0.5225563178642455,0.22407120743034056,4.316062176165803,0.10362694300518134,0.10362694300518134,0.10362694300518134,0.0,0.4766839378238342
800,39,1,13,MCMC,all,186,0.2325,0.15865654789434752,0.17702723256187855,0.500794244130276,1.5015054291195373,0.7641129032258065,1.813619850326534,0.0,0.3335636461937716,0.88375,0.96125,0.98,0.7151029346937373,0.052065352668608844
800,39,1,13,MCMC,active,186,0.2325,0.15865654789434752,0.17702723256187855,0.500794244130276,1.5015054291195373,0.6108870967741936,0.8200640464759936,0.375,1.1498649402835137,0.5860215053763441,0.8333333333333334,0.9139784946236559,1.5708156366169432,0.25872435259832705
800,39,1,13,MLE_plugin,all,186,0.2325,0.15865654789434752,0.17702723256187855,0.500794244130276,1.5015054291195373,0.7449596774193548,1.7767119223280874,0.0,0.33156351562499997,0.89,0.96,0.98125,0.7074857795326142,0.04637576187207337
800,39,1,13,MLE_plugin,active,186,0.2325,0.15865654789434752,0.17702723256187855,0.500794244130276,1.5015054291195373,0.594758064516129,0.8028270361665706,0.375,1.1396376680107527,0.6129032258064516,0.8279569892473119,0.9193548387096774,1.5633769046700952,0.2541943771745444
800,39,1,13,MLE_boot,all,186,0.2325,0.15865654789434752,0.17702723256187855,0.500794244130276,1.5015054291195373,0.7449596774193548,1.802153224200528,0.0,0.33316931945719824,0.8875,0.95625,0.98125,0.7061020095014351,0.04711536094500707
800,39,1,13,MLE_boot,active,186,0.2325,0.15865654789434752,0.17702723256187855,0.500794244130276,1.5015054291195373,0.5987903225806451,0.8172935519138764,0.375,1.152119551384377,0.5967741935483871,0.8118279569892473,0.9193548387096774,1.5505758005377814,0.24989319317804276
800,39,1,13,heuristic,all,186,0.2325,0.15865654789434752,0.17702723256187855,0.500794244130276,1.5015054291195373,1.0766129032258065,2.0225703554813634,0.0,0.6675,0.60125,0.60125,0.60125,0.0,0.29107426812190296
800,39,1,13,heuristic,active,186,0.2325,0.15865654789434752,0.17702723256187855,0.500794244130276,1.5015054291195373,0.5201612903225807,0.7212220811390765,0.375,1.3870967741935485,0.23655913978494625,0.23655913978494625,0.23655913978494625,0.0,0.4623655913978495
800,39,1,26,MCMC,all,212,0.265,0.15865654789434752,0.17702723256187855,0.500794244130276,1.5015054291195373,0.6716961498439127,1.5478471304025043,0.0,0.5866302227508651,0.86125,0.9425,0.97375,1.1971267337940987,0.036771398452601856
800,39,1,26,MCMC,active,212,0.265,0.15865654789434752,0.17702723256187855,0.500794244130276,1.5015054291195373,0.5535900104058273,0.7463365155859191,0.44120707596253905,1.829621090944702,0.5754716981132075,0.7924528301886793,0.9009433962264151,2.5039500128222945,0.23829842045873778
800,39,1,26,MLE_plugin,all,212,0.265,0.15865654789434752,0.17702723256187855,0.500794244130276,1.5015054291195373,0.6550468262226847,1.5275669360981476,0.0,0.5798131640624999,0.86375,0.9425,0.975,1.1788489418322625,0.037850920889084316
800,39,1,26,MLE_plugin,active,212,0.265,0.15865654789434752,0.17702723256187855,0.500794244130276,1.5015054291195373,0.5400624349635796,0.7351803492107633,0.44120707596253905,1.8065954304245284,0.5754716981132075,0.7877358490566038,0.9056603773584906,2.5032950947946846,0.24545548444032653
800,39,1,26,MLE_boot,all,212,0.265,0.15865654789434752,0.17702723256187855,0.500794244130276,1.5015054291195373,0.6711758584807492,1.5424511104006478,0.0,0.5864827887460463,0.8625,0.9325,0.975,1.175296198207093,0.03570052584055561
800,39,1,26,MLE_boot,active,212,0.265,0.15865654789434752,0.17702723256187855,0.500794244130276,1.5015054291195373,0.553069719042664,0.743370188432638,0.44120707596253905,1.8365867857631006,0.5707547169811321,0.7641509433962265,0.9056603773584906,2.4927563248481275,0.25099001675403815
800,39,1,26,heuristic,all,212,0.265,0.15865654789434752,0.17702723256187855,0.500794244130276,1.5015054291195373,1.1342351716961498,1.8900832532350016,0.8324661810613945,1.3625,0.42125,0.42125,0.42125,0.0,0.47607426812190295
800,39,1,26,heuristic,active,212,0.265,0.15865654789434752,0.17702723256187855,0.500794244130276,1.5015054291195373,0.4963579604578564,0.6821367020007617,0.44120707596253905,2.25,0.17452830188679244,0.17452830188679244,0.17452830188679244,0.0,0.4339622641509434
800,39,1,52,MCMC,all,219,0.27375,0.15865654789434752,0.17702723256187855,0.500794244130276,1.5015054291195373,0.6602373887240356,1.4747983448178905,0.0,0.9873271950692041,0.84875,0.9375,0.97875,2.107459477459679,0.04581535266860881
800,39,1,52,MCMC,active,219,0.27375,0.15865654789434752,0.17702723256187855,0.500794244130276,1.5015054291195373,0.54540059347181,0.7147153929820667,0.3899109792284866,2.998230119606263,0.5616438356164384,0.7899543378995434,0.9223744292237442,4.411531558019035,0.19920605813737524
800,39,1,52,MLE_plugin,all,219,0.27375,0.15865654789434752,0.17702723256187855,0.500794244130276,1.5015054291195373,0.6543026706231454,1.4624234034008654,0.0,0.9838370625,0.855,0.9375,0.97875,2.095912029248737,0.046083305622826254
800,39,1,52,MLE_plugin,active,219,0.27375,0.15865654789434752,0.17702723256187855,0.500794244130276,1.5015054291195373,0.541839762611276,0.708782018742021,0.3899109792284866,2.9779882134703195,0.5799086757990868,0.7945205479452054,0.9223744292237442,4.414805341129122,0.20651088645104798
800,39,1,52,MLE_boot,all,219,0.27375,0.15865654789434752,0.17702723256187855,0.500794244130276,1.5015054291195373,0.6545994065281898,1.4637955427631935,0.0,0.9886852585195388,0.855,0.9325,0.97625,2.072570869932502,0.04234489574613287
800,39,1,52,MLE_boot,active,219,0.27375,0.15865654789434752,0.17702723256187855,0.500794244130276,1.5015054291195373,0.5462908011869436,0.7113483806070141,0.3899109792284866,3.019257947772546,0.5616438356164384,0.771689497716895,0.91324200913242,4.388333617380844,0.2107395103673798
800,39,1,52,heuristic,all,219,0.27375,0.15865654789434752,0.17702723256187855,0.500794244130276,1.5015054291195373,1.204747774480712,2.02379978501575,0.4747774480712166,2.5375,0.395,0.395,0.395,0.0,0.5010742681219029
800,39,1,52,heuristic,active,219,0.27375,0.15865654789434752,0.17702723256187855,0.500794244130276,1.5015054291195373,0.5400593471810089,0.7240171228851014,0.3899109792284866,4.155251141552512,0.0730593607305936,0.0730593607305936,0.0730593607305936,0.0,0.54337899543379
2000,52,0,13,MCMC,all,381,0.1905,0.04580480634458768,0.1706938524858051,0.5391136910324643,2.1284022308575565,0.9857414448669201,2.43872707095559,0.0,0.19664263408304497,0.907,0.941,0.9795,0.49958051302043976,0.018798184954372743
2000,52,0,13,MCMC,active,381,0.1905,0.04580480634458768,0.1706938524858051,0.5391136910324643,2.1284022308575565,0.9115969581749049,1.039211651561982,0.7243346007604562,0.8150647994260234,0.5118110236220472,0.6902887139107612,0.8923884514435696,0.7019068255124081,0.5464181778394387
2000,52,0,13,MLE_plugin,all,381,0.1905,0.04580480634458768,0.1706938524858051,0.5391136910324643,2.1284022308575565,0.9828897338403042,2.449448427134054,0.0,0.197688265625,0.9115,0.942,0.9785,0.5039161382340037,0.016983533937692752
2000,52,0,13,MLE_plugin,active,381,0.1905,0.04580480634458768,0.1706938524858051,0.5391136910324643,2.1284022308575565,0.9144486692015209,1.0459807560481984,0.7243346007604562,0.8034013287401575,0.5354330708661418,0.6955380577427821,0.8871391076115486,0.697118800068234,0.5487523498576312
2000,52,0,13,MLE_boot,all,381,0.1905,0.04580480634458768,0.1706938524858051,0.5391136910324643,2.1284022308575565,0.991444866920152,2.4498172921955734,0.0,0.19698927086521784,0.91,0.9455,0.979,0.5021480136971832,0.016926877423841802
2000,52,0,13,MLE_boot,active,381,0.1905,0.04580480634458768,0.1706938524858051,0.5391136910324643,2.1284022308575565,0.9173003802281369,1.0441689621808927,0.7243346007604562,0.804265446693666,0.5275590551181102,0.7139107611548556,0.889763779527559,0.7014051154107758,0.5345134392265563
2000,52,0,13,heuristic,all,381,0.1905,0.04580480634458768,0.1706938524858051,0.5391136910324643,2.1284022308575565,1.3631178707224334,2.5969887933884688,0.0,0.3585,0.6895,0.6895,0.6895,0.0,0.2045
2000,52,0,13,heuristic,active,381,0.1905,0.04580480634458768,0.1706938524858051,0.5391136910324643,2.1284022308575565,0.5665399239543726,0.7871962210176193,0.7243346007604562,0.7821522309711286,0.3937007874015748,0.3937007874015748,0.3937007874015748,0.0,0.5538057742782152
2000,52,0,26,MCMC,all,568,0.284,0.04580480634458768,0.1706938524858051,0.5391136910324643,2.1284022308575565,0.8655339805825242,1.8024030628107255,0.0,0.33406100346020756,0.86,0.927,0.98,0.7705285877165003,0.019475309555818554
2000,52,0,26,MCMC,active,568,0.284,0.04580480634458768,0.1706938524858051,0.5391136910324643,2.1284022308575565,0.6674757281553398,0.8990616278802813,0.5514563106796116,0.9169645816072907,0.5264084507042254,0.7429577464788732,0.9295774647887324,1.0551191721705646,0.3924884932233159
2000,52,0,26,MLE_plugin,all,568,0.284,0.04580480634458768,0.1706938524858051,0.5391136910324643,2.1284022308575565,0.874757281553398,1.7888859973483764,0.0,0.338112140625,0.867,0.93,0.98,0.7746420322285007,0.012371428864633605
2000,52,0,26,MLE_plugin,active,568,0.284,0.04580480634458768,0.1706938524858051,0.5391136910324643,2.1284022308575565,0.6398058252427185,0.879723090306725,0.5514563106796116,0.8991189920774647,0.551056338028169,0.7535211267605634,0.9295774647887324,1.0438098489810737,0.3797758492611566
2000,52,0,26,MLE_boot,all,568,0.284,0.04580480634458768,0.1706938524858051,0.5391136910324643,2.1284022308575565,0.8718446601941747,1.7801706228639103,0.0,0.33559944138353226,0.868,0.9275,0.982,0.7734339780375407,0.01525648744083219
2000,52,0,26,MLE_boot,active,568,0.284,0.04580480634458768,0.1706938524858051,0.5391136910324643,2.1284022308575565,0.6446601941747573,0.8780478608815583,0.5514563106796116,0.8993527423725086,0.551056338028169,0.7447183098591549,0.9366197183098591,1.0484353101393031,0.38763737951269706
2000,52,0,26,heuristic,all,568,0.284,0.04580480634458768,0.1706938524858051,0.5391136910324643,2.1284022308575565,1.2029126213592234,2.0137148758186725,0.0,0.6195,0.549,0.549,0.549,0.0,0.321
2000,52,0,26,heuristic,active,568,0.284,0.04580480634458768,0.1706938524858051,0.5391136910324643,2.1284022308575565,0.5310679611650486,0.7451201728676573,0.5514563106796116,0.9630281690140845,0.34507042253521125,0.34507042253521125,0.34507042253521125,0.0,0.45598591549295775
2000,52,0,52,MCMC,all,750,0.375,0.04580480634458768,0.1706938524858051,0.5391136910324643,2.1284022308575565,0.7555951169888098,1.4535650419664725,0.0,0.5535075908304498,0.805,0.918,0.9825,1.250895332140264,0.03004477602770461
2000,52,0,52,MCMC,active,750,0.375,0.04580480634458768,0.1706938524858051,0.5391136910324643,2.1284022308575565,0.6230925737538149,0.83747380681083,0.38148524923702953,1.1992504498269896,0.556,0.7826666666666666,0.9533333333333334,1.6554409874553928,0.2794937333356947
2000,52,0,52,MLE_plugin,all,750,0.375,0.04580480634458768,0.1706938524858051,0.5391136910324643,2.1284022308575565,0.7662767039674466,1.4343935556666911,0.0,0.56180634375,0.805,0.9125,0.9795,1.2513359727504567,0.018631751934873236
2000,52,0,52,MLE_plugin,active,750,0.375,0.04580480634458768,0.1706938524858051,0.5391136910324643,2.1284022308575565,0.6052899287894201,0.8117661899249472,0.38148524923702953,1.1772960499999998,0.584,0.772,0.9453333333333334,1.630781969441361,0.25384108923411297
2000,52,0,52,MLE_boot,all,750,0.375,0.04580480634458768,0.1706938524858051,0.5391136910324643,2.1284022308575565,0.7601729399796541,1.4340327700090527,0.0,0.557542661463116,0.806,0.913,0.9815,1.2544316305142702,0.021316387859075636
2000,52,0,52,MLE_boot,active,750,0.375,0.04580480634458768,0.1706938524858051,0.5391136910324643,2.1284022308575565,0.6088504577822992,0.8175422628057365,0.38148524923702953,1.1787471941638608,0.576,0.7733333333333333,0.9506666666666667,1.6443151410244796,0.2629866955588354
2000,52,0,52,heuristic,all,750,0.375,0.04580480634458768,0.1706938524858051,0.5391136910324643,2.1284022308575565,1.0005086469989828,1.689290122626207,0.0,0.9835,0.5025,0.5025,0.5025,0.0,0.318
2000,52,0,52,heuristic,active,750,0.375,0.04580480634458768,0.1706938524858051,0.5391136910324643,2.1284022308575565,0.6205493387589014,0.8048042930606121,0.38148524923702953,1.6266666666666667,0.18533333333333332,0.18533333333333332,0.18533333333333332,0.0,0.4773333333333334
2000,52,1,13,MCMC,all,95,0.0475,0.1916910101689534,0.169839790909352,1.8988948515343693,0.9364771747579483,0.535181236673774,3.285934969599668,0.0,0.0926441133217993,0.976,0.99,0.9965,0.24691449949058894,0.025367094706610277
2000,52,1,13,MCMC,active,95,0.0475,0.1916910101689534,0.169839790909352,1.8988948515343693,0.9364771747579483,0.45735607675906187,0.6786072294282455,0.4051172707889126,1.626513021307594,0.5684210526315789,0.8105263157894737,0.9263157894736842,2.7714829350489243,0.20182861446900713
2000,52,1,13,MLE_plugin,all,95,0.0475,0.1916910101689534,0.169839790909352,1.8988948515343693,0.9364771747579483,0.5458422174840085,3.307997726660085,0.0,0.092438465625,0.9775,0.9895,0.996,0.2467132362575825,0.02488720273385059
2000,52,1,13,MLE_plugin,active,95,0.0475,0.1916910101689534,0.169839790909352,1.8988948515343693,0.9364771747579483,0.4541577825159915,0.6742174864899594,0.2025586353944563,1.6090268421052636,0.6,0.8,0.9157894736842105,2.764049965029175,0.19878768659753487
2000,52,1,13,MLE_boot,all,95,0.0475,0.1916910101689534,0.169839790909352,1.8988948515343693,0.9364771747579483,0.5511727078891259,3.341839142302326,0.0,0.09370938233343534,0.976,0.9885,0.996,0.24484899350034167,0.024371250765830632
2000,52,1,13,MLE_boot,active,95,0.0475,0.1916910101689534,0.169839790909352,1.8988948515343693,0.9364771747579483,0.464818763326226,0.6848632659484558,0.4051172707889126,1.6459610727154588,0.5684210526315789,0.7789473684210526,0.9157894736842105,2.777511577903926,0.20677718687170593
2000,52,1,13,heuristic,all,95,0.0475,0.1916910101689534,0.169839790909352,1.8988948515343693,0.9364771747579483,2.2921108742004264,7.095441387465501,0.0,0.5375,0.7645,0.7645,0.7645,0.0,0.22
2000,52,1,13,heuristic,active,95,0.0475,0.1916910101689534,0.169839790909352,1.8988948515343693,0.9364771747579483,0.4349680170575693,0.7371048698670486,0.2025586353944563,2.1473684210526316,0.2631578947368421,0.2631578947368421,0.2631578947368421,0.0,0.4105263157894737
2000,52,1,26,MCMC,all,107,0.0535,0.1916910101689534,0.169839790909352,1.8988948515343693,0.9364771747579483,0.5107223476297968,3.2523469842235553,0.0,0.1731363148788927,0.9725,0.985,0.993,0.4339638272736386,0.02589442240069245
2000,52,1,26,MCMC,active,107,0.0535,0.1916910101689534,0.169839790909352,1.8988948515343693,0.9364771747579483,0.4441309255079006,0.7214708367325975,0.24153498871331827,2.763487452705106,0.5420560747663551,0.7383177570093458,0.8691588785046729,4.699572777148897,0.22759159641422377
2000,52,1,26,MLE_plugin,all,107,0.0535,0.1916910101689534,0.169839790909352,1.8988948515343693,0.9364771747579483,0.5344243792325056,3.2724565337772207,0.0,0.17414036562500002,0.9725,0.986,0.9925,0.43626948129357074,0.025309128075804654
2000,52,1,26,MLE_plugin,active,107,0.0535,0.1916910101689534,0.169839790909352,1.8988948515343693,0.9364771747579483,0.455981941309255,0.7179908822972244,0.24153498871331827,2.757859988317757,0.5514018691588785,0.7570093457943925,0.8598130841121495,4.716052539964262,0.22187216956701128
2000,52,1,26,MLE_boot,all,107,0.0535,0.1916910101689534,0.169839790909352,1.8988948515343693,0.9364771747579483,0.5163656884875847,3.2305353908265717,0.0,0.17309386797265586,0.9715,0.987,0.9925,0.4338527799865479,0.02677752189455515
2000,52,1,26,MLE_boot,active,107,0.0535,0.1916910101689534,0.169839790909352,1.8988948515343693,0.9364771747579483,0.4413092550790067,0.7087236299426964,0.24153498871331827,2.7573834374138824,0.5327102803738317,0.7850467289719626,0.8598130841121495,4.735536541035024,0.21631902681042636
2000,52,1,26,heuristic,all,107,0.0535,0.1916910101689534,0.169839790909352,1.8988948515343693,0.9364771747579483,2.5959367945823923,7.463560976139171,0.0,1.15,0.633,0.633,0.633,0.0,0.346
2000,52,1,26,heuristic,active,107,0.0535,0.1916910101689534,0.169839790909352,1.8988948515343693,0.9364771747579483,0.49887133182844234,0.8308163133485625,0.3623024830699774,4.130841121495327,0.12149532710280374,0.12149532710280374,0.12149532710280374,0.0,0.48598130841121495
2000,52,1,52,MCMC,all,118,0.059,0.1916910101689534,0.169839790909352,1.8988948515343693,0.9364771747579483,0.6499665998663994,4.081873495009766,0.0,0.33094892301038054,0.9675,0.982,0.991,0.7872514959615917,0.026656477683953572
2000,52,1,52,MCMC,active,118,0.059,0.1916910101689534,0.169839790909352,1.8988948515343693,0.9364771747579483,0.5891783567134268,0.9666640331510595,0.3152972611890447,4.953837091666177,0.5,0.711864406779661,0.847457627118644,8.39790133232899,0.26837844706720937
2000,52,1,52,MLE_plugin,all,118,0.059,0.1916910101689534,0.169839790909352,1.8988948515343693,0.9364771747579483,0.6482965931863727,3.9240537541344347,0.0,0.330797109375,0.9635,0.983,0.9925,0.7916729354857217,0.025944369566797576
2000,52,1,52,MLE_plugin,active,118,0.059,0.1916910101689534,0.169839790909352,1.8988948515343693,0.9364771747579483,0.5791583166332666,0.9218298915641624,0.3152972611890447,4.90160815677966,0.4576271186440678,0.7288135593220338,0.8728813559322034,8.402289622932818,0.24518953595927317
2000,52,1,52,MLE_boot,all,118,0.059,0.1916910101689534,0.169839790909352,1.8988948515343693,0.9364771747579483,0.6329325317301269,3.864873191415119,0.0,0.3284096074380165,0.9665,0.9815,0.9905,0.7866799839815881,0.026454448082692678
2000,52,1,52,MLE_boot,active,118,0.059,0.1916910101689534,0.169839790909352,1.8988948515343693,0.9364771747579483,0.5668002672010688,0.9099943478728072,0.33500334001336,4.896581916580633,0.4915254237288136,0.711864406779661,0.8389830508474576,8.417685969485836,0.27915489499198287
2000,52,1,52,heuristic,all,118,0.059,0.1916910101689534,0.169839790909352,1.8988948515343693,0.9364771747579483,2.963259853039412,9.38965618346781,0.0,2.218,0.63,0.63,0.63,0.0,0.3475
2000,52,1,52,heuristic,active,118,0.059,0.1916910101689534,0.169839790909352,1.8988948515343693,0.9364771747579483,0.687374749498998,1.3110348486014751,0.3152972611890447,8.720338983050848,0.07627118644067797,0.07627118644067797,0.07627118644067797,0.0,0.5423728813559322
