dataset,cal_weeks,N,method,mean_xstar,CRPS,pit_ks,cov95,nMAE
CDNow,26,2357,MCMC,0.30080610946117947,0.23026831777683493,0.0205465977867495,0.9783623249893934,0.9421720733427361
CDNow,26,2357,MLE,0.30080610946117947,0.22972285479422996,0.021605638776090563,0.9817564700890963,0.9365303244005643
CDNow,34,2357,MCMC,0.3075943996605855,0.2189046351294018,0.021867978555685563,0.9775137887144676,0.8862068965517241
CDNow,34,2357,MLE,0.3075943996605855,0.21966200148493845,0.024961852345291358,0.9783623249893934,0.8910344827586207
CDNow,42,2357,MCMC,0.30080610946117947,0.20432627280441235,0.033432366720128504,0.9779380568519305,0.8660084626234134
CDNow,42,2357,MLE,0.30080610946117947,0.20352568678404753,0.026188795361937522,0.9843020789138736,0.8624823695345557
CDNow,50,2357,MCMC,0.2634705133644463,0.18533343232923208,0.018988468824532534,0.9800593975392448,0.9114331723027376
CDNow,50,2357,MLE,0.2634705133644463,0.18500597952906236,0.020599200354994962,0.9821807382265592,0.9178743961352657
CDNow,58,2357,MCMC,0.26728892660161224,0.18636435086974967,0.028184463107020497,0.9749681798896903,0.8904761904761903
CDNow,58,2357,MLE,0.26728892660161224,0.18535115347899872,0.02002588906841951,0.9758167161646161,0.9039682539682539
Grocery,40,1525,MCMC,0.7075409836065574,0.32352952459016393,0.041334500234853855,0.9875409836065574,0.6061167747914736
Grocery,40,1525,MLE,0.7075409836065574,0.32169094262295084,0.04052275423040286,0.9881967213114754,0.6000926784059314
Grocery,55,1525,MCMC,0.6557377049180327,0.28476345901639344,0.023749665499714245,0.9790163934426229,0.5805
Grocery,55,1525,MLE,0.6557377049180327,0.28421467622950813,0.02779453396904763,0.9842622950819672,0.5790000000000001
Grocery,70,1525,MCMC,0.5167213114754098,0.22261026229508193,0.05576763464181356,0.9895081967213115,0.552030456852792
Grocery,70,1525,MLE,0.5167213114754098,0.22374805737704917,0.056073325278788055,0.9908196721311475,0.550761421319797
Grocery,85,1525,MCMC,0.5311475409836065,0.23413372131147536,0.021895613210277998,0.9842622950819672,0.5728395061728396
Grocery,85,1525,MLE,0.5311475409836065,0.2329930204918033,0.024225270668204346,0.9836065573770492,0.5753086419753087
