dataset,seed,k_hat,metric,PNBD,GGG
Dunnhumby,0,1.536075696874882,timing_MdAE,0.6520481224198041,0.6391249595262176
Dunnhumby,0,1.536075696874882,timing_CRPS,6.191821835229928,8.067443531790023
Dunnhumby,1,1.527186999518467,timing_MdAE,0.6206685055463246,0.6452819343295131
Dunnhumby,1,1.527186999518467,timing_CRPS,6.109018528197662,7.885193701337191
Dunnhumby,2,1.5375673793856854,timing_MdAE,0.6269853429852852,0.6287978144861649
Dunnhumby,2,1.5375673793856854,timing_CRPS,5.996196559533169,8.142960437031748
Dunnhumby,3,1.5190535870208424,timing_MdAE,0.6465796300281902,0.6367822044062004
Dunnhumby,3,1.5190535870208424,timing_CRPS,6.135751443533109,7.811642104253508
Dunnhumby,4,1.586378193497286,timing_MdAE,0.6439892848604262,0.6507218853689181
Dunnhumby,4,1.586378193497286,timing_CRPS,6.1099558185271485,8.390045935831049
Dunnhumby,5,1.563237605761864,timing_MdAE,0.6265020972815436,0.6416062337743639
Dunnhumby,5,1.563237605761864,timing_CRPS,6.15685466654375,8.335744978292006
OnlineRetailII,0,1.6892489520139968,timing_MdAE,5.808966633444662,5.37936369228426
OnlineRetailII,0,1.6892489520139968,timing_CRPS,8.624784264655945,9.130358302485805
OnlineRetailII,1,1.6575355255705726,timing_MdAE,5.984406747716785,5.971804897566719
OnlineRetailII,1,1.6575355255705726,timing_CRPS,8.405878057409774,9.619500361807113
OnlineRetailII,2,1.627116206185232,timing_MdAE,6.1776316374743985,5.8363301964724235
OnlineRetailII,2,1.627116206185232,timing_CRPS,8.579401558884692,8.99018521322488
OnlineRetailII,3,1.7429860302416966,timing_MdAE,5.4147063905662645,5.244196293962423
OnlineRetailII,3,1.7429860302416966,timing_CRPS,8.11540863923251,8.27163646022944
OnlineRetailII,4,1.6294543484586876,timing_MdAE,5.640464701221699,5.407920089561281
OnlineRetailII,4,1.6294543484586876,timing_CRPS,8.35496710438254,8.770800665184467
OnlineRetailII,5,1.6223546258429336,timing_MdAE,5.78937414606971,5.542145822027766
OnlineRetailII,5,1.6223546258429336,timing_CRPS,8.568849361566038,8.654542306673845
Ta-Feng,0,1.4871302044856096,timing_MdAE,3.7860594031766333,9.887583420219421
Ta-Feng,0,1.4871302044856096,timing_CRPS,13.772692222682945,26.69012554750908
Ta-Feng,1,1.539121174581867,timing_MdAE,2.80461582355293,4.454841992984759
Ta-Feng,1,1.539121174581867,timing_CRPS,9.024571361598012,20.771898389557578
Ta-Feng,2,1.5698791944274213,timing_MdAE,3.264522358764294,6.93496107043079
Ta-Feng,2,1.5698791944274213,timing_CRPS,10.86476536424875,25.33856721541169
Ta-Feng,3,1.565834147194472,timing_MdAE,2.3911908646432685,5.613782505739757
Ta-Feng,3,1.565834147194472,timing_CRPS,6.387909263370902,24.838302980783666
Ta-Feng,4,1.5373152620927508,timing_MdAE,2.6402415890572324,4.70002668994829
Ta-Feng,4,1.5373152620927508,timing_CRPS,6.666095185625422,22.443754998102918
Ta-Feng,5,1.5604843821461396,timing_MdAE,3.7975133583933807,92.14285714285714
Ta-Feng,5,1.5604843821461396,timing_CRPS,12.559652781880262,29.458379726175018
