dataset,seed,method,frac,hit_rate,captured
Simulated,0,BTYD,0.1,0.7111111111111111,0.8543956043956044
Simulated,0,BTYD,0.2,0.6777777777777778,0.9390243902439024
Simulated,0,heuristic,0.1,0.6666666666666666,0.8131868131868132
Simulated,0,heuristic,0.2,0.5333333333333333,0.8439024390243902
Simulated,0,PoissonGBM,0.1,0.6888888888888889,0.8269230769230769
Simulated,0,PoissonGBM,0.2,0.6888888888888889,0.9146341463414634
Simulated,1,BTYD,0.1,0.6888888888888889,0.896875
Simulated,1,BTYD,0.2,0.5777777777777777,0.8788732394366198
Simulated,1,heuristic,0.1,0.4888888888888889,0.70625
Simulated,1,heuristic,0.2,0.5222222222222223,0.8591549295774648
Simulated,1,PoissonGBM,0.1,0.5777777777777777,0.790625
Simulated,1,PoissonGBM,0.2,0.6,0.895774647887324
Simulated,2,BTYD,0.1,0.7777777777777778,0.9124087591240876
Simulated,2,BTYD,0.2,0.8111111111111111,0.9524793388429752
Simulated,2,heuristic,0.1,0.6222222222222222,0.8077858880778589
Simulated,2,heuristic,0.2,0.6,0.871900826446281
Simulated,2,PoissonGBM,0.1,0.7111111111111111,0.8856447688564477
Simulated,2,PoissonGBM,0.2,0.7777777777777778,0.9359504132231405
Simulated,3,BTYD,0.1,0.6444444444444445,0.7794117647058824
Simulated,3,BTYD,0.2,0.6777777777777778,0.8734939759036144
Simulated,3,heuristic,0.1,0.4666666666666667,0.5992647058823529
Simulated,3,heuristic,0.2,0.5,0.75
Simulated,3,PoissonGBM,0.1,0.5777777777777777,0.7095588235294118
Simulated,3,PoissonGBM,0.2,0.6888888888888889,0.8795180722891566
Simulated,4,BTYD,0.1,0.7111111111111111,0.873972602739726
Simulated,4,BTYD,0.2,0.6444444444444445,0.9322033898305084
Simulated,4,heuristic,0.1,0.5777777777777777,0.7753424657534247
Simulated,4,heuristic,0.2,0.5,0.8426150121065376
Simulated,4,PoissonGBM,0.1,0.6888888888888889,0.8356164383561644
Simulated,4,PoissonGBM,0.2,0.6,0.8861985472154964
Simulated,5,BTYD,0.1,0.6444444444444445,0.8390804597701149
Simulated,5,BTYD,0.2,0.6888888888888889,0.9020100502512562
Simulated,5,heuristic,0.1,0.4888888888888889,0.7298850574712644
Simulated,5,heuristic,0.2,0.5222222222222223,0.8341708542713567
Simulated,5,PoissonGBM,0.1,0.6222222222222222,0.8275862068965517
Simulated,5,PoissonGBM,0.2,0.6444444444444445,0.8517587939698492
Simulated,6,BTYD,0.1,0.7777777777777778,0.919047619047619
Simulated,6,BTYD,0.2,0.7444444444444445,0.9381443298969072
Simulated,6,heuristic,0.1,0.7333333333333333,0.861904761904762
Simulated,6,heuristic,0.2,0.6444444444444445,0.8845360824742268
Simulated,6,PoissonGBM,0.1,0.7555555555555555,0.9047619047619048
Simulated,6,PoissonGBM,0.2,0.7333333333333333,0.931958762886598
Simulated,7,BTYD,0.1,0.6444444444444445,0.8488745980707395
Simulated,7,BTYD,0.2,0.7333333333333333,0.9357541899441341
Simulated,7,heuristic,0.1,0.5111111111111111,0.7234726688102894
Simulated,7,heuristic,0.2,0.45555555555555555,0.7932960893854749
Simulated,7,PoissonGBM,0.1,0.6666666666666666,0.842443729903537
Simulated,7,PoissonGBM,0.2,0.6555555555555556,0.88268156424581
CDNow,0,BTYD,0.1,0.4507042253521127,0.6566666666666666
CDNow,0,BTYD,0.2,0.48936170212765956,0.6794871794871795
CDNow,0,heuristic,0.1,0.4225352112676056,0.6266666666666667
CDNow,0,heuristic,0.2,0.475177304964539,0.6871794871794872
CDNow,0,PoissonGBM,0.1,0.4225352112676056,0.6166666666666667
CDNow,0,PoissonGBM,0.2,0.4397163120567376,0.6461538461538462
CDNow,1,BTYD,0.1,0.5492957746478874,0.7568493150684932
CDNow,1,BTYD,0.2,0.5106382978723404,0.7112299465240641
CDNow,1,heuristic,0.1,0.5352112676056338,0.7191780821917808
CDNow,1,heuristic,0.2,0.5319148936170213,0.7406417112299465
CDNow,1,PoissonGBM,0.1,0.5211267605633803,0.6952054794520548
CDNow,1,PoissonGBM,0.2,0.48226950354609927,0.6925133689839572
CDNow,2,BTYD,0.1,0.5070422535211268,0.7012578616352201
CDNow,2,BTYD,0.2,0.49645390070921985,0.6888888888888889
CDNow,2,heuristic,0.1,0.4507042253521127,0.6446540880503144
CDNow,2,heuristic,0.2,0.49645390070921985,0.6790123456790124
CDNow,2,PoissonGBM,0.1,0.39436619718309857,0.6132075471698113
CDNow,2,PoissonGBM,0.2,0.5035460992907801,0.7135802469135802
CDNow,3,BTYD,0.1,0.4507042253521127,0.6055776892430279
CDNow,3,BTYD,0.2,0.48226950354609927,0.6291793313069909
CDNow,3,heuristic,0.1,0.43661971830985913,0.5617529880478087
CDNow,3,heuristic,0.2,0.46099290780141844,0.6109422492401215
CDNow,3,PoissonGBM,0.1,0.39436619718309857,0.5896414342629482
CDNow,3,PoissonGBM,0.2,0.45390070921985815,0.6170212765957447
CDNow,4,BTYD,0.1,0.5492957746478874,0.7610062893081762
CDNow,4,BTYD,0.2,0.5390070921985816,0.751219512195122
CDNow,4,heuristic,0.1,0.5070422535211268,0.7389937106918238
CDNow,4,heuristic,0.2,0.524822695035461,0.7292682926829268
CDNow,4,PoissonGBM,0.1,0.4647887323943662,0.660377358490566
CDNow,4,PoissonGBM,0.2,0.48936170212765956,0.7219512195121951
CDNow,5,BTYD,0.1,0.5211267605633803,0.7006578947368421
CDNow,5,BTYD,0.2,0.5177304964539007,0.7106598984771574
CDNow,5,heuristic,0.1,0.4225352112676056,0.631578947368421
CDNow,5,heuristic,0.2,0.5035460992907801,0.7131979695431472
CDNow,5,PoissonGBM,0.1,0.4225352112676056,0.6348684210526315
CDNow,5,PoissonGBM,0.2,0.524822695035461,0.6954314720812182
CDNow,6,BTYD,0.1,0.5070422535211268,0.6925675675675675
CDNow,6,BTYD,0.2,0.48936170212765956,0.7085561497326203
CDNow,6,heuristic,0.1,0.49295774647887325,0.6621621621621622
CDNow,6,heuristic,0.2,0.5106382978723404,0.7406417112299465
CDNow,6,PoissonGBM,0.1,0.4647887323943662,0.668918918918919
CDNow,6,PoissonGBM,0.2,0.46808510638297873,0.6898395721925134
CDNow,7,BTYD,0.1,0.36619718309859156,0.5726495726495726
CDNow,7,BTYD,0.2,0.45390070921985815,0.5849673202614379
CDNow,7,heuristic,0.1,0.38028169014084506,0.5769230769230769
CDNow,7,heuristic,0.2,0.48226950354609927,0.6045751633986928
CDNow,7,PoissonGBM,0.1,0.3380281690140845,0.5470085470085471
CDNow,7,PoissonGBM,0.2,0.45390070921985815,0.5947712418300654
Grocery,0,BTYD,0.1,0.6739130434782609,0.8605769230769231
Grocery,0,BTYD,0.2,0.7391304347826086,0.8849557522123894
Grocery,0,heuristic,0.1,0.5869565217391305,0.75
Grocery,0,heuristic,0.2,0.6195652173913043,0.7858407079646018
Grocery,0,PoissonGBM,0.1,0.6521739130434783,0.84375
Grocery,0,PoissonGBM,0.2,0.6956521739130435,0.8407079646017699
Grocery,1,BTYD,0.1,0.7608695652173914,0.872
Grocery,1,BTYD,0.2,0.7065217391304348,0.883629191321499
Grocery,1,heuristic,0.1,0.6521739130434783,0.808
Grocery,1,heuristic,0.2,0.6086956521739131,0.8264299802761341
Grocery,1,PoissonGBM,0.1,0.6521739130434783,0.7973333333333333
Grocery,1,PoissonGBM,0.2,0.717391304347826,0.8796844181459567
Grocery,2,BTYD,0.1,0.717391304347826,0.8648018648018648
Grocery,2,BTYD,0.2,0.75,0.8885017421602788
Grocery,2,heuristic,0.1,0.6086956521739131,0.7668997668997669
Grocery,2,heuristic,0.2,0.6847826086956522,0.8536585365853658
Grocery,2,PoissonGBM,0.1,0.6304347826086957,0.8391608391608392
Grocery,2,PoissonGBM,0.2,0.7608695652173914,0.8850174216027874
Grocery,3,BTYD,0.1,0.717391304347826,0.8726415094339622
Grocery,3,BTYD,0.2,0.75,0.8980667838312829
Grocery,3,heuristic,0.1,0.6739130434782609,0.8183962264150944
Grocery,3,heuristic,0.2,0.5978260869565217,0.8066783831282952
Grocery,3,PoissonGBM,0.1,0.717391304347826,0.8773584905660378
Grocery,3,PoissonGBM,0.2,0.6956521739130435,0.8664323374340949
Grocery,4,BTYD,0.1,0.717391304347826,0.8636363636363636
Grocery,4,BTYD,0.2,0.75,0.8566308243727598
Grocery,4,heuristic,0.1,0.5869565217391305,0.7323232323232324
Grocery,4,heuristic,0.2,0.6521739130434783,0.7885304659498208
Grocery,4,PoissonGBM,0.1,0.5869565217391305,0.8257575757575758
Grocery,4,PoissonGBM,0.2,0.7391304347826086,0.8566308243727598
Grocery,5,BTYD,0.1,0.6521739130434783,0.8530259365994236
Grocery,5,BTYD,0.2,0.7391304347826086,0.8778947368421053
Grocery,5,heuristic,0.1,0.5,0.7089337175792507
Grocery,5,heuristic,0.2,0.6304347826086957,0.8252631578947368
Grocery,5,PoissonGBM,0.1,0.6956521739130435,0.8357348703170029
Grocery,5,PoissonGBM,0.2,0.6847826086956522,0.8526315789473684
Grocery,6,BTYD,0.1,0.6739130434782609,0.8631284916201117
Grocery,6,BTYD,0.2,0.717391304347826,0.8309278350515464
Grocery,6,heuristic,0.1,0.6086956521739131,0.7877094972067039
Grocery,6,heuristic,0.2,0.6304347826086957,0.7938144329896907
Grocery,6,PoissonGBM,0.1,0.5652173913043478,0.8212290502793296
Grocery,6,PoissonGBM,0.2,0.6956521739130435,0.8247422680412371
Grocery,7,BTYD,0.1,0.6086956521739131,0.8123076923076923
Grocery,7,BTYD,0.2,0.7391304347826086,0.8543046357615894
Grocery,7,heuristic,0.1,0.5434782608695652,0.7292307692307692
Grocery,7,heuristic,0.2,0.6195652173913043,0.7682119205298014
Grocery,7,PoissonGBM,0.1,0.6521739130434783,0.8338461538461538
Grocery,7,PoissonGBM,0.2,0.7282608695652174,0.8344370860927153
OnlineRetailII,0,BTYD,0.1,0.609375,0.8403441682600382
OnlineRetailII,0,BTYD,0.2,0.58984375,0.8208955223880597
OnlineRetailII,0,heuristic,0.1,0.59375,0.8154875717017208
OnlineRetailII,0,heuristic,0.2,0.59765625,0.820184790334044
OnlineRetailII,0,PoissonGBM,0.1,0.625,0.8087954110898662
OnlineRetailII,0,PoissonGBM,0.2,0.6171875,0.851457000710732
OnlineRetailII,1,BTYD,0.1,0.5703125,0.8396946564885496
OnlineRetailII,1,BTYD,0.2,0.58984375,0.8212765957446808
OnlineRetailII,1,heuristic,0.1,0.5390625,0.8129770992366412
OnlineRetailII,1,heuristic,0.2,0.5859375,0.8184397163120567
OnlineRetailII,1,PoissonGBM,0.1,0.5859375,0.8416030534351145
OnlineRetailII,1,PoissonGBM,0.2,0.58984375,0.825531914893617
OnlineRetailII,2,BTYD,0.1,0.5546875,0.7904540162980209
OnlineRetailII,2,BTYD,0.2,0.6015625,0.8127659574468085
OnlineRetailII,2,heuristic,0.1,0.5546875,0.7846332945285215
OnlineRetailII,2,heuristic,0.2,0.59765625,0.8093617021276596
OnlineRetailII,2,PoissonGBM,0.1,0.546875,0.7753201396973225
OnlineRetailII,2,PoissonGBM,0.2,0.6015625,0.8068085106382978
OnlineRetailII,3,BTYD,0.1,0.609375,0.8100820633059789
OnlineRetailII,3,BTYD,0.2,0.56640625,0.7927241962774958
OnlineRetailII,3,heuristic,0.1,0.5625,0.7713950762016413
OnlineRetailII,3,heuristic,0.2,0.56640625,0.7876480541455161
OnlineRetailII,3,PoissonGBM,0.1,0.578125,0.7784290738569754
OnlineRetailII,3,PoissonGBM,0.2,0.58984375,0.8104906937394247
OnlineRetailII,4,BTYD,0.1,0.6015625,0.8008429926238145
OnlineRetailII,4,BTYD,0.2,0.5859375,0.8187451587916343
OnlineRetailII,4,heuristic,0.1,0.6015625,0.8029504741833509
OnlineRetailII,4,heuristic,0.2,0.58203125,0.8109992254066615
OnlineRetailII,4,PoissonGBM,0.1,0.6171875,0.7955742887249737
OnlineRetailII,4,PoissonGBM,0.2,0.59375,0.8009295120061968
OnlineRetailII,5,BTYD,0.1,0.5703125,0.799081515499426
OnlineRetailII,5,BTYD,0.2,0.59375,0.8069594034797017
OnlineRetailII,5,heuristic,0.1,0.515625,0.7600459242250287
OnlineRetailII,5,heuristic,0.2,0.58984375,0.7986743993371996
OnlineRetailII,5,PoissonGBM,0.1,0.5546875,0.7657864523536165
OnlineRetailII,5,PoissonGBM,0.2,0.60546875,0.8251864125932062
OnlineRetailII,6,BTYD,0.1,0.6171875,0.826844262295082
OnlineRetailII,6,BTYD,0.2,0.58984375,0.8156297420333839
OnlineRetailII,6,heuristic,0.1,0.578125,0.8022540983606558
OnlineRetailII,6,heuristic,0.2,0.5859375,0.802731411229135
OnlineRetailII,6,PoissonGBM,0.1,0.6171875,0.8094262295081968
OnlineRetailII,6,PoissonGBM,0.2,0.578125,0.8163884673748103
OnlineRetailII,7,BTYD,0.1,0.640625,0.8313840155945419
OnlineRetailII,7,BTYD,0.2,0.5703125,0.8058823529411765
OnlineRetailII,7,heuristic,0.1,0.578125,0.7826510721247564
OnlineRetailII,7,heuristic,0.2,0.56640625,0.7985294117647059
OnlineRetailII,7,PoissonGBM,0.1,0.609375,0.7943469785575049
OnlineRetailII,7,PoissonGBM,0.2,0.578125,0.8227941176470588
Dunnhumby,0,BTYD,0.1,0.6666666666666666,0.8820829655781112
Dunnhumby,0,BTYD,0.2,0.68,0.8798913043478261
Dunnhumby,0,heuristic,0.1,0.6666666666666666,0.8827890556045895
Dunnhumby,0,heuristic,0.2,0.6666666666666666,0.8659782608695652
Dunnhumby,0,PoissonGBM,0.1,0.6933333333333334,0.8960282436010591
Dunnhumby,0,PoissonGBM,0.2,0.6933333333333334,0.8792391304347826
Dunnhumby,1,BTYD,0.1,0.7466666666666667,0.8937710437710438
Dunnhumby,1,BTYD,0.2,0.7133333333333334,0.8974140683196765
Dunnhumby,1,heuristic,0.1,0.7333333333333333,0.8696969696969697
Dunnhumby,1,heuristic,0.2,0.68,0.8763435138874108
Dunnhumby,1,PoissonGBM,0.1,0.7333333333333333,0.8877104377104377
Dunnhumby,1,PoissonGBM,0.2,0.6933333333333334,0.8748536767053315
Dunnhumby,2,BTYD,0.1,0.72,0.9202464202464202
Dunnhumby,2,BTYD,0.2,0.68,0.8871371893923575
Dunnhumby,2,heuristic,0.1,0.7066666666666667,0.9137529137529138
Dunnhumby,2,heuristic,0.2,0.6866666666666666,0.8904781791605764
Dunnhumby,2,PoissonGBM,0.1,0.7466666666666667,0.9224109224109224
Dunnhumby,2,PoissonGBM,0.2,0.7,0.886823971601587
Dunnhumby,3,BTYD,0.1,0.7333333333333333,0.8935130581297388
Dunnhumby,3,BTYD,0.2,0.7133333333333334,0.8941398865784499
Dunnhumby,3,heuristic,0.1,0.7066666666666667,0.8599831508003369
Dunnhumby,3,heuristic,0.2,0.6933333333333334,0.8721907162360849
Dunnhumby,3,PoissonGBM,0.1,0.7466666666666667,0.9016006739679865
Dunnhumby,3,PoissonGBM,0.2,0.7,0.887943709304768
Dunnhumby,4,BTYD,0.1,0.68,0.8827099737532809
Dunnhumby,4,BTYD,0.2,0.7266666666666667,0.8905916979600121
Dunnhumby,4,heuristic,0.1,0.6666666666666666,0.860236220472441
Dunnhumby,4,heuristic,0.2,0.7133333333333334,0.8808484725464325
Dunnhumby,4,PoissonGBM,0.1,0.68,0.8764763779527559
Dunnhumby,4,PoissonGBM,0.2,0.6933333333333334,0.8812544402719984
Dunnhumby,5,BTYD,0.1,0.7066666666666667,0.9068030524435785
Dunnhumby,5,BTYD,0.2,0.7466666666666667,0.9095431472081218
Dunnhumby,5,heuristic,0.1,0.72,0.9004708556583861
Dunnhumby,5,heuristic,0.2,0.74,0.9011167512690356
Dunnhumby,5,PoissonGBM,0.1,0.6933333333333334,0.8798506251014775
Dunnhumby,5,PoissonGBM,0.2,0.7333333333333333,0.9024365482233503
Dunnhumby,6,BTYD,0.1,0.76,0.9172880180336397
Dunnhumby,6,BTYD,0.2,0.7066666666666667,0.8973416900799654
Dunnhumby,6,heuristic,0.1,0.7733333333333333,0.9205826252817756
Dunnhumby,6,heuristic,0.2,0.7,0.8952885238815648
Dunnhumby,6,PoissonGBM,0.1,0.72,0.897520374544824
Dunnhumby,6,PoissonGBM,0.2,0.68,0.8723795115625675
Dunnhumby,7,BTYD,0.1,0.7066666666666667,0.9245030900283948
Dunnhumby,7,BTYD,0.2,0.7533333333333333,0.9121457916359422
Dunnhumby,7,heuristic,0.1,0.7066666666666667,0.9121429764489728
Dunnhumby,7,heuristic,0.2,0.7333333333333333,0.8986621721268303
Dunnhumby,7,PoissonGBM,0.1,0.72,0.9300150325705696
Dunnhumby,7,PoissonGBM,0.2,0.78,0.9231012324870957
Ta-Feng,0,BTYD,0.1,0.5198237885462555,0.766725352112676
Ta-Feng,0,BTYD,0.2,0.5399853264856933,0.7661883516218497
Ta-Feng,0,heuristic,0.1,0.5154185022026432,0.7508802816901409
Ta-Feng,0,heuristic,0.2,0.5392516507703595,0.7642590136259496
Ta-Feng,0,PoissonGBM,0.1,0.5491923641703378,0.7855633802816901
Ta-Feng,0,PoissonGBM,0.2,0.5553925165077036,0.7818642228385385
Ta-Feng,1,BTYD,0.1,0.5565345080763583,0.7864806866952789
Ta-Feng,1,BTYD,0.2,0.5429200293470287,0.7675814751286449
Ta-Feng,1,heuristic,0.1,0.540381791483113,0.7743204577968527
Ta-Feng,1,heuristic,0.2,0.5487894350696992,0.771134525851507
Ta-Feng,1,PoissonGBM,0.1,0.5756240822320118,0.801859799713877
Ta-Feng,1,PoissonGBM,0.2,0.5685986793837124,0.7955158049497673
Ta-Feng,2,BTYD,0.1,0.5007342143906021,0.7679930795847751
Ta-Feng,2,BTYD,0.2,0.5575935436537051,0.7664606608034229
Ta-Feng,2,heuristic,0.1,0.49632892804698975,0.7527681660899654
Ta-Feng,2,heuristic,0.2,0.5473220836390316,0.7623009270263846
Ta-Feng,2,PoissonGBM,0.1,0.5301027900146843,0.7861591695501731
Ta-Feng,2,PoissonGBM,0.2,0.5707997065297139,0.7846446398859045
Ta-Feng,3,BTYD,0.1,0.5330396475770925,0.7900884955752212
Ta-Feng,3,BTYD,0.2,0.5502567865003668,0.7765376683246391
Ta-Feng,3,heuristic,0.1,0.5139500734214391,0.768141592920354
Ta-Feng,3,heuristic,0.2,0.5451210564930301,0.7707145456751183
Ta-Feng,3,PoissonGBM,0.1,0.5506607929515418,0.8012389380530973
Ta-Feng,3,PoissonGBM,0.2,0.5759354365370506,0.7958267621011768
Ta-Feng,4,BTYD,0.1,0.5359765051395007,0.7850237300052734
Ta-Feng,4,BTYD,0.2,0.5737344093910491,0.7821686746987951
Ta-Feng,4,heuristic,0.1,0.5330396475770925,0.7765863947969767
Ta-Feng,4,heuristic,0.2,0.5685986793837124,0.7771084337349398
Ta-Feng,4,PoissonGBM,0.1,0.5638766519823789,0.8029530673229038
Ta-Feng,4,PoissonGBM,0.2,0.5979457079970653,0.8075903614457831
Ta-Feng,5,BTYD,0.1,0.5198237885462555,0.773172033446006
Ta-Feng,5,BTYD,0.2,0.541452677916361,0.7704440669740354
Ta-Feng,5,heuristic,0.1,0.5080763582966226,0.7544920832592066
Ta-Feng,5,heuristic,0.2,0.5275128393250184,0.7562484833778209
Ta-Feng,5,PoissonGBM,0.1,0.5521292217327459,0.7923856964952856
Ta-Feng,5,PoissonGBM,0.2,0.5612619222303742,0.7859742780878427
Ta-Feng,6,BTYD,0.1,0.540381791483113,0.783571677711894
Ta-Feng,6,BTYD,0.2,0.5524578136463683,0.7860403652090341
Ta-Feng,6,heuristic,0.1,0.5212922173274597,0.7607254970352285
Ta-Feng,6,heuristic,0.2,0.5502567865003668,0.7800336376741951
Ta-Feng,6,PoissonGBM,0.1,0.5506607929515418,0.7905476107429369
Ta-Feng,6,PoissonGBM,0.2,0.5685986793837124,0.800336376741951
Ta-Feng,7,BTYD,0.1,0.5374449339207048,0.7738746690203001
Ta-Feng,7,BTYD,0.2,0.5429200293470287,0.7631769825918762
Ta-Feng,7,heuristic,0.1,0.5198237885462555,0.7516328331862312
Ta-Feng,7,heuristic,0.2,0.541452677916361,0.7624516441005803
Ta-Feng,7,PoissonGBM,0.1,0.5462555066079295,0.7851721094439541
Ta-Feng,7,PoissonGBM,0.2,0.5685986793837124,0.7902562862669246
